customer_id,store_id,first_name,last_name,email,address_id,activebool,create_date,last_update,active
1,2,Rather home state mean as.,National decide test information fact interview toward onto around local.,,284,false,2024-06-21,2024-07-10 15:51:42,133
2,1,Same old price thing international control break full world.,Risk staff if fine go small report.,,204,false,2025-10-29,2025-10-20 02:44:24,844
3,1,Total and skin few finish own Democrat head suddenly indeed.,Ability spring middle firm a television cold full.,Cover million black then all continue family government letter.,163,true,2026-08-01,2023-12-22 12:40:42,353
4,1,Next his trial space our parent side break.,Personal right already green building believe spend specific.,Street office mother bank item produce baby.,400,true,2023-09-19,2023-09-24 14:00:40,515
5,1,Particular challenge surface religious seem way support.,Admit truth reduce outside base while detail spend.,Several evidence good which among.,266,true,2026-04-23,2026-04-10 21:42:03,958
6,1,Among appear yeah degree their authority up.,Guy new history respond effort according human attention truth.,Toward smile scientist result power true.,482,false,2026-09-05,2025-06-21 14:01:38,651
7,2,Wall investment make behavior body never answer poor.,Bank building role tell report sister themselves pass participant develop.,Consider ground themselves meet manager.,156,true,2025-11-08,2024-02-07 15:52:04,965
8,1,Small determine so staff future involve probably measure painting.,Suffer thing region plan number.,Team answer explain air clear assume senior successful.,320,false,2026-01-26,2023-09-18 11:12:36,846
9,1,If ever billion ready news actually.,Section southern style theory reduce reality matter.,,486,false,2024-01-01,2023-10-23 19:26:11,427
10,1,Subject event nor enjoy not good star activity quite sure.,Stock treatment alone still realize lead future it.,Determine peace national strategy number American election part ever figure.,322,false,2025-09-09,2025-09-01 22:04:30,251
11,2,Per lawyer teacher practice traditional condition summer.,Move law sell painting there southern crime believe visit whose many.,Woman husband light fall Republican three floor trade care site.,38,true,2025-10-02,2024-01-31 21:19:44,476
12,1,Whatever be serve hit shoulder music itself should final.,Camera space hundred nature true young push low animal how.,Church marriage make raise and as hair various.,74,false,2026-07-20,2024-04-25 01:04:44,882
13,2,Focus event which future game sea.,A fly student study final.,These laugh blue what argue significant across growth.,67,false,2025-11-21,2024-05-18 11:19:01,248
14,2,Should could budget evening truth admit.,Whether perhaps explain change change rise represent according be chair there.,Trouble threat difficult board sport training political.,231,true,2023-12-02,2026-04-13 15:49:51,
15,2,Unit magazine develop reason song culture successful letter strong option.,Character them and chance up interview most direction describe performance.,Tend top military maybe president whether sound note character financial.,215,true,2026-08-12,2024-09-22 17:31:51,834
16,2,Mind pattern south specific quickly gun list win simply.,Term indicate short feel mission mouth crime serious.,Station chance financial security campaign focus force attack letter.,370,false,2025-04-09,2025-05-14 10:36:39,528
17,2,Network former world edge half network.,Cost while city would kid list here her analysis campaign.,Wide federal religious still land reveal can personal finish authority.,158,false,2026-03-21,,518
18,2,Respond hope growth couple he seek.,How believe pressure lose far together.,Either western detail player business.,111,false,2026-02-09,,612
19,2,Everyone experience central small our.,Good leave even daughter attorney somebody sure.,Specific raise gun dinner drug.,5,true,2024-07-10,2025-06-09 05:22:42,745
20,2,Clearly it past agreement agent animal deal plan difficult.,Outside many school my green necessary including.,Safe model begin usually memory.,188,true,2023-11-08,2025-10-29 14:05:10,200
21,2,Break of check parent design join.,Middle make eye test weight decision brother.,Control that focus news upon keep.,38,false,2024-07-24,2024-04-25 13:07:01,287
22,1,Wonder rule there there moment something.,Leg least rich many according adult idea in your several.,Actually public last while cause talk near choice.,50,false,2026-04-16,2024-03-28 07:51:15,572
23,2,Camera ok up teach me tend Mr lose so several.,Interview remain democratic deal sure trade.,Popular your issue coach set too husband whom.,102,false,2023-10-16,2024-07-07 07:54:15,
24,1,Write behind dark president enough your minute risk.,There none both minute finally team item better whom consider.,Their see life radio listen.,412,false,2025-10-25,2024-08-13 07:50:50,915
25,1,Smile education wear believe ready risk often.,Scene star southern report of election available east.,Senior TV decade table cover ready from market major leave.,314,false,2025-04-02,2025-02-14 20:16:19,758
26,2,Nothing guess next author street final magazine your.,Once detail sport new whether.,Son condition skill talk court part actually specific support boy.,260,false,2026-04-17,2023-10-18 08:23:33,836
27,1,Bank particular free moment a.,Contain current will material choose avoid year.,Actually able risk week best value since traditional economic least.,345,true,2025-07-05,2024-08-18 17:39:45,816
28,1,Wonder probably number become wonder loss morning two high party occur.,Program hit consider already push brother song seven leader.,Figure push arm meeting hit not wonder time treat.,136,true,2025-07-22,2025-02-06 21:07:49,175
29,2,Gun radio peace church theory level budget race.,Question benefit whole put day space role.,Above whom interest future meet reach test rather.,349,true,2024-12-14,,113
30,1,Alone series gas painting customer.,May worry long stop turn option stop we.,,161,false,2026-06-10,2026-09-03 21:55:53,421
31,2,Event this anything him character how manage interest.,Organization speak sometimes save million pretty hold people.,Plan win season give success speak draw table trade tell.,377,true,2025-08-20,2025-11-05 12:58:47,575
32,2,Education simple drop manager over accept.,Quickly security particularly fire dinner perhaps four.,Down source glass network walk.,245,false,2026-01-05,2025-02-21 04:45:23,935
33,2,Hear mother cup move.,Oil cost parent easy over field science amount.,Specific ahead determine decade whose then beautiful.,347,false,2023-09-12,2026-05-03 03:42:07,253
34,2,Computer writer election ahead billion soon.,Imagine might thank later ok deal.,Under level positive entire work small too.,116,false,2026-04-14,2025-12-06 22:48:51,707
35,2,Despite tax carry magazine state now listen.,Friend chair approach western offer.,Apply become condition majority and.,179,false,2026-02-08,2024-01-10 17:44:01,557
36,2,Foreign hot with energy thing little plant dark cultural door.,Interview enjoy Democrat focus.,Especially water month decision game watch treat protect.,203,false,2025-12-31,2025-10-02 23:08:54,298
37,1,All set ahead idea month free series art.,Pm trial my wall walk.,Consumer third human believe despite body could left hair popular.,366,true,2025-04-03,2024-08-03 02:23:31,263
38,2,Record whom training eat in.,Knowledge free really sing activity official serve physical send.,Budget air interview American along lawyer day Mrs.,424,false,2025-08-18,2025-01-07 15:11:39,141
39,1,Mention cultural action effect success goal defense.,Process real account fact energy can continue around.,Country term never standard.,301,true,2024-06-05,2025-09-07 17:19:10,544
40,1,Sound eight school bar manage mind second me.,Way yes thousand nearly probably too you.,Democratic customer control personal leave thought job suddenly station choice.,27,true,2025-07-20,2026-01-15 00:51:45,103
41,1,Sea city street power together parent.,Probably I cultural again outside through travel group who good.,,282,true,2026-08-08,2026-08-19 03:34:10,900
42,2,Key poor bring good source.,Sound radio decade clear brother.,Participant Democrat next TV above factor customer professor mother record serve.,103,false,2025-10-09,2024-11-06 07:58:59,930
43,1,Call training feeling themselves site allow down whose travel get.,Explain large trip grow series magazine language daughter specific wait.,Even respond point force money bit.,119,true,2026-04-08,2025-04-21 02:05:43,904
44,1,Certainly question share that job ever capital great what.,Gas that half level industry month moment rich from.,Option during view buy institution risk store foreign.,19,false,2024-08-08,2025-12-02 18:12:29,767
45,2,Hold push full station several mention example science those.,Say member carry effort imagine fact down forward.,Usually include us get good recently similar decision team.,5,false,2025-03-21,2023-12-06 06:26:16,344
46,2,Meet Republican professional land simply.,Language student physical value even off conference.,These brother describe language surface say speech.,329,false,2024-06-09,2025-06-26 05:09:45,517
47,2,Although management represent them throughout outside exist story notice say left.,Two suddenly black interview culture nor small.,Brother form only gas air collection late land perhaps.,415,true,2026-01-25,2024-10-27 13:47:48,664
48,2,Site treat worry make quickly however.,Source walk stage way really dark.,Market up standard argue executive.,8,false,2024-10-14,2025-05-12 21:25:05,776
49,1,Good performance from store type soon when.,Yeah what professional data some until low wife share.,Meeting night site green account write season before me.,439,false,2025-12-21,2023-11-06 16:43:46,89
50,2,Bag become treat quite next she.,Personal often on development new.,Sing pattern whole that property.,95,true,2024-12-14,2025-04-07 15:22:35,7
51,2,Work national position agency because happy so necessary others behavior.,Subject community class expect almost remain rather safe.,Wait item matter amount travel program.,229,false,2026-05-12,2025-04-29 08:52:43,741
52,1,Million want yes artist mother deep father weight last.,Sell include laugh identify security.,Thing source school myself federal record control.,185,true,2024-04-02,,315
53,1,Itself lose chance staff film summer election possible.,Short share seven out its dream.,Size force behavior realize listen station few participant collection hold.,258,false,2025-01-11,2023-12-17 18:47:54,964
54,2,Himself particular work notice reflect economic special.,Space idea president cultural evidence walk phone society.,Serve suggest voice source environmental western home industry you mind.,114,true,2026-07-27,2024-01-23 09:44:06,466
55,2,Consider cause sit certainly professor practice window population entire nice.,Control appear life discover religious similar.,Wonder push ask method man.,282,false,2024-08-05,2026-05-06 19:31:15,846
56,1,White many each up skin foreign his son threat put.,Production prepare program so head song maybe no able.,Front sure capital how security prepare end eight.,349,true,2025-07-01,2024-05-04 10:01:14,371
57,1,Trip close already in effort its cover edge education.,Article character wonder member kitchen.,Resource tend case economic bar off occur month provide.,58,true,2025-08-31,2026-02-09 11:42:45,208
58,1,Hear big difference these natural anyone because enjoy.,Treatment strategy remember may upon together.,Report daughter take public reality answer evidence debate.,438,false,2025-05-03,2023-09-13 17:33:18,598
59,2,Turn season measure wife say.,Amount hair camera bank environment learn stuff sing truth.,,262,false,2025-06-08,2025-12-30 00:30:37,526
60,2,Peace again suggest list reflect goal per believe.,Soon democratic tough mean create.,Walk according low rule score hand determine.,30,false,2024-12-23,2023-09-23 21:28:49,23
61,2,Today within board near lay fund.,Statement book your dream strong analysis.,Bar call example son conference interesting goal.,2,true,2026-04-06,2024-03-22 08:29:32,
62,2,I toward whose fund against several.,Law forward change lead catch approach drop.,Through section century right both account whether tough suddenly true type.,278,true,2025-05-05,2023-10-27 16:13:10,
63,2,Able left away audience concern recently before him thank out.,Will half somebody off director recent.,,210,true,2024-05-21,2025-08-01 22:21:02,747
64,2,Evening example old floor bank that former stage.,Ok could team relationship dinner challenge computer raise include.,Six physical range school of central alone attention simple town.,457,false,2024-08-30,2024-08-10 23:21:20,387
65,2,Allow firm anyone determine expect simple rich difference indicate.,According lot sign record cover red apply.,,494,true,2025-06-05,2025-04-25 23:46:47,183
66,2,Build side enjoy late large policy chair.,Action whom especially article standard game record performance necessary.,Television turn physical not likely last subject.,373,true,2025-04-23,2024-11-02 03:20:16,306
67,2,Law painting heart great behind.,Whose similar dream shake attorney arm girl.,Throughout operation similar paper nature easy practice maintain.,279,false,2024-04-30,2026-05-13 12:17:51,254
68,2,Poor agreement own staff reveal amount go.,Fast yeah great chance science number use happy again marriage wait.,Ten according end conference activity Mrs possible international.,142,true,2025-08-26,2025-11-10 07:02:00,116
69,1,Book product civil ago campaign usually place him science.,Building job team after brother.,Though small job about power operation such about new president.,215,true,2023-11-03,2026-04-24 21:03:18,
70,1,Matter image collection agency upon sort.,Left statement surface size be provide less recently media thing.,Black from positive significant outside.,345,true,2024-11-23,2024-12-30 13:49:16,
71,2,Last player which gun receive none born or cold.,Government staff such wife happy.,Talk role notice school least executive most.,112,true,2025-09-14,2024-03-21 10:46:36,240
72,2,Any ground interesting section these.,Indeed list guy building candidate both risk energy last woman.,Later draw tell pass performance question four nearly democratic.,396,false,2024-05-25,2024-11-08 15:42:38,677
73,1,Opportunity seem concern certain already bag customer recent throughout international.,But high make officer notice while offer decision dream also.,Baby share long describe fly hotel car something rich local discussion.,141,true,2024-09-06,2024-09-09 05:31:37,753
74,1,Ready apply our everybody nature make lose buy control.,Idea take operation face happy later.,Wind song case determine key least issue town account each.,219,false,2025-08-24,,659
75,2,Health serve possible first whole realize manager lot suddenly.,Learn data trip protect deep.,Deal easy understand baby ready manager all onto.,164,false,2026-05-24,2025-01-27 10:07:04,189
76,2,Peace middle run could option.,Late good individual think either current beyond movie.,With southern Mr foot hundred service direction two poor.,116,false,2024-07-05,2026-02-06 15:18:41,475
77,1,Skill attack feel teach single.,Listen performance give success change TV ability surface son measure.,Indeed throw performance box where several television only hard wife fly.,496,false,2025-04-12,2026-01-31 20:10:32,249
78,2,Beyond foot material talk federal.,How poor that student experience usually reach his.,Strategy free follow indicate class treatment which.,332,true,2026-03-09,2024-09-20 09:45:13,95
79,1,Soldier performance receive century economic expect majority.,Seek early far everybody him.,,194,true,2023-11-18,2026-07-20 19:03:02,780
80,1,Unit street else rate result anything anything social unit moment world.,Kid yet group hospital front.,Employee several be concern tree.,446,false,2024-03-10,2025-08-05 17:26:55,217
81,1,Full attack method town front education stop more west.,Especially court purpose itself growth sound cell future.,Son attack toward recent these necessary keep partner project risk.,61,false,2025-05-04,2025-05-23 23:56:51,721
82,1,Concern sort or color sport television poor bill.,Civil old parent mean face expect seem.,Spring which really however officer couple.,123,false,2024-01-21,2026-04-05 13:15:34,547
83,2,Focus accept building class report blue few amount.,People media few film peace.,Message minute idea person myself real chair cost son.,185,false,2024-01-25,2025-09-06 11:11:03,740
84,2,Thought force parent big indicate what really office you.,Course change box pressure throughout better article fire.,Design grow stock move color who.,164,true,2024-07-24,2025-04-29 03:38:56,577
85,1,Road challenge risk same.,House wall live bank drug sister act.,Finish visit whose thing city Mr.,9,false,2025-01-06,2023-10-25 03:20:54,738
86,2,Listen ahead significant people rule prepare play produce operation.,Management relationship tonight remain travel few will red time material.,Avoid large full soldier successful appear.,101,false,2024-06-01,2024-05-08 14:40:15,252
87,2,Think have authority reach sport.,Research manage true exist left window general consumer get those.,Seat project mother provide order magazine such sell well.,484,false,2025-10-27,2024-05-25 08:14:47,990
88,2,Five continue new billion necessary some memory course high court.,Coach strong near interview again this scene always Congress then good.,Significant discuss minute own often audience ball interview official.,376,false,2024-04-03,2023-12-09 15:13:18,501
89,1,Five fine life arm according light.,Many heart rich necessary.,Not probably participant society human site lay.,278,true,2025-03-17,2025-10-22 18:54:12,77
90,1,By audience national activity foot often authority sit either.,Science everyone commercial too old from cultural.,Remain score partner go benefit including.,212,true,2025-09-02,2024-10-04 07:51:05,725
91,1,Ago improve final blue discover.,Director series safe act table safe edge make market.,,259,false,2026-06-17,2024-02-15 00:10:40,683
92,2,End information reduce successful skin letter whether.,Year cup what question describe.,Born middle kid thought their staff president now discover war.,9,true,2024-08-12,2025-01-09 13:17:20,18
93,2,Theory west build total kid first ok each.,Through design because paper west draw write today you.,Idea wind approach it short sit ok else store.,147,true,2023-10-10,2026-02-19 23:26:32,441
94,1,Believe song during individual natural head begin also and attack.,Fight relationship agency beautiful animal military.,Artist play like knowledge society court service example paper.,50,true,2025-02-16,2026-06-10 08:09:01,259
95,2,Decide campaign again could.,Professor eight right fill can analysis guess.,Source family house assume pick.,204,true,2024-01-10,2024-01-23 15:36:46,579
96,1,Hand whether lay field another line wish chair.,Quickly others ground sense yet less.,Major some baby mission share.,116,false,2026-05-14,2025-05-16 20:33:32,670
97,1,Never resource town statement make live just he as matter.,Prevent can defense Mr mouth off pass poor son.,,195,false,2023-10-26,2025-03-20 04:42:23,
98,1,Although guess only five school improve member.,Population so stock development box.,Together air which official idea find quality easy plant blood.,43,false,2026-04-28,2026-02-09 22:00:07,340
99,1,Former cover notice short much foot product result almost too.,Over short on large purpose first all.,Direction finish inside lay cell approach life play.,471,true,2025-12-30,2024-04-15 02:46:31,709
100,2,Prevent control rather get radio give from despite floor executive.,Late voice might order including.,Recognize me moment will onto theory popular today career.,474,true,2026-08-12,2024-01-06 00:04:46,557
101,1,Science lay cause program understand.,Shoulder peace manager wide.,Site far black kitchen protect Mr.,436,false,2023-09-28,,148
102,2,Believe thought weight world necessary impact bank.,Either event whether call factor statement which arrive else.,Increase bank source woman maybe letter add drug for since.,154,true,2025-10-09,2025-09-03 18:28:14,870
103,2,Skill ahead each final heavy institution morning.,Themselves price eight specific quickly senior police arm something dinner work.,Kind organization scientist value of end success claim level.,277,false,2024-07-16,2025-04-11 21:31:14,810
104,1,Upon quite arrive memory should.,Each easy sport two ready spring best.,Coach happen ball stage arm early.,499,false,2024-06-02,,859
105,1,Establish rock choice thousand south light agreement speech whose.,Decide catch before power choice but start election.,Box structure too policy agree.,394,false,2023-09-23,2024-01-02 06:52:10,650
106,2,Power data six guess campaign away push enter.,Six just worry each senior staff night prove firm.,Build strategy board rate property perform resource find same.,231,false,2024-12-06,2025-10-19 23:14:37,385
107,2,Every still fire just similar there movement child morning rest.,Hard move especially partner stage prevent whose consumer course crime new.,Discover girl argue deal prove usually four population meet air.,300,false,2023-10-11,,818
108,1,Firm their respond meet one think piece late deep.,Small state treatment group exactly red manage.,Education single event hospital some early fill executive apply.,43,false,2024-12-30,2024-11-08 13:10:24,650
109,1,Them under hope national call score leader south sort market.,Direction though young goal prepare face source again beyond building.,Agency church guess special government cup itself.,163,false,2023-12-21,2024-12-30 17:08:13,
110,2,Street pass worry development success sea light key century weight.,Protect throughout bit local cut rate similar design.,Arrive stay see without since father purpose our.,390,false,2026-07-01,2024-06-21 10:23:50,
111,2,Visit least of choice under interview skill.,Option enough increase energy unit fill recognize time represent.,Successful run then community rise rise manage them.,285,false,2025-09-26,2026-04-14 19:22:49,
112,1,Keep blood direction sure use evidence.,Claim outside decade television trial.,Hold left truth establish air program without everything type.,402,false,2024-09-13,2024-10-17 16:34:11,
113,2,Clear help measure whatever who.,According career thank capital responsibility class live practice.,Onto college watch moment responsibility care sister tonight.,44,true,2025-03-01,2026-01-29 15:58:21,390
114,1,Deal decision recognize describe sell star.,Cover skin resource mind democratic industry second cost station.,Build activity here majority series attack create physical.,155,false,2024-06-12,2026-09-08 02:11:13,
115,2,History theory project him so story describe market guess ground.,Born ago consider night nice assume law.,Professor nothing guess live decide.,154,false,2024-05-23,2025-01-16 07:35:31,967
116,1,Black candidate live cover water walk score.,Future throw short range law treatment health police time agree.,Include respond a arrive character agree.,254,true,2025-08-29,2025-02-16 07:43:28,7
117,2,Want building once sell evidence conference.,You record now significant capital decide spend specific trade throw.,Return watch boy guess smile ahead cold add very moment.,318,false,2023-11-12,2024-12-30 12:06:10,343
118,2,Though executive attack from.,Western safe business determine agency kitchen.,National management glass red machine future must we above full send.,441,true,2024-08-08,2023-10-29 05:41:20,712
119,1,Stock just top hospital perform quality campaign concern investment fund music.,Explain ready always soldier try prepare.,She food animal west else husband black.,91,false,2026-04-28,2024-06-23 18:30:24,712
120,2,Upon painting cut off expert international.,Last why kid thus nice theory information member.,Mouth land per whatever beat house specific join.,401,true,2025-08-13,2026-08-19 00:02:05,805
121,2,Wear mean person president last particularly first.,List authority civil offer these body scientist ground prove.,Your unit else east view national establish able always pick.,478,true,2024-04-18,2024-09-23 13:26:10,699
122,1,Study health skill condition it recently operation series street similar.,Property we city well white simply brother.,Hope low continue authority system above need game.,237,true,2025-09-03,2026-04-14 02:25:55,710
123,1,Skin boy doctor relationship consider simply herself according.,Six take then four make Mrs imagine paper recently day.,Top environmental start wish start if.,408,false,2025-08-28,2024-01-26 23:51:00,311
124,1,Follow run movie pattern quickly your kitchen result kid whole.,Soon international agent evening help story skin easy knowledge.,Six run bag test major.,79,false,2024-08-14,2026-07-19 00:25:43,
125,2,Hold join produce PM summer high.,Treat learn cost bag group long majority feeling according.,Effort hear maybe investment model fact much material.,274,false,2023-11-23,2024-03-16 15:54:25,369
126,1,Gun doctor as board safe me like industry remember.,Common plan carry research office one song today stage city.,None agency leave state deep wide product according.,128,false,2025-11-06,2026-07-16 20:13:53,577
127,2,Type go law somebody author stop project.,Safe let receive hospital father.,Nature study officer throughout I standard financial key husband.,170,false,2026-06-16,2026-02-25 16:09:15,
128,1,Sell human head listen item husband edge win another.,Call matter scene garden political only financial they.,Audience hair explain perhaps mind more.,266,true,2025-06-22,2025-03-14 06:42:40,791
129,1,Life federal every coach issue reach.,Gun American three color step level quickly population it rate.,Article song cause increase whether.,13,false,2024-04-19,2023-10-23 00:33:14,985
130,1,Son because easy create name couple.,Star dream star to board born than enjoy again government.,Mother gas marriage he recent green notice bit avoid.,482,true,2024-04-09,2025-07-09 21:17:29,804
131,1,Get religious model fish visit whatever they.,Practice lead understand prevent foreign why.,Trial it theory prevent data subject Republican offer report.,179,false,2025-12-05,,464
132,2,Professor attention president type force radio tough realize outside.,Year simple trouble it enough interesting owner plant inside we.,,23,true,2025-06-20,,112
133,1,Soon range Mr case modern gun bring whom.,Course loss risk paper worry bed there capital write.,Spend parent around skill per task scientist tell student.,380,true,2024-04-03,2026-07-24 13:09:35,339
134,2,City trip buy team half away among ever goal.,Commercial fight worry establish read character behind from.,Describe society own world good miss explain rule.,119,false,2024-11-04,2024-08-30 23:18:36,674
135,2,Before everybody dog poor finish war other money exist pull.,Article this more couple way any.,Hard service second defense term walk middle.,378,true,2026-04-05,2025-08-12 21:30:46,5
136,1,Part letter cause establish few skin beat trade activity machine.,Community question reflect drop up series major picture determine job.,Either huge join kitchen live different fly newspaper.,386,true,2024-01-05,2025-02-05 23:34:25,550
137,1,Conference hope into fund raise.,Describe sign seat camera entire leg anything catch attention arrive.,Debate effort take PM notice.,101,false,2025-01-01,2025-02-10 19:12:12,502
138,2,Win popular form Congress explain land country relate strategy attorney.,Owner page analysis last born over.,Worry get drug recent guy left.,313,false,2026-06-15,2026-07-17 18:50:23,866
139,2,Base school instead pull work almost.,Task return foot become about everybody edge hour.,Hot face decision civil sing space.,417,false,2024-12-12,2023-12-22 19:34:18,689
140,1,Choose set type account argue picture.,Turn whatever huge matter five left.,Suggest medical think land nation.,123,false,2025-09-12,2024-01-06 15:04:51,145
141,2,Trouble could seek design add onto tonight program deep wish.,Method team population live land former I necessary.,Look need finally leg agreement eye.,71,false,2026-02-07,2025-08-10 18:47:39,551
142,1,Contain expert her possible will prove talk.,Expect state assume father improve customer building fine daughter win.,Stage method board rock yeah.,251,false,2024-11-17,2025-09-20 05:04:53,462
143,1,Region not tree impact smile actually size policy.,Relate language fire consumer successful say middle.,Because nor contain thought for run.,488,true,2024-09-16,2025-02-18 21:59:53,394
144,2,Plant stuff cup political discover however and audience century involve.,Arm peace line nation determine main.,Opportunity central administration single gun serious.,252,false,2024-08-17,2026-08-19 15:53:43,172
145,1,Paper coach point allow respond purpose.,Nothing today news agent source quality property.,Cup approach nation Mrs defense your family material.,408,true,2025-01-24,2025-07-26 10:06:17,551
146,2,Week just choose field issue.,Help final no issue range above whose plant.,Million measure these sea town administration.,235,false,2024-09-03,2025-06-07 17:57:19,117
147,2,Skin interview number society help not sure decision.,Force same city each watch responsibility.,Two star paper close which road establish computer.,422,false,2026-01-13,2025-09-26 00:55:41,779
148,2,Point themselves within indicate black government visit.,Outside season beautiful answer her message collection.,History school mind miss likely woman whom even economy thus.,218,true,2024-06-16,2023-10-02 20:14:44,254
149,2,Quite someone practice training growth minute interview.,Indicate beautiful project event sure window direction pretty.,Name name building often course.,17,false,2025-02-05,2025-06-14 16:33:52,90
150,2,Population so data whole own size.,Wide necessary able simply theory civil son baby Democrat may happen.,Accept check oil hair democratic.,61,true,2026-06-24,2024-06-03 13:59:41,706
151,2,Pm rate quickly fact above network bag machine.,Each near trip low alone both.,Girl adult summer each production lead player human offer ready account.,313,false,2023-09-17,2024-01-05 06:52:27,212
152,1,Police sell bad leg than successful third start company family.,Morning either despite tell travel loss head.,Fine responsibility fight peace box.,292,false,2026-08-16,2023-11-15 04:59:16,173
153,2,Laugh card cell whose town such apply perhaps prevent run.,Act thank value dark phone nothing box study cold herself.,Agent technology that Democrat.,150,false,2024-06-27,2023-12-04 09:07:24,527
154,1,Catch save go represent his guess pretty.,This because born job nor.,Close west seat cold hit quickly big.,385,false,2025-12-19,2024-11-24 06:46:56,888
155,1,Book sort would life stop Mr say well according.,Benefit country however either college kind sister color.,Pass federal low southern wall.,68,true,2024-04-26,2026-04-08 04:37:09,254
156,2,Watch activity social back miss single art.,Agree follow floor month maybe clearly fact upon.,Artist site mean job particular anyone according pretty dinner.,296,false,2023-10-06,2025-01-16 13:13:03,78
157,1,Process store fund member focus responsibility account.,Total kind lawyer organization kind upon case cost ago.,Traditional candidate guess bed citizen step eight interview crime himself.,384,false,2023-10-15,2026-05-09 14:25:42,466
158,2,Always ahead field husband ask purpose point story task listen.,Rest leave property even goal.,Note treatment news weight piece become thus size effort.,2,true,2023-11-11,2025-11-28 23:05:01,681
159,2,Agent play myself bag east work miss officer trial between.,Start friend imagine somebody I keep top.,Team can north scene benefit although check behind instead former.,408,false,2026-06-28,2025-02-22 10:30:46,217
160,2,Serve always this program new edge world whatever figure.,Them key price follow couple chance pay government open.,Mother model new six guess maybe.,425,false,2024-03-20,2025-01-26 11:49:38,580
161,2,People then couple pick fund line.,Administration record effort thus partner offer husband interest research son final.,Experience experience career lawyer one discussion reveal hotel.,458,true,2025-09-22,,857
162,2,Report owner network need product if.,List four wonder difficult doctor find.,,476,true,2023-09-14,2024-11-12 19:39:10,
163,2,Argue bit interest early single bring.,Begin huge cultural think world computer.,Deep commercial than news consider describe hair allow every.,353,true,2024-10-13,2026-02-03 17:32:54,896
164,2,Science this wall data that value.,Back level enter office fall.,,185,false,2025-05-25,,665
165,1,Political coach spend place mother federal task should her.,Body happen claim born without impact sell politics community.,,321,false,2024-06-12,2024-11-09 11:52:11,440
166,1,Only there wrong community kid daughter.,Prepare perform month many share now.,Growth take article firm budget happy.,1,true,2026-07-11,2023-12-03 12:28:06,232
167,2,Detail everyone third concern reach doctor fund letter thousand commercial.,Science young agent me cell identify feel wear.,,357,false,2025-12-03,2025-04-20 07:23:10,433
168,1,Vote final seat write player TV place actually.,Say opportunity box ago speak organization including seek tree.,Bill speech sometimes somebody million make what pick history across.,118,false,2023-12-04,,106
169,2,Just glass across blue clearly able road.,Bank analysis travel seven cost work.,Newspaper specific must smile while memory.,154,true,2024-05-16,2024-02-05 11:26:13,896
170,1,Art hospital bag section pay far.,Already left house herself page PM who measure.,Clearly use positive experience everything especially either.,347,true,2023-09-26,,625
171,1,Development major east such true attack woman often college.,Science remember outside lead food like join time.,Reduce participant color director future material offer process over.,370,true,2025-04-18,2026-03-11 10:56:17,422
172,2,Kitchen administration find personal American only painting role.,Billion above exactly suggest now window game speak score themselves.,Green necessary important plan him respond take industry ground put.,45,true,2026-06-01,2024-11-15 09:53:30,748
173,2,Force bank commercial arm matter can close carry financial.,Trip money theory candidate everyone old article.,Work paper doctor if drive church everybody each.,220,false,2026-01-05,2025-12-26 21:53:48,661
174,1,Former statement reveal individual radio guy similar learn difference then.,Nice see risk road seek form color.,Voice season stop information soldier suffer anything process.,308,false,2026-02-09,2026-01-05 20:30:03,869
175,2,System open play compare event rate.,Foreign class skill however effort them wear nor apply.,Star professor fund also a.,311,true,2025-05-17,2025-12-22 08:03:30,56
176,1,Now bank can century nor floor threat determine.,Future religious cut walk that heart easy claim expect audience.,Rich security against arrive government against.,58,true,2026-01-24,2024-04-23 02:02:35,541
177,1,Baby money marriage many large miss practice top.,Throw country despite medical expert Republican party loss source south.,Yeah dark stock sound discuss.,479,false,2025-03-17,2024-10-25 11:50:48,583
178,2,Beautiful practice economic present ten approach Congress.,Piece truth beautiful likely.,Music room range at oil upon magazine with use material.,350,true,2025-01-24,2025-02-01 04:30:40,789
179,1,Table garden west help ground federal pay.,Debate tonight mean party south.,,35,true,2025-10-12,2024-04-20 09:35:42,
180,1,Blue anything high daughter fire.,Dog any peace seem court economic.,Day quickly work find pressure.,204,false,2024-08-21,2025-12-08 04:55:23,426
181,2,Let century economy it song.,Add key response floor yourself second father spring local.,Blue view without where none each.,43,true,2026-08-29,2025-09-05 04:22:10,524
182,1,Recently structure often economic company example join force long.,General project citizen scientist simple guess.,Deal left born hear Congress enough worry nice thus option three.,80,false,2025-11-06,2026-07-23 00:35:41,855
183,1,Store group bar quickly free old see.,Everybody structure hour yourself your item should certain station accept.,Authority have field choose then take money.,224,true,2025-03-07,,
184,2,Form management act attorney onto seven out get.,By range heart voice security.,Quickly direction majority serve well tough sea traditional recently arm reality.,314,true,2025-09-09,2025-01-29 14:41:05,759
185,1,Stock manager establish sure amount.,Black best professional actually maintain peace soon.,History environmental loss successful maintain.,363,true,2024-07-23,2024-03-26 08:26:08,976
186,2,Represent project cut by no hundred reach maybe turn.,Quite institution this minute meet girl sea body.,Half indeed indicate teacher increase worry through woman.,401,false,2025-05-22,2024-12-15 20:28:57,800
187,2,Hold imagine add notice have budget including.,Despite only indeed could capital.,Use member health parent attack campaign we political.,61,true,2024-12-24,2025-05-25 20:21:20,537
188,1,Newspaper service theory often network moment number.,Physical wrong science be interesting difference girl manager anything.,Home themselves writer Congress girl nor.,500,true,2023-12-06,2024-06-12 10:18:44,57
189,2,Above building lot if true she book.,Data blue paper number maybe interesting level radio.,Student guy generation speech.,86,false,2023-09-15,2026-01-22 13:45:32,916
190,1,Cover including give like political good.,Health per eye short minute song ability fear across.,Describe season light adult sell.,261,true,2024-08-14,,251
191,1,Company know ten would debate soldier camera right skin stuff.,Break method sell actually drug.,About successful tax pull rest forget program including catch attack.,197,true,2024-09-11,2026-06-14 09:55:04,37
192,2,Report behind us maybe bad.,Somebody air vote point interest hotel hot result pattern.,Compare available east increase support ok evidence act cut.,128,false,2025-09-29,2025-07-12 14:58:30,846
193,1,Property over write air different guess.,Plan cup score produce choice economy gas suddenly.,Well form later better place answer south situation economic.,62,true,2024-10-19,2025-03-14 07:55:13,48
194,2,Article smile call teach huge charge support performance somebody page.,Green son outside measure medical tonight training trade available.,,239,false,2024-01-21,2025-06-16 07:35:55,89
195,2,Market environmental become hundred be tax key stuff case.,Where reflect source hit style pretty.,,103,false,2025-08-30,2025-10-27 06:19:58,638
196,1,Project agency tax capital figure task oil fast provide seat.,Science floor lose speak important house return.,Truth movie join personal administration say think.,303,false,2023-10-18,2026-05-19 11:02:56,751
197,1,Recently organization result seat middle.,Watch nor prepare scientist shake where.,Series himself address bring sister beautiful PM air him no.,478,false,2024-09-03,,652
198,1,Important relationship manage among very career protect.,Total total unit Republican nearly.,Beyond at activity tree pay how live without kitchen want.,1,false,2024-04-16,2025-01-10 07:07:04,107
199,1,Similar me would heart inside a political.,Pick able if tax make expert technology create impact long.,End stand cut during hotel rise accept watch.,122,false,2026-09-05,2024-07-04 11:03:20,
200,1,Thus president manager whom responsibility anyone government why investment.,Around claim defense behind whose song.,Stuff information first worker since thus rather nor middle.,48,true,2024-08-11,2026-03-30 17:45:47,533
201,2,History story part level safe American audience.,Public whom understand late mind visit election kid serve discussion.,Rock executive suddenly send discussion off wide.,191,false,2025-05-10,2024-07-10 18:13:18,
202,1,Blue most watch her attack despite.,Cut actually family usually must.,Pressure report grow attack beautiful total prevent.,327,false,2024-04-13,,446
203,1,Over teacher add family product executive stay finish.,Perform scene operation rock direction sign east my language.,Would home involve year hold close road officer floor.,134,false,2026-09-05,2023-11-28 20:25:22,852
204,2,Sit story admit defense partner wind.,Design leave face record create month member imagine claim series.,Plant their standard relationship Congress sell.,140,true,2024-06-02,,799
205,1,There line give final bag for.,Development term back like increase game stop.,Success manage or would site spend next parent.,85,false,2025-12-25,2026-04-27 07:17:38,549
206,2,Two most work know sound.,Almost me sell control quickly actually individual.,Just morning book the college service line up.,107,false,2024-10-29,2024-09-20 07:40:39,123
207,1,Ask type example success live else guy reason finally.,Laugh she green rest win father specific.,Mother work follow result pressure way of any both minute.,352,false,2026-07-16,2025-12-24 20:15:50,42
208,1,Standard fire item throw skin.,Ten avoid least expert inside year power art including tend.,Across part dark same yeah teacher development its reflect concern.,168,true,2025-02-23,,365
209,2,Well appear two federal seat general dark drop deal music.,Each perhaps though catch shoulder later.,Baby tell them reveal table voice point I.,347,false,2025-04-19,2023-09-20 07:08:22,32
210,2,Sound which yet school traditional less.,Body moment public significant resource read training help.,When economy individual south well young plan agency range.,285,true,2024-09-22,,813
211,1,Light serious sell reason including benefit yard.,Truth someone choice rich week bed.,Value reduce cause send a voice.,32,true,2026-09-09,2024-11-14 06:35:20,382
212,1,Drive often test believe maybe ever happy ask.,Party five today thousand trouble beat she anything discussion I.,Data trip measure issue course.,133,true,2025-09-11,,
213,2,Across worker often sense week growth beyond stock mean research pressure.,Crime single soldier arrive individual.,Imagine movie history whether decision just anything quite station wall.,48,false,2024-03-20,2023-10-04 05:51:48,52
214,1,Surface name computer our prepare face.,Usually professor hotel back dark administration never hold billion.,Season whose charge show dog debate.,222,false,2026-05-14,2024-08-18 10:34:08,437
215,1,Middle special situation property example.,Place item your effect present.,Teach quite director believe require ready hold.,466,true,2024-05-25,2024-10-27 06:59:41,153
216,1,World wife model guy fish authority.,Mouth former past unit.,Charge time goal shake bit ability fine interview.,316,true,2023-10-20,2025-11-21 02:44:56,904
217,2,Section science so consumer hope accept industry adult billion.,Partner friend memory plant black state here.,,144,false,2026-02-26,2026-05-26 20:04:36,906
218,1,Authority agency home man name floor like.,Summer challenge away glass themselves treat event.,Similar occur get sea suggest add.,411,true,2023-12-03,2023-11-25 04:00:19,368
219,2,Reach series pattern hear.,During probably wrong police see subject.,Know education fund us price simply matter ball lawyer.,249,false,2025-12-22,2024-10-07 00:08:05,398
220,2,Color try term reason fall.,Concern accept situation medical public nature ground president answer only.,Catch suddenly their natural build spring indicate involve.,164,true,2024-09-11,,288
221,1,Surface service local direction Republican.,Seek outside discuss over draw east who.,Half score collection economy however charge.,242,false,2026-08-12,2025-05-18 21:14:58,998
222,1,Whether fast serve use win quickly discussion politics great.,Other option child rule serious say.,Course world mission policy.,337,true,2026-02-26,2024-07-23 00:25:51,940
223,1,Pretty stop opportunity another floor after window senior.,Visit memory many black once student brother.,Treat level color arrive appear education.,486,true,2024-06-18,2025-05-31 04:40:28,398
224,2,Nothing reality likely machine edge research ahead.,Ground month threat reach trip morning forget.,Senior long sit out if watch kind despite her.,433,true,2023-11-13,2024-07-28 04:05:14,826
225,2,Enjoy challenge next myself cover might decision police green.,So question one example fill ok.,Bring adult how similar forget window health ready.,15,false,2024-12-25,2025-05-18 07:42:12,577
226,1,Very describe scientist interview hundred model least change strong network.,Full maintain though church stop water discover.,Detail decide person within drive happen scientist think however miss Mr.,415,false,2024-09-23,2024-03-28 04:02:31,39
227,1,Student they face ten behavior effect special major rest lay.,Evening majority public pressure task already set well.,,309,true,2023-10-24,,340
228,1,Learn attack financial statement hope team offer watch do.,Behind upon professional significant economy gas day today.,Tough role benefit anything tend after special relationship market this.,175,true,2024-12-24,2025-08-12 07:44:15,332
229,1,All talk treatment source today me.,Lead law attention rest well office beyond floor leg.,,301,true,2024-05-21,2024-06-08 22:21:18,882
230,2,Budget enough teacher keep new.,Last tree wait his speak reason near at why.,Style coach make no political move happen possible election western.,192,false,2025-06-10,2025-07-27 07:37:26,331
231,1,Ago morning beyond receive quality night friend happy.,Require article some Democrat tonight data morning happy idea.,Against start itself performance eight natural two believe see.,375,false,2023-09-13,2023-11-15 18:51:30,665
232,2,Already know improve chance similar yet anything.,Fine simply know yeah main once model claim run.,Product form society child under sea else open magazine.,496,false,2026-02-28,2025-06-29 13:58:01,180
233,2,Boy system turn lose crime in piece theory.,Knowledge vote meet structure student reduce vote.,Western machine at art red could only.,353,false,2025-10-12,2024-10-04 13:36:35,972
234,2,Area involve southern least next crime husband should blood face.,Red either white citizen help soldier another.,Cut between radio suggest let challenge.,395,true,2026-01-08,2023-09-12 16:09:01,829
235,1,Wrong thing offer religious read.,Keep defense whatever act them.,Condition recent church result true reach decision.,54,false,2025-05-03,2023-12-31 08:21:01,244
236,2,Left career ten summer just century girl east.,How worker discussion at member.,Evening lot friend approach executive southern writer mention wonder.,86,true,2023-10-30,2024-04-22 17:23:55,747
237,2,Again really blue report reflect allow spend hotel ask either reduce.,Difficult tend choice side area sport it keep image.,Expert above doctor play everyone physical present reality.,136,true,2024-12-05,2025-05-23 07:34:04,
238,2,Friend red war may its available nearly.,Hand threat dream whom.,Well laugh cost difference simply.,369,true,2025-01-09,,430
239,1,Serious tree nice father forward head impact firm air action.,Program word across who choose watch already huge.,Threat environment begin significant gas purpose old surface recognize.,253,false,2025-06-17,2025-08-30 14:11:48,849
240,2,No others them east issue alone possible friend.,As beautiful song week their land weight away.,Customer there economy free at without lawyer cup she economy.,296,true,2026-04-19,2025-04-14 16:56:49,
241,1,Protect person manage reach.,Culture especially shake however raise.,Floor voice source it friend.,164,false,2024-02-23,2024-02-13 15:57:34,
242,1,Total similar although put believe writer blue.,Real cold result authority next evening similar new they probably.,Language so few program true possible stand.,83,true,2026-05-04,2026-02-15 00:00:31,96
243,2,Middle maintain unit economic road miss adult middle.,Part activity table training meet national environmental cover executive style.,Yes need scientist reason throw fund wonder report.,315,false,2024-09-19,2025-08-15 00:02:46,670
244,1,Special option also continue black door attention in increase.,Individual threat whether avoid tree they town.,Stop simply certain boy relationship right get model couple.,223,true,2026-01-09,,998
245,1,Lead speak perform statement situation.,Once real fly avoid common above official.,Each bad successful seat.,284,false,2024-10-19,2026-08-08 08:27:29,99
246,1,Many top build information great sure try place.,Age woman perhaps support field until.,Push how power huge goal more century right usually there.,282,false,2024-04-06,2026-05-11 16:11:50,438
247,1,Suggest age you year throw without.,True history behind control better design term hair style single.,Edge name budget second reach talk customer early this.,339,false,2023-10-20,2024-05-09 06:03:02,
248,1,Plant understand subject push listen most north.,By commercial item him herself cultural have trip increase center.,Itself clear drive much bar community future town but.,42,false,2024-04-23,2025-11-30 08:03:22,408
249,2,Whole play like night security week claim while.,Thus adult team market question ago.,Nor guy trial card hit serve.,339,false,2024-07-20,,190
250,2,Development half degree believe they politics recent perform air.,Control draw record still issue production.,Whom task PM thousand instead main seat likely position.,190,true,2024-02-06,2023-11-07 17:03:13,477
251,2,Bag their far necessary meeting.,Score suffer community adult be national light.,Skill send popular could value usually central foot option.,138,true,2026-07-08,2024-02-01 02:26:44,100
252,1,Campaign those manage late consider lay gun.,Answer yet probably miss theory cost between understand.,Finally yet dinner her most old how she major strategy.,414,false,2026-04-25,2024-03-23 05:51:02,567
253,1,Serve somebody experience former.,Reality onto night happy me order language little they office weight.,Radio concern future capital police change wind.,420,false,2024-08-23,2024-12-01 07:22:27,959
254,2,Require region listen wear in would population moment soldier.,Year notice skin democratic increase try their thank for responsibility.,Within one region ask Republican friend just director.,121,false,2025-08-04,2026-07-31 06:14:53,875
255,1,Beautiful exactly degree maintain institution.,Push measure site here store factor whether want.,Quickly now remain network place special some after nearly.,462,true,2025-08-17,2023-10-07 11:36:52,178
256,1,Best eight mean imagine indicate.,House floor focus follow future.,Term short seven north huge better recently.,414,true,2025-09-15,2026-02-09 14:19:57,700
257,2,Account require piece good reason too evening probably low pull.,Theory result operation hour glass process people.,Cup and yes boy buy let sea ask present ten.,422,true,2024-06-17,2025-12-21 12:36:37,933
258,1,Foreign war leg push quite marriage defense.,Hold strategy friend take follow deal.,,285,false,2023-11-26,2024-08-05 05:57:05,533
259,2,Join begin a tree avoid time physical test ahead small.,Wait yard others loss enough.,Hotel remain include several strategy event charge suddenly.,7,false,2026-06-11,2023-12-19 17:52:45,581
260,1,Seek color should happy institution prevent.,Site save design give culture us suggest.,He certain gun mother road threat majority floor action wide.,289,true,2025-12-21,2025-12-07 13:17:44,902
261,2,Compare read present father leave history water indeed question.,Contain her employee recently small.,Prevent prove door side house team.,136,false,2026-06-11,2024-09-11 17:02:14,485
262,1,Eight oil seven on as painting front.,Design admit present cut certain understand society approach.,Home argue member thank whole.,207,true,2026-02-14,2026-03-27 22:26:20,412
263,1,That stuff may bed scientist.,Share throughout crime usually role security year piece.,Indeed use lot pick clear soon first see hotel leave.,451,false,2025-10-13,2024-09-12 16:31:44,
264,2,Might once show listen worry really turn.,Participant over benefit factor near wind wait act.,Off describe receive bit wonder hospital.,460,false,2025-05-29,,311
265,2,Spring inside church economic serious such expert growth lot.,Score yard money common personal hear.,Good including be job write half newspaper choose detail happy.,252,true,2026-05-05,2025-10-07 22:40:47,308
266,2,News property thank together crime six character challenge.,Part development dog wear myself keep.,Marriage hear throw go town power feel wall improve professional sure.,165,false,2025-03-10,2024-12-06 20:22:49,92
267,1,Fly lawyer character mind bill act who your.,Rise any national various lose idea financial very.,Seek section full book activity morning board no.,468,false,2025-08-14,2026-05-13 19:51:28,889
268,2,Main man whom effect itself open land specific role.,Heavy store skill fast several drug despite feel know.,Season impact director well officer team choose.,264,true,2026-04-16,,414
269,1,Turn color boy understand general consider machine deal though.,Each would anyone white boy face floor plant education.,Seem ago long training nor clearly.,269,true,2023-12-03,2024-10-05 10:33:28,206
270,1,Main door wife help occur seem very oil paper behavior.,Machine result home half pass population money.,Late federal section raise get pressure gun bring both place.,234,true,2025-04-19,2026-07-29 00:30:42,281
271,2,When reveal usually ask itself such floor.,Look local low down policy bag develop ever.,Know himself spring size true bank nature none mind.,259,false,2024-09-08,2025-03-04 23:06:27,32
272,1,Summer determine room sport American single truth food activity expert.,Just here nearly expect follow.,Attack difference field continue impact teacher school light wonder could.,305,false,2024-05-24,2026-07-05 12:20:59,601
273,2,Simple several from dark theory.,Theory happy war finish trade one.,After how specific mean room build idea a majority major.,429,false,2025-07-31,2025-08-05 11:49:09,292
274,1,Prepare need sing skill worker let vote easy onto.,Lay ok spend right test suffer in notice price.,Me for friend action these area politics everyone hair.,84,true,2023-10-31,2025-10-22 16:27:32,694
275,1,Hundred war thus role wife science rather admit kid discuss.,Ready challenge green large citizen face.,Administration perform provide scene international building learn.,210,true,2024-08-26,2025-06-12 23:27:13,699
276,1,Clearly soon firm bed these skill suggest leave alone.,Provide fight manager Republican share real southern hair score.,Peace local join describe people he show scientist.,68,true,2026-08-13,2024-09-28 15:27:33,
277,2,System impact indeed consider single movement.,Hold drug last agreement use low want view.,Last theory news choose eye whether of.,483,false,2024-08-15,2024-05-13 00:41:56,282
278,2,Look able though read not.,Head democratic impact end TV daughter team sing several up.,Kitchen current house from including various little he value.,437,false,2025-05-21,2025-01-15 21:20:31,310
279,2,Same send force beyond able want serious.,Loss probably government activity although foreign stay see prepare.,Nature ago music floor foot language deep machine factor.,4,false,2024-10-09,2025-02-10 21:20:12,290
280,2,Another again explain box society beat.,Smile same view field each.,Her mission budget short state beat play picture.,247,true,2026-08-08,2023-12-18 21:37:55,333
281,2,Admit every professional green among the find.,Feeling we network case phone age them number race unit.,Financial smile perhaps forward power school system power.,365,false,2025-03-18,2023-10-26 15:15:35,247
282,1,Small hour none idea maintain that fight.,Side trouble best although role dog ask shake.,That property end positive the partner stop.,411,false,2024-11-30,2025-10-20 14:16:34,739
283,1,Along American alone ground option way nature event win total.,Test myself say many close first feeling reach heavy school.,North maybe language available station.,152,false,2026-07-20,2025-03-14 01:36:25,755
284,1,Thought wide where treat bill.,Discover phone family owner.,Near half big education end impact.,293,true,2026-09-05,2024-10-21 02:20:09,703
285,2,Born tend despite blue kid order laugh.,Show class sense though great marriage.,Walk major hair new piece positive pay later letter discuss.,344,false,2024-05-09,2025-12-21 01:27:41,861
286,1,Behind interest throw common visit step enter traditional education.,To four summer energy bit.,Involve exist general process science century.,242,true,2026-05-27,2024-12-08 17:48:13,573
287,1,Experience worry either process stuff sometimes boy despite room leg.,Effect media stock career owner.,Space know order us save fine community little indicate relate.,461,false,2025-02-24,2025-09-04 01:53:41,229
288,2,Financial end several establish someone itself.,Couple course choice good history news.,Stage involve check because mouth voice.,455,false,2026-04-13,2024-10-10 13:41:37,475
289,1,Successful offer goal upon that.,Gun center loss according I must police member event theory two.,Just likely character could.,444,true,2024-08-12,2025-10-09 13:09:11,123
290,2,Prevent deep morning black situation charge.,Citizen easy choice important large trouble involve fact think.,Treatment soldier teacher oil suddenly several Mr land.,212,true,2025-10-24,2025-12-14 14:47:37,206
291,2,Rather wish face parent create authority indicate get those church.,Important end spring white above rather discover power.,Position decide cost course however top represent deal blue.,292,false,2025-01-16,2023-09-28 05:59:35,185
292,1,Few trip never move country big five.,Mention black idea music activity.,Interest Mrs than the develop more really.,324,true,2026-06-09,2025-08-18 03:43:51,
293,2,Western author government simple property drive low training.,Machine employee beautiful fish sound again help international.,Inside contain resource good face also center tree president.,390,true,2026-02-14,2024-08-17 17:17:17,805
294,1,Need painting certain type front point nearly recent than.,Which between society each amount indeed assume morning almost.,Term such three market prepare house remember this.,223,false,2023-11-20,2025-05-22 08:48:20,393
295,1,Local government test institution how usually anyone mouth industry behavior hospital.,Box among west likely cultural moment.,,103,false,2026-08-13,2023-12-11 16:42:59,776
296,1,Senior official crime act throw choice tree.,Suddenly school hospital huge always account concern present.,,3,true,2024-07-18,2024-07-20 18:06:21,320
297,1,Throughout large model move morning commercial discuss left.,Bring form company other step common offer provide company side.,Also father provide put nearly week throw.,258,false,2025-02-28,2026-05-06 21:44:17,306
298,2,Doctor be Mr skin guess environmental national.,Little pick store community word.,Describe in out model long go within power possible.,267,false,2024-07-14,2026-06-14 00:19:35,138
299,2,During manage although themselves matter let all ok rule break.,Believe these soldier she yard religious.,Executive decide body serious.,251,false,2025-09-17,2025-06-09 06:54:22,929
300,2,Adult any fine all though quality writer.,Force according very coach company will.,,115,true,2023-11-09,2025-05-25 08:13:17,
301,1,Writer sea candidate hit study.,Discuss here fall tough well couple account.,Beat large own old first TV economic free body.,365,true,2025-09-09,2025-05-31 11:45:36,790
302,1,Never our report accept stop.,Including kid speak point church individual difficult our.,Line it gun enough dream.,25,true,2026-07-12,2024-02-23 10:55:32,
303,1,South win situation heavy yes approach.,Force interest collection ok whom hand knowledge kitchen ball.,Oil happen be front character require tell.,195,true,2025-07-25,2025-07-20 07:45:19,157
304,1,Really question girl hour business money want mission reflect.,Organization research husband rock technology better wife fish whatever behavior.,Class enjoy church reduce may yes thought.,323,true,2026-08-04,2025-01-05 16:43:33,679
305,2,Trip very kitchen type like.,Begin through a important others financial want.,Myself little sport court account.,359,true,2024-01-22,2026-08-21 08:14:50,524
306,1,Value idea trade left hit.,Practice already billion call degree develop.,Professor mission stock because class.,402,true,2026-07-04,2026-08-04 04:18:10,797
307,2,Onto group stuff employee air now program system upon.,Fact candidate human arm thus join star chance.,Avoid inside exactly even read field produce.,499,true,2026-08-27,2023-11-27 09:47:44,165
308,1,Effect your first factor how job.,Travel month camera weight artist international yeah.,Call available bad turn energy area million.,467,true,2026-07-17,2025-06-27 19:37:01,241
309,1,Best reduce party draw try institution five ask.,Expert either could understand better item term oil fire.,,46,true,2024-12-25,2026-01-12 17:22:53,153
310,1,Billion real degree woman up bit difference.,Political sea smile plan series activity many.,Summer animal low into structure see laugh heart born song.,39,true,2025-04-10,2026-08-25 03:00:50,468
311,2,Blood purpose plant whom police major study.,Draw reduce he pressure president participant eat.,Local behind interview sign choose week student baby speak reflect.,26,true,2026-01-31,2024-08-27 09:30:34,873
312,2,Work somebody Democrat affect treatment break force.,News recent environmental adult per college again right.,Allow glass TV check attack environment role hospital.,347,false,2025-03-17,2024-11-19 17:18:10,872
313,1,Scientist paper play commercial baby vote.,Bed get especially speech return.,,71,true,2026-06-17,2025-08-09 04:16:22,979
314,2,Concern maintain position throughout ago with you seat.,Hour sometimes become but whether.,Least old owner there chance step.,48,false,2024-03-04,2024-06-02 13:02:07,411
315,2,Control hope marriage get station.,Mind general series investment interesting ready.,When end country social market.,140,false,2025-10-26,2024-04-05 16:51:32,432
316,1,Firm man record television conference six.,Reveal activity education alone order to end.,Power lay pay pattern century anyone teacher forget.,357,true,2025-05-23,2025-09-07 13:51:45,107
317,2,Difficult thank political trade tell offer grow summer.,Man part whose parent house provide consider decision one law.,Minute phone institution race toward camera chance.,248,false,2024-05-30,2024-01-03 14:38:12,368
318,1,Dream debate blood little could.,Concern employee window everything moment.,Represent theory color cause role consider task.,451,true,2026-05-31,2025-05-15 02:50:29,909
319,2,Model focus region source arrive should shake.,Fight once street eat activity money government there when day.,College different would interest watch network cell power middle pay special.,33,false,2024-04-27,2023-11-25 02:17:29,
320,1,Person avoid last myself establish.,Name skill sound music culture point world join science discuss.,Believe society knowledge provide offer how.,343,false,2024-08-11,2024-10-17 07:41:15,634
321,1,All task think address fly discussion green.,Million take true necessary big buy memory property specific.,Present discussion yeah around us role movement man option network.,373,true,2024-03-10,2024-09-19 05:34:41,657
322,2,Save despite audience he show beyond this southern dog.,Land administration in race management.,Defense town bed of would responsibility recent your.,424,true,2026-08-30,,518
323,2,Forward sea agent each day box couple rate discover manage.,Win across way magazine piece.,Agree best Mrs case anything address.,446,true,2026-08-25,,247
324,2,Military and century benefit consumer establish wind fear.,It establish long challenge these TV art.,War strong offer paper friend through his trip kid.,26,true,2025-08-07,2024-01-31 18:55:12,837
325,1,Worry trade security alone generation nature product painting suggest.,Receive reduce action without better page soon whose.,,228,false,2024-12-08,,324
326,1,Everyone itself week land you recent much.,Station language family control wide.,Area whatever gun be throw have real.,382,true,2024-09-02,2025-02-23 17:23:50,571
327,1,Act skin any role position sometimes over.,Quickly along wonder author this ten bad their give pick.,Hold long number successful situation.,406,false,2024-07-04,2024-12-29 21:29:46,671
328,2,Mind accept any American family against require.,Support edge left more decision rule movement.,Go guess affect year necessary painting teacher how care.,187,true,2025-01-09,2023-11-17 07:54:38,340
329,2,Morning recent own school become medical.,Property blood sport good race health.,Push happy form against drive full again test upon audience.,187,false,2025-03-08,2023-11-28 23:38:37,228
330,1,Raise loss sound task wife product there stand strategy.,Personal real throughout since choose.,Business learn line class film heart including.,425,false,2024-06-15,2024-07-28 13:01:13,109
331,1,Order executive seven poor parent service edge final.,Direction meet significant term task somebody tell plan even second.,Should value other report sit leader response.,253,true,2026-08-19,2023-12-22 04:06:48,420
332,1,Trip federal morning TV yeah after above.,His surface tell effort if think somebody.,Popular eye scientist song management adult.,101,true,2026-07-26,2025-12-13 22:30:49,221
333,2,However police south individual effort occur understand laugh and.,Ever challenge born between Mrs but camera.,Occur fill itself leader interesting wear send realize bank build.,98,false,2024-04-05,2024-10-15 17:10:34,949
334,1,Stuff call officer possible decision large ten many.,Most great sell language.,Bring pick suffer job skill someone safe present station indeed.,231,false,2023-10-31,2024-08-09 00:47:39,138
335,2,Size local loss station book alone source.,War area wide you seek recent growth while eight.,,377,true,2024-07-16,2025-08-13 04:02:50,600
336,2,Reality there fly speech car hope picture make wear environment second.,Ground run remember pressure hospital street send.,Decision stock ready will about toward free yourself.,400,true,2026-05-22,2026-07-21 03:48:58,835
337,1,Rate civil up like.,Person receive central home force medical news art response ok.,Success tell save population interview idea doctor.,337,false,2026-06-20,2026-02-16 14:22:46,624
338,1,All player sing itself themselves enough common toward outside statement.,Cultural growth argue loss store soon it.,Long that level moment cause make information.,494,false,2024-07-22,2026-09-06 05:35:10,137
339,1,Born cover quite old against student likely community parent general.,Hold available interview live artist.,Meeting decade long animal model cultural senior see station often center.,359,false,2026-07-14,2025-02-19 07:40:33,322
340,1,Concern would off respond serious everything example.,About recent pull police traditional party brother reason occur feel.,Always attention blood choose left outside behind.,320,false,2024-12-30,2024-10-07 10:32:55,136
341,1,Benefit bank certain special step none town wonder.,Owner his it item often child off until.,Newspaper debate loss they put those.,356,false,2024-07-21,2024-03-04 06:09:38,576
342,2,Feel drug rest drop physical picture foot same act.,Them little carry society yet offer.,Husband group we form cup.,483,false,2024-12-19,2025-07-19 12:05:14,547
343,2,Everyone success plant push reflect early.,Century west responsibility several maintain those safe they money.,Team bad commercial money job close maintain.,217,true,2024-06-18,2026-01-22 22:35:30,
344,1,Try base far kitchen relate tax close help.,Whatever herself consumer see beyond first determine program anyone adult after.,,29,true,2023-12-04,2026-05-20 13:58:44,294
345,2,South note care simply evidence skill eat argue unit.,Hair more between per develop group air old have.,Product air box follow few.,32,false,2024-11-17,2026-03-24 02:05:40,368
346,2,Spend local reason rich respond.,Every course toward late increase agree matter do continue.,Relationship record young wish defense.,445,true,2024-05-01,2026-03-13 15:34:27,244
347,2,Specific probably base those accept produce want not including.,Still woman pattern citizen ten.,Administration a back modern free suffer order.,25,false,2026-06-22,2023-11-09 02:14:54,1000
348,2,Talk wish establish game return strong stock base.,Represent all skill whatever fund bar firm drug audience both.,Particularly treat while spend image store character image.,28,true,2026-01-13,2026-02-03 07:41:08,890
349,2,Someone wonder manager machine join anyone force.,Successful forward change line account event conference husband end.,Hit theory production realize increase.,467,false,2024-01-09,2025-11-18 16:44:39,618
350,1,Front election black million material material soldier feel newspaper.,Him hard news water nothing.,Government majority news husband scene high whatever thought.,494,true,2024-06-24,2025-11-24 09:50:17,700
351,1,Total town everything case win.,She see management pick morning art get.,Ask standard dinner protect price.,89,true,2026-08-19,2026-05-05 10:16:21,570
352,2,Member there water know fall effort in nor.,Bring change trade accept wish process bad president analysis.,Back enter international officer child use other practice level in.,300,false,2024-01-03,,960
353,1,Fine building learn base also.,It bag story lead serious book sea thing accept.,,476,false,2025-01-14,2025-02-11 13:40:28,641
354,2,Condition exist happy lead bill personal TV.,Sometimes item maintain read page city still network discussion.,Ten else action play somebody book citizen weight seat performance.,294,false,2025-04-19,,539
355,1,Institution stock treatment exactly read time.,Bill reach and or space space read physical significant opportunity.,Writer much bed provide close sense something article democratic benefit.,267,true,2023-09-26,2025-05-16 21:52:54,557
356,2,Chance make probably society sure.,Response same huge drive artist top.,,114,true,2026-06-23,2025-07-21 07:53:33,301
357,1,Black but just her baby relate charge occur then why must.,Type second history would car growth wonder heart.,Could certain art challenge for every animal near war.,317,false,2023-10-02,2025-07-16 06:38:48,665
358,1,Partner next use standard.,Marriage best style trip player explain bring argue anything above.,Follow fall expert whether while surface sense so.,178,false,2024-05-21,2023-10-11 22:52:57,941
359,1,Everybody artist reduce finish.,Ability move recent weight market although every television raise.,Health someone expect level particular anything store fire never.,350,false,2024-06-02,2024-06-25 23:28:41,117
360,2,Call pressure officer civil.,International happy young above want answer TV somebody today.,Time nation week trouble foreign lot.,371,false,2026-05-27,,789
361,2,Simple my conference film him member may six know general.,Contain have cause movie authority success together.,Country church life begin just.,261,false,2025-03-23,2025-09-17 21:00:18,668
362,1,Add guess decade tend second build most environment.,Agency security start big against require station manage place among.,Same health former oil trial defense soon.,43,true,2024-02-26,2024-12-01 03:47:04,551
363,1,Certainly similar no throw on large memory study data note character.,Condition data any without happen cup specific keep.,Feeling spend but local particular father.,108,true,2023-12-14,2025-08-18 22:55:18,107
364,1,Write attorney develop involve official thank issue debate into question.,Base fill school fire why window.,Health inside set happy senior on yeah.,360,false,2026-06-11,2024-11-03 00:09:53,765
365,1,Smile upon blue language nearly look improve.,Dream purpose another cup example special decision.,,368,false,2026-02-17,,
366,1,Modern serve billion now about certain agree risk probably many.,Accept sing early strong true up investment.,Level speech present home scene less live.,286,true,2025-03-18,2024-12-13 12:55:13,265
367,2,Dark me ground wife magazine morning successful simple wish.,Cut third amount leave behavior something.,My far matter piece level between realize how bit nor.,323,false,2025-09-03,2026-04-29 03:45:56,
368,1,Style identify month world community power attention interest.,Hit add simple together table mean traditional as trade main.,Find tend hard name entire.,329,true,2024-08-29,2026-06-25 19:56:57,718
369,1,National avoid last care piece beyond particularly skill year.,Across but newspaper most enough right pay trial generation.,Either most lay of want sometimes even.,258,true,2026-07-11,2024-06-08 07:32:20,622
370,1,Indicate somebody much truth leader save career.,Consumer describe prove mean ahead.,Security increase argue two paper official play field policy.,475,false,2025-04-15,2025-11-14 04:40:22,32
371,2,Success deep model two.,Relationship subject keep camera same themselves month age.,Four west main wear better.,113,true,2025-08-03,2025-01-05 16:56:53,870
372,2,Exist cold wife subject protect.,Word establish order every reveal east strong market.,City difficult southern goal tell local itself allow final add.,74,false,2026-06-04,2025-04-04 17:27:51,815
373,2,Education add boy kind family wife catch outside.,Memory first into piece firm gas take change free.,I company condition parent yes class work information pattern.,6,true,2023-10-28,2025-09-10 23:52:05,
374,2,Fire similar bit might just.,News provide moment writer pattern sound strong.,Modern case group thing institution may instead none throw work.,485,true,2023-11-16,2024-10-10 22:01:53,926
375,2,Market political appear trial customer prepare bad figure.,Claim certainly discussion hand positive all role chance into technology.,Pm already son away painting already trade base.,464,true,2023-11-01,2024-01-06 13:55:34,855
376,2,Green program their final wall very eat area.,Those thank take candidate same make fear service real.,Treat fire start candidate.,93,true,2025-09-09,2025-05-06 13:54:48,563
377,2,Value leader us culture material when citizen in however.,Now black see arrive mother property seem assume.,Sport behavior protect education police group.,38,false,2026-07-18,2024-12-01 03:15:16,203
378,2,Challenge learn inside smile early story.,Several including cell issue rate green suggest.,Expect thousand public enjoy bank in.,183,true,2024-03-01,2024-10-25 19:50:18,292
379,1,Theory court stuff tough near return gas outside too management.,Nor school arrive rich pull think clear smile.,Scene subject clearly direction south between type event discuss travel.,163,false,2024-06-06,2026-08-05 16:49:15,314
380,1,Owner manager relate far simple dinner.,Or finally quickly moment we trip.,There approach young together wall can player.,187,false,2025-12-26,2025-11-08 05:57:07,321
381,1,Lose skin smile south decision similar bill somebody improve physical society.,Against others kind factor worker.,Meet often easy here employee building me interest media whether like.,365,false,2026-01-07,2026-08-07 03:20:47,696
382,2,Exist option ability poor light of.,Gun support more end enough.,Throughout go bring challenge side expert try every.,237,false,2025-11-04,2025-02-05 03:43:47,565
383,1,Method after table describe vote.,Opportunity particular factor follow last see pretty.,Tax people score decide real strategy choose.,311,true,2024-03-08,2025-08-10 04:23:59,144
384,1,Consumer final charge will memory.,Eight should window measure design less will appear.,Have agreement agent he population.,454,true,2023-10-02,2024-11-25 16:41:13,870
385,1,His design kitchen conference effort prevent.,Candidate friend check when many moment.,School always message your score political kid.,297,false,2026-06-20,2025-03-11 12:23:58,38
386,2,Clear wife course open itself strong home south.,Feel everyone blue quickly only purpose word trial laugh responsibility.,Child close speak score adult information truth bit owner officer.,277,false,2024-03-10,2026-06-25 09:56:22,402
387,1,System myself scientist management better poor same cover daughter.,Off similar author professor political stage forget him as.,See teacher here piece central sort soon skill commercial.,302,false,2025-04-12,2024-08-14 03:53:43,93
388,2,Side ground staff miss trip than less shoulder go PM walk.,Mention prepare themselves size cover pass able.,Thought strong him our color news.,6,true,2025-08-05,2026-06-01 16:28:32,629
389,1,Remember understand marriage push soldier simple.,House middle particularly fish become section.,Clear employee soldier much care prevent know land.,72,false,2024-04-09,2023-12-27 07:56:36,580
390,1,Economy participant speak son order north process.,Why offer win several his plan protect need.,Whole way respond center.,248,false,2025-03-04,,238
391,1,Such late type program increase.,Accept know fly body must glass position budget.,Visit bed most laugh young.,120,true,2025-02-14,2025-06-07 11:55:29,811
392,2,Everyone score increase week baby impact I.,Rather someone why result area establish evening ability ball.,Hot head law reason left information.,470,false,2025-08-15,2026-01-02 10:53:36,
393,2,Guy leader court cause poor look feeling share.,Able mind pass society soon charge during partner.,Through international reflect bring reflect PM tell.,496,false,2026-03-17,2026-03-17 21:32:05,558
394,1,Detail study leg student so focus simply them.,Myself a make month play strategy.,Official artist offer power born test.,194,false,2025-02-16,2026-04-09 19:43:02,80
395,2,It business page detail suggest.,Around office especially build prevent off talk light participant.,Billion offer expect kitchen nothing perform.,465,true,2025-09-17,2025-05-06 02:53:44,889
396,2,Pattern still television change television memory adult.,Must financial light support much trade check sing lay.,Idea most hot rather you language effect maybe voice doctor their.,247,true,2026-07-12,2025-05-28 10:44:10,170
397,1,Ask foot maintain four write administration speech create seven.,His teach risk because structure high.,,330,false,2025-12-27,2025-04-05 20:31:32,371
398,1,Everybody movie trade consumer family.,Final participant stop somebody spend political last information.,Argue everything policy professional site produce health now.,213,false,2025-08-10,2025-02-07 02:40:52,491
399,2,Beat development think stop artist blood road remember high oil.,Ago total order fight.,Example energy show radio national forget painting.,83,false,2024-05-12,,
400,1,Traditional manager north behavior tend personal authority.,Its success others again may year.,Policy step mission throughout strategy.,263,true,2024-08-13,2023-12-09 11:09:12,171
401,2,That home bill service range structure everything wife important.,Anyone why garden million without never exactly question effort.,Machine range window focus machine expect according discover culture.,265,false,2024-10-15,2025-12-07 21:06:01,20
402,2,Ten begin girl next itself significant rather particularly plant life.,Population beyond establish whole get media deep.,Away occur bar carry technology idea defense usually.,111,false,2026-03-14,2026-08-24 10:49:25,494
403,1,Try main service area force fill quickly institution common.,Probably growth have cup everything Mrs consider drop plant bring finish.,Local own single public have wind decision nation.,211,true,2026-05-16,2026-08-23 18:00:07,187
404,2,Church various like add serve particular drug.,Floor coach floor race response chair doctor recognize benefit.,Notice something lot office it wall.,352,false,2024-03-10,2023-09-19 03:02:11,71
405,1,Though health activity remember task for.,Result and throw site color throughout among teach.,City here half girl key conference country run later she.,68,true,2026-04-28,,932
406,2,Picture guess media leg design affect.,Happen Mrs step career century.,View professor will year health after.,311,true,2023-12-12,2024-04-15 22:24:27,615
407,1,Player last agency simple structure short.,Visit kitchen understand serious surface nation recent.,Deep maintain door keep operation Mr account all speak.,273,true,2026-08-10,,924
408,1,Easy contain various nearly you something relate pressure.,Worker than hospital still laugh security suddenly.,Society home southern forward citizen foreign himself vote check.,397,false,2025-04-26,2026-04-29 17:08:53,45
409,2,Size sign story put son capital.,Reach hit decide arm avoid question wall and rock now.,Painting enjoy avoid week price more.,411,false,2025-04-01,2024-02-25 12:38:09,604
410,1,Audience certainly old yourself help fill.,Machine health manager sometimes seek early.,Plant growth out prepare practice indeed.,131,false,2024-03-22,2025-07-29 12:57:49,86
411,2,Himself feel cell five natural national old soldier ability whom.,Threat service million himself all attention this about between other.,Trial daughter hundred each win memory.,279,false,2025-03-20,2024-09-11 15:40:27,
412,1,Production experience site evening soon maintain single subject community teach.,Year table defense next well simply authority onto range.,Area fight mention father drive side work now major.,61,true,2026-07-27,2024-10-27 18:57:26,824
413,2,Computer new news whether assume moment section.,Leg out require realize direction but who.,People key hold describe capital defense card majority.,55,true,2024-01-13,2026-01-20 20:35:15,268
414,2,Final reflect than management.,Moment necessary their mouth particularly coach increase agency.,Break general tend cold how network note.,314,false,2023-09-21,2024-09-23 01:58:05,209
415,2,Various affect together attorney own.,Serious ask however PM choose myself.,Avoid production western computer.,286,false,2026-03-31,2025-08-27 03:58:32,496
416,2,Thought before others above tend sense hold hold tend door.,Along let central make already sea hair receive.,What according save to ready thought go drive deal agree.,296,false,2026-07-23,2025-10-29 06:15:26,142
417,1,Car wind along successful office help build each these.,Program special way beyond determine by option kitchen.,Ten various strong still change.,229,true,2026-08-15,2025-02-16 12:11:19,805
418,2,Point cut note quite increase.,Door anyone somebody different woman what gun.,Customer painting onto them affect activity somebody.,315,true,2024-08-03,2024-11-14 08:58:30,6
419,1,Maintain analysis require issue drop building hospital accept.,Different eight plan world.,Memory push responsibility fact team explain claim best.,242,false,2024-01-04,,380
420,1,Again degree able heart girl outside natural page image administration.,Born main give lead gas try sea understand hope tough.,Plant sort exactly behind hot city certainly PM middle.,371,false,2026-07-13,2026-09-02 12:55:12,672
421,2,Purpose generation Mrs sea PM story police six clearly central.,Either wide new main.,Stock himself purpose dinner maintain.,306,true,2025-12-13,2023-12-17 20:46:38,656
422,2,Size reveal represent second boy trade very.,Front ask fast oil great whatever which.,Certain pay adult interview old.,104,false,2024-08-10,2024-04-13 13:25:17,523
423,1,Interesting true career last catch effect include behavior.,Agent minute city food population bring report professor kind character cup.,Keep both arrive into.,346,true,2024-03-12,2024-10-13 18:29:07,1000
424,1,Follow trouble produce bag effort behavior instead yes.,Agreement office federal attorney have quickly benefit easy within pass.,,142,false,2024-09-29,2025-05-05 23:13:49,601
425,1,Clearly box could daughter sense particularly image piece billion set.,Clear one prepare wish its board speech sit wall expect.,Result student yourself heavy less staff him.,378,true,2024-09-07,2023-11-03 07:47:56,744
426,2,Tv around quite possible your wall easy.,Oil choice life administration oil this method build certain general.,Share blood draw put check raise cell early.,418,false,2026-07-05,2025-09-17 23:25:18,466
427,2,Seven front north Mr who technology none take along give.,Task speak sign think sure fund address item despite address.,Different apply no month affect scene PM less I central.,134,true,2025-10-04,2023-11-22 10:08:47,75
428,2,Same foreign suddenly thing official alone.,Within fall treat fill view everyone sure opportunity.,Threat easy lawyer its debate.,60,false,2025-08-16,2024-06-07 05:13:47,589
429,2,Seat head manager part outside left clear help.,Dinner respond despite white way major amount put.,Bad project American important share raise wish under enter rate final.,495,false,2023-10-04,2025-01-15 06:19:17,776
430,2,Prepare discover we sister know specific natural political security almost.,Special physical on likely account quite control down.,Kid rock Democrat economic and design away.,235,false,2026-09-05,2024-04-10 05:58:29,494
431,1,Could teacher loss budget join.,Central buy board your leave understand color knowledge effort much.,Run find exactly who use soldier individual.,196,true,2024-08-10,2026-05-28 03:19:59,324
432,2,Ask best how move or identify.,List risk add test mission page difference.,Animal fear property listen save three.,265,true,2024-11-27,2026-05-27 07:52:53,295
433,1,Mind whose three society.,Today meet per seem provide example way.,New site it level energy help.,384,false,2026-06-23,,488
434,2,Leader shake its cut energy crime behavior be later card.,Operation cut season according fund practice.,Simply politics skin discover.,458,false,2025-05-25,2025-08-29 04:50:37,953
435,1,Experience include oil rise culture real imagine special.,There understand little capital recognize player.,Billion away generation debate often half mean eat usually because.,103,true,2024-11-19,2023-11-20 13:14:49,212
436,1,Prepare each financial trial list.,Lawyer actually memory finally yes line including real economy meeting.,Full air onto individual.,128,false,2025-04-21,2024-03-20 06:31:58,943
437,1,Protect know plant own music town note walk yet since.,Whole society skin position might event.,Give order each similar operation rock drug whom company just.,340,false,2025-08-04,2026-02-20 04:11:27,555
438,1,Between quickly future son public small sell discuss appear.,Marriage ahead quickly evidence make yet everybody worker.,No yet effort join yeah thought.,191,false,2024-03-02,2026-08-28 17:33:18,919
439,2,Serious campaign nature film form control.,Name window international audience unit sort candidate later why.,Region wind could then rather.,392,false,2025-08-13,2025-10-24 11:37:18,132
440,1,Newspaper teacher any growth listen avoid include nature.,When indeed use during east scientist strategy.,Sit town medical government garden laugh research threat gun.,217,false,2024-02-09,2025-07-10 17:34:43,
441,2,Measure including movie race source treatment court factor.,Then tough couple people writer also candidate environment above goal.,Market artist building look military pay smile onto.,352,true,2025-05-02,2023-11-29 11:57:28,531
442,2,Service rich while just in shake operation able.,Year risk all degree eight personal join throughout near act.,Five teach address including table pass order truth.,5,true,2023-09-14,2025-03-08 12:35:53,104
443,2,Deal so question dog performance allow put some onto.,Grow amount thought idea large half.,Feeling her play new win rate program prove senior.,442,false,2026-01-17,2024-11-17 01:17:54,276
444,2,Yard long model personal what exist anything identify.,Second up stock impact wind.,Process create bad her again.,176,false,2025-10-09,2024-07-29 08:58:24,430
445,2,Heavy leg operation member fall discover real these.,Term window foreign forward society enjoy size his.,Environmental yourself individual head dog modern.,206,false,2024-03-01,2025-08-01 22:26:27,590
446,1,Relate weight open help anyone region talk rise rate message.,Military already blue police cover wonder visit money.,Four catch sea building nor drop late.,370,false,2023-11-11,2024-03-10 12:00:16,877
447,2,Decade against position fact democratic vote rather be culture year.,Form keep particularly air American control husband sit.,Magazine voice arm political wait give tell window kind available.,410,true,2025-09-26,2024-01-09 15:01:12,
448,2,Expect door magazine low here.,Paper source prevent popular sea rest car that him.,Life operation likely foreign later word.,458,false,2026-02-13,2023-10-15 00:11:06,576
449,1,Figure enough agency clear relate third everyone fear nice say.,Help onto idea everything building push.,Main short minute subject page on owner account.,354,true,2025-12-28,,488
450,1,Interest north bad west business realize food although right perhaps.,Apply example fact letter control apply case feel gas character night.,Article free least power near.,172,false,2024-07-10,2023-11-11 01:51:54,955
451,2,Woman the early buy education something dream national.,Wait all fire model our ready put affect present head.,Lose a rest group blood office public democratic sort.,211,true,2025-07-30,2026-08-26 10:37:32,621
452,1,Why later partner you yeah reality fight put.,Sport begin word sing attack idea image room.,In identify discussion difficult no debate move drop voice central.,333,true,2026-02-03,2024-02-01 06:29:35,333
453,2,Middle field particular I hand stay note laugh sing different father.,Stage whole power expert car present herself.,Toward present summer red tell.,229,true,2025-07-16,2026-05-21 14:04:49,647
454,1,Clear across age purpose clear affect early history ago.,Human international industry always until over theory could.,Card feel wear throughout but finish lay method.,328,false,2024-06-29,2026-02-06 06:19:17,415
455,1,Institution individual suffer prepare company last true western number.,Source difficult stock job success financial.,,176,true,2024-02-27,2023-12-23 15:56:12,728
456,2,Either fly hour her increase step protect.,This subject trial side apply increase.,Add back film player visit.,203,false,2026-09-01,2026-05-11 17:41:57,962
457,2,Point happy cell eight yourself hard.,Example security camera probably article set must scene.,Lawyer community employee push away own state message.,267,false,2024-03-18,2026-08-27 00:46:11,24
458,1,Boy feel decision free deep theory political stay garden resource.,By world property institution security able really memory structure.,Site yourself exist represent somebody suggest each.,339,false,2025-12-27,2026-01-07 18:47:32,82
459,1,Pull peace me same adult recognize movie why prove.,Serve public firm especially Republican.,Capital husband age physical issue.,53,true,2023-12-24,,562
460,1,Side lawyer police choose draw ability budget movement.,Finally whole other economy throughout serve natural read.,,204,true,2024-06-15,2023-09-30 11:56:00,87
461,2,Wrong sister rule decision offer value answer line market address.,Range ok support dream even room plan watch.,City home agent former hair remember religious vote right him challenge.,127,false,2025-03-17,2025-07-08 02:52:10,540
462,1,His generation under national detail worker director drug.,Significant debate ahead radio bag much meet seven natural most.,,340,false,2024-04-02,2026-05-04 00:08:45,488
463,2,Quickly not lot rise.,Drug knowledge cup radio author owner it guess poor tax.,Factor sense play rule strategy send game information protect quickly.,277,false,2024-10-28,2025-02-05 13:11:41,972
464,1,Treatment language vote southern medical ground.,State apply often that professor alone game word town.,Edge soldier one another leg.,234,false,2024-07-22,2025-06-09 15:31:02,318
465,2,Human employee mouth lose manager pass among fear some station single.,Radio dog big low.,Present see a attack around cultural huge travel particular wife.,117,true,2023-11-28,2024-11-17 14:12:14,267
466,1,Education by item without since hot production ever at ahead reason.,Get kitchen inside career red agent easy.,Activity accept say bag tend determine.,1,true,2023-12-19,2024-03-03 12:17:21,9
467,2,Various arrive western far southern himself help receive decision also.,Agency father news professional benefit make defense surface.,High science world listen although answer hour.,245,false,2024-12-25,,300
468,1,Man laugh mother peace authority business brother.,Learn south agent produce likely.,Result risk pretty lay same should even point question science.,281,false,2025-04-24,2024-10-21 20:00:29,448
469,2,Last again different rule huge leave rock plan.,Should use with street again on peace.,Once personal score walk more music table fire describe amount above.,367,false,2024-08-22,2024-05-03 12:13:52,82
470,2,Theory agent partner name ago leg allow.,Child well light front land.,Speech simply its fact represent way.,265,false,2024-04-29,2024-02-11 20:56:47,829
471,2,Bit take cell worry dark.,Successful give clearly listen when word.,Rate tend name trade situation security election.,437,true,2026-06-29,2026-03-23 14:42:06,653
472,2,Movement reality require thing.,Blue sign maybe few reduce.,Art word race single two camera beyond.,140,false,2025-01-10,2025-10-20 14:47:43,
473,1,Black north tonight who surface the yourself too wind tree.,Be charge industry dark president boy.,Later according house improve.,12,true,2025-08-17,2024-07-08 08:19:05,129
474,2,Beyond line dog themselves style into notice.,Player factor control common least understand.,On now reason response specific determine stop hear hold too.,120,true,2023-10-18,2025-11-14 13:44:44,351
475,2,Prevent science air enter right think good.,Quickly somebody specific go yet.,Per watch rock piece development.,410,false,2024-05-13,2025-08-24 18:48:48,811
476,1,Treat character response industry reduce guess who part relate.,Teach discover sing similar before call series raise often win top.,Its natural shake beautiful.,432,true,2025-11-07,,74
477,2,Huge product social cover wife offer around walk.,Democratic use ever note imagine focus month realize usually material.,Pick serious TV expect certain top end region less certain song.,459,false,2025-03-01,2024-07-26 00:42:03,125
478,1,Pay experience feeling owner.,Cause month role mission agency rest.,On friend inside collection remember American.,500,false,2024-08-18,2024-06-28 04:17:48,204
479,2,Help just town development technology cost.,Benefit prove week night let work development according something performance.,End would interesting resource sure can husband.,49,true,2025-07-11,2025-03-30 10:58:58,320
480,2,Vote boy or at have leave easy reach.,Pick father employee lawyer Republican street.,Personal great this employee.,373,true,2024-09-09,2025-04-10 23:09:19,126
481,2,Machine information movement military boy.,Project budget lay another movie dog glass experience computer true.,Turn gun expert well serious Mr.,153,true,2024-11-08,2023-09-28 23:08:28,
482,1,They southern finally maintain record good.,Blood energy billion she pretty allow between purpose.,Ten nothing produce thought picture stock media present wait.,121,false,2024-08-19,2024-06-12 09:17:34,283
483,1,Work report purpose care little career kind majority black focus.,Yet create street above opportunity race example maintain travel.,Add moment prevent agreement soon there Mrs.,125,true,2025-11-23,2024-03-12 12:52:57,708
484,2,Television end best pay home.,See allow reason each inside focus start policy never whom.,Add collection nearly his information wrong analysis actually account often.,80,false,2023-10-09,2026-04-21 00:15:19,512
485,1,Shoulder memory according easy a until lay child will tend.,Picture skill pretty phone anything sense course lawyer article.,Artist shake number color coach their opportunity her positive cold.,174,true,2024-10-16,,719
486,1,Give within attack official no.,Able single thus lawyer care production story reason final.,Production important forward shoulder down on.,120,false,2025-10-21,2024-11-12 20:00:50,775
487,2,Old time star maintain pretty past go because participant side.,Vote growth support mean lay whom throughout.,Energy pressure positive staff best itself production.,225,true,2023-10-10,,742
488,1,Whether never hand affect player only beat rest.,Protect arm smile put statement particular ask life foreign probably.,Cost other trouble past room.,21,false,2023-12-25,2024-09-05 17:47:34,556
489,2,Two ball audience weight when list class.,Front might movie low only amount analysis.,Inside need sister wife get music.,96,false,2023-10-05,2026-05-09 00:39:50,889
490,1,Would stock newspaper product green soon.,Now marriage ten who price.,,80,false,2026-09-04,2025-01-13 02:34:30,376
491,2,Price pay form yes toward service.,Matter reduce natural interesting outside actually billion reason no.,,327,false,2024-01-28,2024-04-30 06:50:13,635
492,2,Event cost per wonder experience low.,Above win general occur always.,Tough final especially interesting perform growth which ready today.,123,false,2026-03-17,2025-04-17 15:53:27,552
493,2,Eye hit well whatever want mother four car Mr.,War behind six arm respond.,Economic political film show ball add enough simple animal.,350,false,2024-02-26,2024-04-12 09:58:37,290
494,2,Sit nor then lead Democrat since item new.,Us support her whatever growth ground.,Forward including food his music agency.,165,true,2026-07-25,,45
495,1,Environment whose local cold husband themselves member born.,Anything compare good if enter.,Draw know meeting carry enter phone meet.,17,true,2024-07-22,2023-09-18 15:36:28,33
496,2,Ready find along project history share.,American owner friend black assume bit hour building movement.,Talk hair pattern for evidence concern modern billion course.,270,false,2026-05-07,,736
497,1,Eye pattern pass suggest three responsibility.,Mind team research help recent.,,472,true,2025-01-28,2026-07-08 21:48:28,853
498,1,Here stop nation will tend mind.,Choice between election range of even education page wide figure.,Hospital way mouth defense measure bank place before two.,328,true,2025-09-09,2026-02-10 06:18:13,912
499,2,Film road model argue fall ball peace play.,Rise toward language north already small.,Create ask year after five suffer federal cause.,407,true,2025-07-30,2026-02-04 08:57:54,42
500,1,Unit perform Mrs why kind of hear.,Policy indeed bed alone million.,Term body minute ready give try board say share.,40,true,2026-08-30,2024-09-05 04:12:39,
