rental_id,rental_date,inventory_id,customer_id,return_date,staff_id,last_update
1,2026-09-02 17:56:16,498,207,2024-05-23 08:08:58,2,2024-02-14 00:38:46
2,2024-01-01 11:34:53,232,79,2025-11-03 20:21:27,2,2026-02-25 15:06:13
3,2025-01-03 00:01:44,215,487,,1,2023-10-16 03:08:45
4,2025-10-23 08:08:36,404,163,2025-03-13 10:51:08,1,2026-09-11 07:33:47
5,2026-09-05 20:18:52,205,188,,1,2024-01-10 01:49:54
6,2025-05-07 17:42:58,78,304,2024-04-20 11:57:32,1,2025-06-17 09:21:43
7,2025-10-04 10:16:23,49,9,2025-04-29 06:22:00,1,2024-04-09 11:57:20
8,2025-06-19 08:43:32,139,173,2024-04-09 05:47:21,2,2024-09-28 14:03:56
9,2025-03-17 21:16:56,201,82,2025-09-19 01:51:13,2,2024-06-11 12:55:58
10,2026-06-03 11:14:38,117,98,2025-11-23 22:43:22,2,2025-01-13 09:18:36
11,2026-06-14 10:43:57,222,223,2026-04-13 03:44:44,1,2025-04-14 03:54:51
12,2024-02-14 01:37:18,250,497,2024-09-09 00:02:13,2,2025-07-21 23:41:56
13,2024-01-26 12:09:55,493,55,,2,2025-04-04 13:54:46
14,2025-04-18 21:24:49,362,245,2025-11-13 01:46:46,1,2024-05-02 19:01:01
15,2024-01-21 23:47:58,121,266,2025-03-03 15:36:11,1,2024-04-15 15:04:23
16,2024-02-01 14:24:37,214,252,,2,2025-04-02 11:20:44
17,2025-08-16 15:59:24,324,82,2024-05-15 14:43:28,2,2024-03-30 15:10:48
18,2025-10-17 12:35:04,351,317,2025-01-25 05:35:00,1,2024-08-12 12:20:54
19,2026-01-09 20:43:54,307,67,2026-05-05 04:49:22,2,2025-02-10 11:56:09
20,2024-10-24 02:54:44,372,192,2024-08-26 10:33:27,1,2026-02-10 22:33:53
21,2023-10-11 11:23:11,190,290,2026-06-23 03:07:05,1,2025-10-06 04:14:42
22,2025-02-25 20:33:08,10,229,2024-10-01 14:02:40,1,2024-03-30 10:02:44
23,2026-08-21 00:11:11,108,484,2026-06-17 03:20:40,1,2024-12-16 08:00:08
24,2026-03-13 22:22:39,466,447,2023-10-26 11:09:04,2,2025-02-15 11:17:27
25,2026-01-31 19:26:36,403,144,2024-03-03 07:13:53,2,2025-08-14 08:09:57
26,2025-06-12 18:37:41,358,100,2026-07-17 22:42:42,2,2024-07-11 23:51:00
27,2024-01-05 05:33:18,401,324,2025-10-07 03:05:41,1,2026-04-16 18:22:58
28,2025-02-10 04:02:55,363,304,2025-05-07 18:10:35,1,2025-03-28 10:47:23
29,2024-12-15 23:52:13,251,289,2025-12-12 17:56:42,1,2025-11-30 11:04:45
30,2025-10-05 09:10:58,161,262,2026-06-10 20:14:08,2,2023-09-12 14:48:27
31,2026-03-13 09:12:25,385,76,2026-07-20 23:02:11,1,2025-12-12 18:03:19
32,2024-08-09 21:59:46,271,252,2025-03-10 19:16:27,2,2024-07-16 23:17:48
33,2025-03-08 18:07:50,35,231,2024-10-21 03:27:31,1,2025-02-03 15:55:48
34,2025-01-22 07:01:33,406,395,2024-03-12 02:30:30,1,2024-11-19 11:04:31
35,2026-06-04 05:58:05,187,435,2025-06-03 14:19:43,2,2024-09-24 08:29:05
36,2025-01-18 04:57:47,127,115,2024-06-18 04:45:57,2,2024-07-08 05:14:34
37,2026-07-18 05:54:06,183,423,2025-11-12 21:51:20,1,2024-01-21 22:44:17
38,2026-06-13 06:08:02,402,140,2024-10-29 20:05:46,2,2025-06-21 05:20:18
39,2026-07-03 06:49:59,161,310,2024-07-25 21:22:07,1,2026-05-11 14:36:33
40,2026-05-21 12:30:44,422,416,2024-12-11 05:01:02,1,2024-03-07 17:40:58
41,2026-04-27 23:18:25,152,376,,1,2023-11-16 21:42:41
42,2023-12-26 15:25:37,269,410,2024-02-16 13:46:13,1,2024-09-25 01:14:31
43,2026-02-11 19:05:56,405,193,2024-10-25 12:49:04,1,2026-04-15 07:35:05
44,2025-12-05 17:52:17,153,134,2023-11-07 00:23:03,2,2025-07-02 02:20:34
45,2026-06-06 10:49:26,13,15,2025-03-21 15:32:18,2,2025-06-04 00:05:27
46,2024-05-27 16:41:37,41,189,2026-09-06 16:49:12,1,2025-10-24 22:11:10
47,2025-02-10 09:07:50,229,321,2026-07-06 20:14:41,1,2025-09-08 00:42:06
48,2023-10-20 12:06:29,305,228,2024-04-23 23:49:58,1,2026-04-13 07:06:12
49,2024-07-03 07:58:09,480,141,2025-06-02 18:20:15,1,2026-03-13 02:10:23
50,2025-05-14 00:54:13,362,311,2024-02-01 17:43:02,1,2026-03-16 17:29:37
51,2026-05-30 19:04:03,301,66,2024-11-01 15:51:45,1,2024-01-28 11:17:55
52,2024-11-20 18:42:07,64,27,2023-09-18 21:41:42,2,2025-11-09 02:26:40
53,2025-05-30 04:29:06,189,73,2025-06-30 04:14:47,2,2024-06-04 23:52:51
54,2025-05-02 00:40:23,282,14,2023-10-07 05:28:42,2,2025-09-12 02:21:47
55,2026-01-10 04:05:10,203,92,2025-07-10 10:37:29,1,2026-08-28 00:01:31
56,2024-09-04 23:17:12,330,145,2026-02-01 15:46:21,1,2026-08-30 06:55:40
57,2024-09-05 12:40:16,453,262,,1,2024-01-03 07:45:19
58,2025-06-14 11:19:33,255,33,2025-07-05 23:54:53,1,2024-12-03 07:46:10
59,2023-11-17 12:36:53,78,53,2026-07-01 16:36:49,1,2024-12-15 00:47:49
60,2026-01-17 16:21:11,48,387,2024-03-06 15:17:20,2,2026-08-18 09:40:17
61,2026-05-15 07:33:07,174,42,2023-12-03 15:55:20,1,2025-08-31 16:20:18
62,2023-10-25 09:34:24,253,206,2026-08-30 05:57:13,2,2025-06-29 13:58:39
63,2025-02-24 22:40:19,329,405,2024-01-04 22:56:19,1,2026-07-04 03:29:28
64,2025-07-31 22:23:26,281,422,,1,2024-06-06 01:37:08
65,2024-02-22 14:23:44,230,82,2026-05-10 06:00:54,2,2025-01-29 09:24:48
66,2026-09-06 20:34:09,117,123,,1,2024-06-25 04:39:22
67,2025-05-15 10:09:48,27,330,2025-05-15 04:23:59,1,2024-08-18 07:18:37
68,2025-06-05 17:36:02,246,22,,1,2024-10-14 07:47:06
69,2024-05-01 13:01:37,487,79,2026-01-17 14:34:26,1,2025-11-08 03:49:39
70,2024-10-13 06:13:58,257,164,2026-04-09 16:54:24,2,2024-08-30 05:52:57
71,2026-08-28 12:22:27,10,262,2023-11-21 05:39:40,2,2024-08-04 14:23:24
72,2025-12-06 20:19:42,13,343,2025-10-06 17:31:49,2,2025-06-18 20:09:42
73,2024-02-01 21:44:18,282,35,,1,2025-04-19 17:44:05
74,2024-11-07 16:27:28,107,118,2026-01-24 11:59:30,1,2025-01-30 01:37:47
75,2023-09-13 18:01:16,179,360,,2,2025-06-22 21:42:31
76,2024-06-14 07:11:31,261,461,2024-01-05 02:46:22,2,2026-02-22 12:37:39
77,2025-05-04 16:26:59,109,78,2025-05-08 05:47:05,2,2024-02-09 11:06:44
78,2025-05-09 01:49:38,137,285,2026-05-11 18:35:03,2,2026-09-02 12:15:29
79,2025-03-03 05:29:10,82,428,2024-10-02 08:11:28,2,2026-06-24 12:18:34
80,2025-06-16 20:36:59,172,101,2026-09-10 06:56:37,2,2025-05-03 04:41:06
81,2026-03-01 18:26:01,202,62,2025-08-06 13:53:04,2,2025-10-02 07:32:30
82,2023-11-07 23:26:46,15,229,2025-01-05 04:45:47,2,2025-10-11 01:22:56
83,2024-09-26 06:23:39,105,95,2025-02-11 16:36:33,2,2025-05-05 19:56:07
84,2026-03-05 18:13:10,412,55,2023-12-24 03:40:26,1,2024-08-23 23:17:36
85,2025-05-11 07:18:53,103,389,2023-12-30 21:35:50,2,2026-02-04 10:23:02
86,2026-03-15 16:19:22,427,354,2023-10-22 13:48:59,2,2026-03-28 01:04:21
87,2024-04-22 21:52:30,185,238,,1,2024-03-06 10:06:31
88,2023-10-05 20:17:54,291,456,2024-07-28 07:14:55,2,2024-03-24 22:55:37
89,2024-12-15 06:31:28,112,262,,1,2024-12-24 04:23:15
90,2024-03-18 11:08:33,111,425,2026-08-12 19:07:47,2,2024-06-01 10:14:09
91,2026-01-13 22:46:05,106,256,2025-06-21 21:49:55,2,2024-08-11 11:11:22
92,2023-12-11 06:43:24,369,168,2026-04-11 19:59:46,2,2024-03-28 23:15:12
93,2025-03-16 07:32:51,309,386,2025-09-11 23:45:53,2,2026-06-20 04:34:46
94,2025-06-26 20:24:16,246,288,2024-04-19 12:40:07,1,2025-12-12 19:59:00
95,2025-10-03 22:48:50,40,316,2024-03-23 13:36:51,1,2024-08-18 21:39:02
96,2025-06-26 09:26:02,437,16,2025-08-29 04:40:39,1,2024-02-27 09:31:54
97,2026-05-01 03:48:34,485,141,2025-05-16 17:06:47,2,2024-05-22 00:47:09
98,2024-09-25 16:05:54,228,196,2025-07-31 09:33:40,1,2024-03-06 15:06:45
99,2025-12-04 13:52:58,50,28,2024-08-22 15:00:32,1,2026-01-17 03:37:16
100,2023-12-14 07:25:40,498,217,2026-01-17 16:29:42,2,2025-01-31 01:14:28
101,2025-06-10 06:01:32,39,144,2025-08-19 03:09:11,1,2024-04-01 05:02:59
102,2025-02-06 01:36:45,153,395,,1,2024-04-15 02:06:41
103,2024-05-25 12:38:29,155,73,2024-12-10 04:12:39,1,2024-01-07 08:13:03
104,2024-05-12 20:28:16,62,471,2024-09-02 13:13:24,1,2024-05-10 06:44:06
105,2026-03-22 13:28:06,451,477,2024-02-10 15:43:55,1,2023-11-04 07:10:02
106,2023-11-26 01:10:10,8,58,,1,2023-12-18 04:06:38
107,2025-08-11 20:09:11,234,446,2026-05-12 15:22:18,2,2026-06-13 17:02:21
108,2024-06-05 20:19:41,139,12,2023-09-30 04:15:59,2,2024-05-01 19:21:18
109,2025-04-10 16:15:22,33,375,2026-03-03 18:27:05,1,2025-05-19 05:22:12
110,2023-11-18 01:29:32,34,204,2026-03-03 17:00:24,1,2025-08-01 22:39:18
111,2024-03-12 09:50:08,20,255,2024-02-08 06:16:44,2,2025-07-28 10:34:19
112,2025-12-07 20:14:04,212,90,2025-12-20 08:48:28,1,2026-01-26 10:00:28
113,2024-12-10 02:01:12,337,33,2026-07-12 14:56:24,2,2026-07-18 16:16:21
114,2023-12-25 06:17:42,364,145,2023-12-05 20:43:01,1,2025-01-09 08:21:10
115,2025-08-11 21:18:34,411,137,,2,2024-09-10 10:29:35
116,2026-06-02 20:03:04,494,447,2023-11-02 15:06:44,2,2024-09-27 08:19:57
117,2023-11-07 03:36:45,415,1,2025-06-18 11:44:42,1,2025-06-04 20:06:03
118,2023-11-24 06:02:18,448,289,2025-07-31 19:50:50,2,2025-01-29 16:45:07
119,2024-08-29 08:33:01,287,488,2023-10-12 20:08:28,1,2026-02-08 10:15:48
120,2025-07-30 21:15:35,367,435,2023-12-12 07:18:03,2,2025-10-11 03:47:39
121,2026-03-17 05:49:12,187,46,2026-04-02 19:38:08,2,2026-04-30 16:04:02
122,2023-10-07 11:50:15,421,242,2025-10-18 04:05:36,2,2024-01-07 13:32:15
123,2026-03-05 09:22:13,338,462,2025-11-14 20:30:35,1,2024-09-22 11:34:27
124,2026-03-19 12:05:00,165,377,2024-01-14 10:00:52,2,2024-03-12 12:33:32
125,2025-03-16 21:22:45,90,298,2026-01-10 18:58:57,2,2026-06-30 04:00:22
126,2023-11-16 17:29:19,178,393,2025-04-05 05:05:26,2,2024-11-18 03:12:13
127,2026-02-06 21:05:19,346,278,2024-04-12 19:29:38,2,2023-11-11 06:22:14
128,2025-02-24 11:05:38,45,309,2025-05-15 02:50:21,1,2025-01-04 20:18:05
129,2025-06-18 19:46:40,171,474,2024-07-19 11:25:23,2,2026-07-23 19:03:05
130,2025-03-05 01:05:42,231,386,2026-05-18 01:14:02,1,2024-01-07 18:36:19
131,2023-12-23 04:33:59,456,22,2024-07-10 06:46:07,1,2024-01-11 10:56:25
132,2024-01-23 23:41:52,307,175,2024-11-02 23:12:34,1,2025-04-23 14:20:16
133,2026-01-28 10:28:40,436,409,2024-01-22 11:31:48,1,2025-03-07 04:47:30
134,2025-12-13 20:05:35,423,355,2023-11-21 09:04:26,2,2025-05-24 05:14:54
135,2025-05-12 17:39:38,451,58,2026-01-28 18:31:10,1,2024-08-01 04:23:22
136,2025-11-11 23:53:58,267,54,2024-09-17 19:23:06,2,2025-06-26 05:29:41
137,2026-02-22 17:21:47,479,282,2025-02-05 08:15:26,1,2026-04-28 17:59:39
138,2026-07-30 11:55:36,379,117,2025-12-06 09:04:10,2,2024-08-07 00:32:08
139,2026-04-19 08:22:14,251,60,2025-07-15 21:50:22,2,2025-07-19 19:25:21
140,2023-11-12 08:05:30,281,480,2024-03-30 18:03:51,2,2024-05-20 13:04:56
141,2024-04-10 09:31:16,113,296,2025-11-22 01:41:03,2,2025-11-10 02:37:23
142,2025-02-15 02:23:29,353,385,2023-09-26 19:37:55,1,2026-01-06 14:34:13
143,2026-02-19 15:55:21,328,330,2026-04-01 01:00:10,1,2026-05-18 06:52:53
144,2025-05-07 09:08:51,367,1,2024-10-06 03:35:22,1,2024-12-17 02:20:59
145,2026-06-14 16:42:57,254,74,2024-10-29 06:11:09,2,2026-03-21 17:54:08
146,2026-03-24 07:34:44,124,387,2026-08-26 21:49:47,1,2026-07-03 04:02:27
147,2025-09-14 13:39:12,278,327,,1,2025-04-11 22:58:35
148,2024-09-08 05:56:29,13,9,,1,2025-05-09 13:07:23
149,2023-12-30 23:32:33,107,96,2024-10-22 15:30:22,1,2025-01-17 07:38:04
150,2023-12-14 00:07:29,35,130,2026-08-22 17:39:54,1,2025-01-08 21:12:03
151,2025-01-18 12:40:34,217,484,2025-02-10 14:08:12,2,2026-09-08 10:37:44
152,2024-12-29 21:54:32,6,358,2024-02-03 10:03:15,2,2026-06-06 00:58:19
153,2023-11-29 03:53:51,199,192,2026-04-01 08:50:40,2,2025-10-28 15:32:52
154,2024-01-03 07:55:11,318,302,2023-10-18 23:15:25,1,2024-03-19 01:53:27
155,2025-12-24 04:51:26,348,252,2024-06-11 19:47:10,2,2025-02-11 00:59:37
156,2026-06-17 04:37:17,164,180,,2,2025-11-24 02:58:49
157,2024-05-25 10:37:56,441,409,2024-11-12 22:11:03,1,2024-02-16 17:49:17
158,2025-03-13 13:05:12,217,353,2024-08-29 17:00:10,2,2026-03-08 23:39:38
159,2025-02-04 14:49:15,486,498,2023-10-05 04:48:44,1,2025-11-10 04:46:46
160,2026-06-28 04:45:16,195,20,2025-08-26 05:37:20,1,2025-05-19 00:58:26
161,2026-05-14 03:54:48,244,130,2026-06-15 03:14:37,1,2024-12-24 22:41:54
162,2023-09-12 18:07:44,126,371,2026-02-28 03:30:01,1,2024-08-25 00:54:45
163,2024-06-23 13:53:11,233,195,2025-02-04 00:10:48,1,2024-08-21 19:32:38
164,2025-12-07 22:20:51,310,241,,2,2024-08-03 01:14:57
165,2025-04-09 03:41:53,283,398,2024-06-21 06:46:33,2,2026-06-23 03:26:39
166,2024-05-28 16:17:48,111,315,2025-06-20 06:55:47,1,2024-07-15 14:16:46
167,2025-12-06 15:38:14,351,66,2024-03-14 06:08:50,1,2024-11-22 01:15:36
168,2024-12-08 17:09:16,479,260,2024-05-06 10:20:17,1,2026-05-18 09:36:02
169,2023-12-25 23:01:47,238,141,2026-08-03 20:13:50,2,2025-04-06 07:38:08
170,2025-11-02 23:53:13,411,474,2024-05-19 02:36:46,1,2026-05-03 10:41:47
171,2024-05-24 13:22:22,130,300,2024-07-14 01:13:45,2,2025-10-18 15:48:53
172,2025-07-17 15:44:32,90,462,2024-08-10 09:22:55,1,2023-12-08 01:31:44
173,2026-06-11 16:30:06,21,149,2026-05-27 02:32:12,2,2025-06-01 18:34:25
174,2026-03-25 02:49:17,57,352,2025-07-19 07:02:14,1,2025-01-30 09:44:20
175,2025-02-09 02:09:42,102,247,2025-09-23 22:24:08,1,2023-12-18 13:13:33
176,2024-10-20 21:32:36,199,398,2025-07-19 13:41:46,1,2026-08-03 03:53:29
177,2025-08-21 02:08:42,396,193,,1,2024-01-18 15:09:45
178,2026-02-15 01:25:55,115,175,2023-10-07 13:52:06,2,2023-12-09 15:42:08
179,2024-01-04 10:01:43,118,366,2024-06-03 17:33:02,1,2026-08-07 18:53:24
180,2026-06-06 22:40:48,52,85,2025-09-18 15:26:19,1,2025-03-04 17:34:00
181,2025-01-11 11:35:13,225,255,2026-02-05 11:46:03,2,2025-04-26 18:05:43
182,2025-09-02 11:34:17,11,363,2026-01-19 14:08:47,2,2025-09-10 16:47:55
183,2025-04-08 16:43:52,326,279,2026-03-28 10:29:51,2,2024-03-11 12:47:14
184,2026-04-04 15:00:41,18,143,2023-11-15 01:04:08,2,2023-11-14 00:52:56
185,2026-01-12 15:13:12,35,34,,2,2026-07-20 20:36:55
186,2024-02-13 06:23:48,244,206,2024-08-27 03:43:26,1,2024-08-04 10:02:14
187,2026-02-21 17:59:57,465,476,2023-11-07 18:51:41,1,2025-08-14 14:57:43
188,2026-04-07 03:53:44,13,83,,1,2026-07-12 14:31:37
189,2025-08-06 01:00:31,341,101,2023-10-10 10:52:18,2,2026-09-08 13:53:26
190,2024-07-05 22:16:34,286,135,2025-10-23 06:27:11,1,2025-09-11 11:35:29
191,2023-09-16 02:47:51,299,212,2026-05-07 07:21:33,1,2026-04-17 07:47:04
192,2024-12-11 03:23:01,119,104,2025-05-25 08:24:50,1,2026-07-03 20:22:26
193,2026-05-23 03:19:12,383,360,2026-02-20 11:08:09,2,2025-12-01 21:44:03
194,2025-11-24 10:07:58,31,262,2026-04-13 03:31:06,1,2025-04-04 18:18:11
195,2025-12-12 09:23:16,269,341,2025-01-22 17:31:38,1,2025-01-28 02:55:00
196,2025-05-16 04:41:18,156,451,2023-10-10 00:28:43,2,2025-09-03 00:48:35
197,2024-06-26 06:56:28,472,125,2024-01-16 01:44:05,1,2023-10-11 09:44:07
198,2026-09-11 10:58:09,97,340,2026-02-28 19:42:45,2,2024-12-04 14:29:23
199,2025-09-25 03:30:04,110,51,2026-07-16 16:14:41,1,2025-03-08 07:04:53
200,2026-09-10 08:58:47,75,342,2024-04-08 03:01:32,1,2025-03-11 02:36:58
201,2025-08-05 17:25:01,441,390,,1,2025-12-24 02:45:10
202,2023-10-17 06:25:57,290,85,2026-03-26 20:21:40,2,2024-09-06 02:53:08
203,2024-05-14 19:59:20,430,321,2026-03-21 01:03:25,1,2025-12-22 21:56:54
204,2024-01-17 00:07:19,424,135,2025-06-20 12:17:12,2,2024-09-07 06:55:15
205,2026-03-29 02:51:47,22,446,2025-04-11 07:22:28,2,2024-12-23 11:14:53
206,2025-01-15 00:19:37,15,99,2024-06-21 02:58:33,2,2024-10-24 09:47:02
207,2026-01-09 21:44:33,201,231,2023-11-01 03:50:14,1,2024-04-22 17:12:15
208,2024-06-10 05:54:51,384,465,2025-01-16 21:01:23,2,2026-06-10 12:05:36
209,2026-01-04 13:31:28,331,447,2024-07-29 21:19:08,1,2024-07-04 14:53:00
210,2025-02-28 06:31:11,124,307,2026-04-05 22:03:17,2,2026-06-08 07:36:52
211,2024-10-08 11:09:54,396,39,2024-05-08 03:41:39,1,2025-02-11 18:08:51
212,2024-08-31 10:51:09,214,34,2025-11-27 06:21:45,1,2026-06-02 11:15:28
213,2023-09-23 17:00:22,396,329,,2,2024-06-19 05:40:04
214,2025-03-29 05:25:42,202,144,2026-05-15 09:45:58,2,2024-02-22 05:45:14
215,2025-04-23 10:09:23,156,429,2026-03-05 15:46:42,2,2023-12-10 17:44:47
216,2023-10-19 17:46:27,471,158,2025-11-06 04:06:50,2,2026-01-23 05:59:22
217,2024-01-07 20:14:53,262,250,2024-08-26 05:35:41,1,2024-02-16 00:19:28
218,2026-07-04 02:36:30,241,173,,2,2024-03-20 03:53:19
219,2025-02-23 02:06:31,500,176,2026-06-19 00:14:18,1,2026-01-11 05:09:45
220,2025-10-01 20:40:30,129,323,2025-05-31 09:22:31,2,2025-10-31 10:50:17
221,2025-03-04 12:57:15,448,148,2025-09-25 08:01:04,1,2024-01-03 22:47:55
222,2025-12-18 20:12:12,161,475,2024-12-29 18:16:46,1,2025-06-30 04:43:24
223,2026-08-30 09:33:39,290,98,2024-02-13 04:07:27,2,2023-09-29 05:39:55
224,2023-10-11 17:41:17,99,423,2026-03-30 19:54:29,2,2025-02-03 21:19:49
225,2024-12-19 09:35:25,143,136,2026-07-05 23:47:05,1,2025-03-28 23:42:33
226,2026-02-07 13:30:56,394,314,2025-08-16 22:43:59,1,2025-06-11 14:30:00
227,2025-06-18 21:06:20,411,395,2024-02-21 04:41:09,1,2026-05-12 21:02:12
228,2024-04-29 17:16:07,352,352,2025-08-05 04:25:07,2,2024-01-08 18:46:19
229,2023-09-20 18:30:19,105,409,2026-06-20 15:51:52,1,2025-08-05 09:49:00
230,2023-12-06 22:46:19,61,371,2025-03-05 17:41:29,2,2024-04-15 22:15:14
231,2026-09-07 07:24:27,327,127,2024-09-07 13:43:25,2,2025-01-26 11:06:43
232,2026-06-01 04:34:21,94,455,2023-11-15 10:13:39,2,2025-10-05 15:21:30
233,2025-10-09 17:55:22,192,126,2024-12-04 02:21:08,2,2025-11-08 01:18:40
234,2025-02-23 06:57:04,478,291,2024-12-03 17:16:13,2,2025-03-20 15:45:06
235,2025-03-20 19:49:40,75,131,2025-04-10 04:09:36,2,2025-03-23 22:00:28
236,2026-02-01 10:50:03,64,495,2024-05-31 22:21:24,2,2025-02-02 22:40:57
237,2024-10-29 20:45:26,2,35,2023-10-05 13:31:35,2,2023-11-25 04:40:13
238,2025-10-20 17:54:13,476,254,2023-12-05 19:05:07,2,2026-07-21 05:01:27
239,2024-09-19 23:53:27,262,291,2023-11-11 15:16:05,2,2025-01-17 21:48:26
240,2025-04-26 15:02:04,27,219,2025-06-01 14:50:39,2,2025-07-10 18:42:17
241,2026-02-07 15:31:42,305,56,2025-02-17 11:57:43,2,2025-04-20 21:24:48
242,2026-03-16 00:53:18,161,62,2026-05-16 15:57:06,1,2024-06-29 12:32:19
243,2023-11-14 21:34:40,186,390,2025-05-03 06:05:58,1,2024-04-15 02:48:55
244,2026-06-28 05:50:21,22,434,,1,2024-07-07 08:51:16
245,2024-04-25 23:17:28,281,275,2023-11-18 07:48:07,1,2026-05-10 07:40:51
246,2025-04-05 21:53:42,474,381,2025-10-04 15:35:59,1,2026-04-01 07:07:32
247,2025-06-23 10:03:30,21,457,2026-07-29 22:30:34,1,2023-11-12 21:20:07
248,2025-01-24 10:36:21,6,58,2024-01-08 15:16:43,2,2024-08-20 20:45:25
249,2025-01-02 12:44:36,146,221,2025-11-17 10:39:46,1,2024-06-08 15:49:43
250,2025-03-01 18:03:40,317,310,2023-09-13 02:42:57,2,2024-04-12 07:49:33
251,2025-12-01 10:50:18,476,283,2023-11-26 02:34:37,1,2024-12-19 17:13:57
252,2025-04-03 14:01:31,78,12,2024-03-06 23:58:57,2,2023-09-22 11:19:04
253,2026-07-31 17:05:19,391,113,2024-04-22 09:44:24,2,2025-11-24 06:16:29
254,2024-11-15 10:30:06,105,278,2026-05-12 00:18:09,1,2024-05-24 16:30:35
255,2023-09-15 16:18:02,47,293,2024-01-24 06:30:36,2,2026-08-03 12:27:11
256,2026-02-18 05:29:42,415,249,2025-06-14 03:18:09,1,2025-04-09 07:29:16
257,2025-01-26 23:34:10,433,209,2024-02-08 11:16:34,2,2024-06-25 06:57:55
258,2026-06-16 07:39:12,313,85,2024-12-01 12:03:39,1,2026-07-22 10:37:41
259,2026-01-13 02:29:04,144,55,,2,2024-05-09 02:04:55
260,2026-02-21 23:19:00,223,297,2025-03-06 18:48:14,2,2025-08-17 05:24:27
261,2024-11-03 02:46:03,229,110,2023-12-26 22:15:23,1,2024-01-01 15:04:21
262,2025-11-01 23:10:56,210,365,2025-04-18 07:05:38,1,2024-12-23 16:41:22
263,2024-06-24 01:50:01,379,455,2024-04-15 05:18:51,2,2026-06-14 01:55:41
264,2026-06-09 11:28:18,12,278,2025-12-16 16:20:12,1,2024-01-06 09:42:15
265,2026-07-13 03:32:19,452,345,2026-01-04 23:10:00,2,2024-09-13 17:54:54
266,2024-03-27 15:08:21,165,11,2025-01-23 15:39:34,2,2025-10-09 01:57:39
267,2024-11-25 23:55:40,430,227,2024-06-22 18:54:51,2,2024-12-18 16:25:09
268,2026-04-18 01:59:43,74,361,,2,2025-01-02 01:01:23
269,2026-04-10 03:28:02,87,404,2024-10-17 05:51:27,1,2024-06-12 03:35:24
270,2024-07-18 14:42:33,161,181,2025-08-09 06:21:05,1,2026-03-10 16:48:41
271,2025-06-07 17:59:17,367,149,2025-08-18 05:59:17,2,2024-05-04 14:57:41
272,2025-01-08 21:42:29,308,450,2025-06-11 22:22:22,1,2025-01-18 10:42:05
273,2024-12-19 22:31:27,352,479,2024-10-13 21:32:22,1,2025-03-08 04:33:10
274,2023-12-01 17:55:07,232,366,2026-03-02 05:53:57,2,2025-10-21 01:17:10
275,2024-08-05 01:45:25,293,177,2025-05-09 03:50:19,1,2026-03-31 22:33:28
276,2024-12-29 00:17:23,252,224,2026-05-16 02:27:14,2,2023-12-02 22:44:36
277,2024-10-01 10:46:53,46,224,2026-03-08 11:14:38,1,2026-05-14 12:19:19
278,2026-02-25 00:44:00,138,188,2024-02-08 05:30:10,2,2025-09-24 09:49:16
279,2026-07-27 12:30:39,246,81,2026-08-16 18:33:22,1,2025-10-13 01:36:39
280,2025-07-23 14:21:11,434,19,2024-06-09 06:26:18,2,2026-08-23 03:10:24
281,2025-04-09 18:53:57,25,390,2024-06-02 21:33:52,1,2025-06-20 11:07:23
282,2025-10-19 09:47:17,48,316,2023-11-03 10:47:10,1,2026-01-21 21:29:19
283,2025-03-14 17:42:54,129,41,2025-06-04 23:36:38,2,2024-12-29 11:42:05
284,2025-11-14 07:07:09,232,77,2024-03-25 19:59:23,2,2023-09-29 22:31:18
285,2026-02-15 10:26:54,143,446,2023-12-13 07:52:43,1,2026-06-17 10:13:38
286,2023-12-05 02:47:55,210,160,2026-07-15 08:24:58,1,2023-10-12 09:11:50
287,2025-08-15 05:23:43,119,447,,1,2024-05-18 07:18:16
288,2024-11-30 18:06:54,294,336,2025-04-03 01:58:47,1,2026-04-09 01:04:35
289,2024-07-22 21:35:59,148,281,2025-07-09 13:37:16,2,2025-07-05 16:13:36
290,2025-03-06 22:31:00,459,86,2024-04-24 06:27:35,1,2025-02-14 04:14:53
291,2024-07-13 21:08:27,309,365,,1,2025-03-02 07:20:50
292,2024-03-15 10:11:51,138,419,2024-07-25 15:33:07,1,2025-01-18 18:56:56
293,2026-07-19 18:34:36,399,237,2025-05-31 02:05:45,2,2024-09-07 19:58:33
294,2026-04-10 07:32:17,371,92,2024-07-05 06:40:21,1,2025-12-23 01:59:40
295,2024-12-31 20:08:15,126,403,,1,2024-06-15 06:48:45
296,2024-03-02 09:36:14,393,140,2025-01-24 08:12:41,1,2024-11-25 08:28:25
297,2024-06-23 11:58:00,257,259,2026-06-15 19:28:34,2,2024-03-20 17:35:09
298,2025-04-29 11:49:29,70,86,,1,2025-02-16 22:38:29
299,2024-01-10 22:54:18,434,68,2023-12-19 19:10:12,2,2026-08-22 19:03:33
300,2025-06-19 11:49:16,294,401,2026-03-22 20:24:39,1,2024-07-22 02:12:11
301,2024-08-16 15:52:55,233,90,2025-08-20 01:37:53,1,2025-05-18 16:59:38
302,2025-06-11 08:18:27,83,328,2024-05-02 14:40:27,1,2026-03-10 23:22:55
303,2024-07-06 03:37:43,35,194,2023-10-25 23:15:22,2,2023-09-24 04:25:41
304,2024-03-13 14:21:40,236,271,2025-09-27 21:35:11,2,2026-07-20 18:46:51
305,2026-08-08 08:58:51,282,278,2026-07-07 12:51:09,2,2025-11-12 16:39:31
306,2024-07-05 02:24:45,493,332,2026-08-18 05:03:28,2,2026-07-18 21:32:37
307,2024-03-11 01:19:37,403,311,2023-10-21 22:09:45,2,2024-05-23 04:08:56
308,2026-08-01 03:18:34,385,129,2024-11-04 12:50:10,2,2023-10-28 17:03:44
309,2023-10-29 21:48:15,86,258,2026-01-26 16:17:02,1,2024-03-28 15:18:57
310,2024-02-13 12:47:50,413,19,2025-07-20 21:50:29,2,2025-06-30 19:38:16
311,2025-08-11 16:48:55,432,153,2024-11-14 06:26:10,2,2025-02-21 00:25:08
312,2024-08-27 13:29:01,196,193,2024-01-29 08:29:39,1,2025-07-26 18:27:36
313,2025-05-24 18:10:45,162,250,2024-05-12 07:02:36,1,2023-12-31 19:58:15
314,2025-02-19 10:10:14,111,223,2026-08-20 19:41:01,1,2025-07-08 09:01:58
315,2023-11-07 04:00:54,231,443,2025-03-15 04:12:21,1,2024-08-06 09:59:41
316,2024-01-18 08:16:02,333,407,2025-12-24 11:27:03,1,2025-12-19 23:28:43
317,2024-08-16 12:06:27,73,9,2024-03-30 23:19:01,2,2024-12-12 09:51:07
318,2024-07-31 20:25:19,130,250,2026-06-10 03:57:41,2,2026-01-03 09:46:25
319,2023-11-24 03:30:04,191,452,2025-04-13 15:28:02,1,2023-09-16 10:02:34
320,2024-05-23 13:56:46,213,492,,1,2024-07-03 10:22:25
321,2025-01-19 02:17:38,460,328,2025-10-20 09:47:30,2,2024-12-18 03:00:52
322,2025-12-13 01:22:15,192,28,2025-07-02 14:09:49,2,2025-04-25 13:58:48
323,2024-06-28 17:08:56,455,335,2024-05-30 09:16:29,1,2023-11-30 22:31:03
324,2025-12-23 09:32:54,307,151,2024-11-19 06:33:16,2,2025-03-10 23:26:52
325,2023-09-16 23:00:13,21,479,2025-10-01 06:48:38,2,2024-03-14 04:02:50
326,2025-05-19 21:13:00,35,181,2023-10-22 03:24:33,2,2024-01-29 22:59:57
327,2024-11-15 23:13:15,473,260,2024-11-22 22:16:30,1,2024-08-13 02:13:57
328,2024-09-22 14:11:58,75,382,2024-11-12 01:41:46,2,2025-07-13 06:21:14
329,2026-08-13 07:38:09,31,13,2026-08-31 23:26:03,2,2025-07-16 16:20:47
330,2025-12-17 14:48:38,13,230,2025-02-14 15:00:36,2,2026-08-14 12:25:08
331,2026-02-27 02:30:46,178,319,2023-11-18 02:35:39,2,2026-08-24 17:27:43
332,2023-11-30 02:18:45,27,411,2024-10-17 03:52:39,1,2023-10-08 22:44:26
333,2025-06-21 18:06:23,453,225,2024-05-29 23:10:14,2,2025-01-16 23:25:38
334,2024-01-16 03:53:03,391,264,,1,2023-12-23 14:21:58
335,2026-07-26 15:59:51,496,79,2026-07-10 04:39:14,2,2023-10-08 04:55:37
336,2026-03-19 17:02:40,170,339,2025-11-22 13:12:13,2,2024-05-31 16:43:29
337,2026-07-29 00:49:00,74,73,2025-04-04 17:43:18,1,2025-06-27 16:24:57
338,2024-02-07 02:45:31,48,316,2025-04-24 10:13:23,2,2026-03-21 05:17:57
339,2024-03-14 13:29:52,113,22,,1,2024-01-26 06:02:22
340,2024-02-27 20:30:20,489,69,2024-06-01 20:56:40,1,2025-09-17 10:57:06
341,2025-11-24 00:12:50,214,410,2023-12-09 00:58:35,1,2025-05-10 07:45:29
342,2025-03-02 06:28:51,219,281,2026-05-15 04:27:19,1,2026-01-30 21:38:11
343,2023-11-11 16:01:55,1,34,2025-03-08 05:06:13,1,2024-05-13 20:40:58
344,2024-02-16 03:15:14,136,373,2024-03-10 07:11:17,1,2026-05-27 10:31:17
345,2025-08-02 13:03:08,113,240,2024-05-01 06:42:08,1,2026-07-28 22:43:58
346,2025-09-04 17:56:56,474,345,2024-11-06 06:21:35,1,2026-07-26 18:41:57
347,2025-08-03 16:07:40,343,236,2024-05-02 08:30:36,2,2024-10-29 02:57:17
348,2026-08-05 15:48:58,316,373,2025-06-22 14:08:03,2,2024-07-07 15:07:05
349,2024-02-18 11:12:26,490,490,2026-02-25 08:53:06,2,2024-03-18 17:46:23
350,2024-02-10 16:11:34,324,341,2026-05-28 05:48:44,1,2024-07-22 00:10:24
351,2025-02-17 17:09:25,342,350,2025-03-14 13:21:09,2,2024-06-09 03:14:10
352,2024-06-06 10:29:45,413,305,2024-08-10 20:53:50,1,2024-05-27 16:04:37
353,2025-08-05 08:12:35,116,418,,2,2023-10-30 05:27:13
354,2026-05-09 16:34:20,140,169,2025-10-03 01:06:19,2,2024-05-06 14:55:00
355,2024-02-08 04:30:55,256,499,2025-09-02 13:45:13,2,2024-09-07 22:52:36
356,2023-12-30 22:06:37,27,488,2025-08-24 17:05:47,2,2026-06-20 13:15:44
357,2026-06-30 02:49:46,55,422,2025-04-12 04:43:30,1,2024-08-11 10:28:46
358,2024-07-06 03:56:05,433,402,2026-06-01 22:42:31,1,2026-02-26 08:57:33
359,2024-05-08 22:38:54,238,464,2025-07-25 19:53:48,1,2026-02-10 04:52:42
360,2026-02-06 13:07:47,358,278,2025-10-12 23:41:24,2,2025-11-20 19:32:54
361,2025-03-29 21:49:50,381,205,2023-12-12 09:49:02,2,2025-12-04 23:32:20
362,2025-10-28 14:47:27,154,42,2026-07-05 00:01:30,2,2024-07-24 15:49:23
363,2026-06-05 05:22:38,486,476,2025-09-03 16:13:31,2,2024-07-14 18:52:39
364,2026-02-18 06:50:12,475,456,,2,2024-03-16 21:44:24
365,2025-01-03 04:52:09,418,222,2024-05-17 02:40:13,2,2026-02-16 03:53:11
366,2025-03-04 10:00:49,16,171,2024-03-06 08:54:45,1,2025-03-26 20:24:29
367,2025-03-21 22:51:06,158,121,2024-02-22 05:30:28,2,2025-12-23 15:01:30
368,2024-05-10 11:39:51,476,491,2025-03-02 00:05:59,1,2024-06-24 19:28:30
369,2025-05-03 14:57:17,208,221,2026-02-23 22:17:58,2,2026-02-27 22:34:07
370,2025-07-07 04:13:10,125,313,2025-07-12 12:14:35,2,2024-12-01 12:47:05
371,2025-01-04 20:23:51,82,307,2024-10-18 23:10:25,2,2023-12-11 22:45:26
372,2026-07-07 08:46:14,437,43,2024-09-22 12:51:27,1,2026-01-02 19:38:39
373,2025-06-23 23:13:11,408,378,,2,2024-07-19 07:49:55
374,2025-11-23 08:52:30,253,460,,1,2024-02-13 09:28:54
375,2026-09-07 02:59:49,27,2,2026-05-29 08:01:38,1,2025-01-31 15:05:13
376,2024-05-12 19:26:47,69,150,2024-02-19 21:35:36,2,2025-05-19 23:33:18
377,2024-03-09 06:06:40,348,352,2024-05-22 06:38:45,2,2026-08-15 04:45:15
378,2024-06-16 00:55:36,342,293,,1,2024-05-02 14:58:07
379,2025-02-24 15:29:12,458,159,2024-10-02 19:09:53,1,2026-08-30 17:44:19
380,2025-01-14 05:36:41,299,43,2025-08-05 04:11:41,1,2026-02-28 13:02:43
381,2024-05-08 20:30:20,421,473,2025-04-27 05:04:59,1,2023-12-22 05:32:33
382,2026-08-08 21:46:43,460,201,2024-04-13 15:59:36,2,2026-05-26 09:52:36
383,2024-01-07 09:05:07,56,137,2026-06-03 12:39:35,1,2024-11-11 16:19:01
384,2024-05-05 05:41:45,426,314,2024-02-17 23:49:25,1,2026-06-13 05:49:51
385,2024-06-14 10:28:06,237,311,2026-07-05 19:56:33,1,2025-10-12 04:54:16
386,2025-07-17 07:16:05,330,398,2025-01-11 09:47:44,1,2024-10-01 16:54:57
387,2025-01-09 15:13:33,255,311,2024-10-04 06:34:39,2,2024-01-07 08:10:43
388,2026-04-19 14:58:19,17,202,2023-12-23 14:02:52,1,2025-07-24 15:24:46
389,2023-12-16 04:25:19,356,243,2025-04-25 14:30:22,2,2026-06-03 05:21:10
390,2026-01-23 19:57:00,488,261,2024-05-17 04:57:28,2,2024-10-17 02:40:31
391,2024-03-12 21:20:04,215,414,2025-08-04 20:05:00,2,2026-02-01 05:14:19
392,2024-09-15 00:27:48,342,168,2024-01-24 03:03:09,2,2024-09-13 08:01:39
393,2025-05-07 19:22:00,77,361,2024-01-14 02:25:38,1,2026-01-07 21:26:21
394,2025-10-25 16:31:54,31,301,2024-06-04 00:38:23,1,2024-06-23 07:40:45
395,2023-12-06 12:41:16,56,230,2024-05-24 08:04:06,1,2024-04-10 00:17:18
396,2025-09-06 06:02:43,145,395,2023-10-07 21:45:58,2,2025-09-06 05:22:11
397,2025-08-29 19:50:44,297,123,2024-02-03 23:30:03,2,2023-12-11 23:40:40
398,2026-07-10 21:24:50,210,63,2024-05-19 09:41:43,2,2026-02-25 10:57:43
399,2026-09-09 23:20:18,480,364,2026-03-31 09:23:50,2,2025-08-03 03:01:33
400,2026-01-07 19:51:59,336,18,2023-10-25 02:10:54,2,2026-02-03 19:25:27
401,2025-04-24 13:14:31,99,177,,1,2025-08-01 17:37:08
402,2026-04-23 15:38:14,431,437,2025-05-13 13:12:39,2,2025-12-06 23:00:22
403,2024-12-08 11:14:06,96,417,2024-05-21 10:21:08,2,2025-12-11 20:42:11
404,2023-09-30 02:09:27,402,364,2025-07-25 01:57:20,2,2024-12-07 17:15:24
405,2024-07-19 00:07:59,69,418,2026-07-31 18:11:02,2,2024-12-01 13:48:41
406,2024-05-19 05:25:07,338,162,2025-06-24 21:44:55,1,2025-07-12 00:54:26
407,2026-04-05 20:19:08,4,446,2024-08-19 16:45:32,2,2024-12-25 07:19:31
408,2026-07-15 11:04:46,213,48,2025-06-04 08:03:21,2,2025-07-27 19:51:37
409,2025-12-24 02:35:42,76,22,2025-06-02 03:06:58,1,2026-07-31 14:58:40
410,2023-12-15 16:49:44,263,310,2023-10-01 17:53:01,2,2025-07-20 12:27:32
411,2025-04-09 19:21:19,465,104,2025-06-10 13:35:10,2,2024-04-26 11:29:30
412,2026-04-11 17:49:21,20,395,,2,2024-08-27 11:07:48
413,2026-02-21 14:38:35,365,176,2024-06-06 06:33:27,2,2026-07-01 00:56:33
414,2024-10-20 10:48:19,173,2,2024-01-30 19:38:58,1,2025-11-07 20:08:07
415,2025-07-07 16:27:52,109,76,2026-03-29 08:35:11,2,2025-12-05 13:43:43
416,2024-04-08 10:18:14,272,201,2025-10-04 01:18:33,1,2024-01-27 13:23:20
417,2025-10-14 12:46:02,223,395,2023-12-10 14:26:15,1,2024-06-03 17:44:00
418,2026-07-06 03:59:32,233,494,2023-09-26 08:18:50,2,2024-11-19 06:47:17
419,2024-08-30 20:23:48,276,387,2024-04-15 01:49:45,2,2024-03-18 02:46:51
420,2025-07-01 00:38:36,171,10,2026-07-20 02:51:31,1,2026-06-09 00:11:44
421,2026-08-05 17:48:10,243,425,2023-11-28 13:46:12,2,2023-12-28 02:42:04
422,2025-05-15 12:39:00,469,453,2024-11-01 13:41:01,1,2026-05-07 16:17:33
423,2025-12-27 16:42:59,473,162,2026-08-21 16:52:11,1,2024-09-17 10:01:04
424,2026-09-05 21:03:33,231,136,2024-11-07 05:59:54,1,2026-03-08 06:13:00
425,2026-01-08 10:36:29,419,118,2026-02-28 20:06:36,2,2026-06-20 20:52:53
426,2026-02-01 07:01:21,203,136,,1,2025-07-05 23:57:55
427,2024-02-20 08:27:32,21,114,2025-07-24 08:50:48,2,2026-01-10 08:50:42
428,2026-06-23 21:02:35,123,204,,1,2025-06-24 21:19:31
429,2025-05-19 05:09:23,491,39,2024-12-28 22:46:56,2,2023-10-02 14:43:21
430,2025-04-11 12:17:36,275,417,2023-09-15 22:06:06,2,2025-01-22 22:11:54
431,2024-04-17 04:27:38,9,257,2024-03-05 14:54:01,2,2023-10-25 22:05:06
432,2023-09-26 01:34:14,394,308,2025-04-12 19:44:59,2,2026-01-05 04:10:00
433,2025-04-16 05:48:01,298,110,2026-04-10 01:16:02,2,2025-09-04 07:12:31
434,2026-06-08 01:15:16,400,60,2023-12-09 15:01:58,2,2025-10-11 15:26:58
435,2024-07-01 00:04:34,288,372,2025-01-27 12:27:19,1,2024-01-18 23:31:42
436,2026-05-09 07:59:18,8,351,2023-10-05 12:37:54,2,2024-10-16 02:25:11
437,2025-05-20 00:16:03,332,126,2025-04-13 14:47:10,1,2025-09-03 21:48:28
438,2024-05-11 21:19:50,51,67,2025-12-25 13:18:15,2,2025-07-25 19:46:33
439,2023-09-20 22:52:15,87,337,2026-04-26 00:08:53,2,2025-11-26 08:54:19
440,2024-03-06 18:01:13,213,83,2026-04-30 04:45:56,1,2026-02-24 21:00:14
441,2024-05-30 00:09:19,374,84,2024-12-16 05:37:19,2,2024-12-27 16:02:39
442,2025-12-27 05:21:01,159,278,2023-10-04 21:01:31,1,2026-08-09 05:53:52
443,2026-06-01 08:08:14,40,80,2024-02-21 11:48:46,1,2026-08-29 18:18:11
444,2025-05-16 04:31:36,489,123,,2,2025-08-03 14:11:08
445,2024-04-25 15:14:50,495,92,2025-04-16 13:05:02,2,2023-11-26 03:40:46
446,2026-03-27 05:25:04,173,63,2026-02-23 20:33:37,2,2023-12-24 13:36:47
447,2023-12-27 17:01:11,262,63,2024-10-12 13:13:46,2,2023-12-30 02:34:56
448,2026-06-10 08:38:29,403,43,2026-08-12 16:53:45,1,2026-04-01 20:33:24
449,2025-06-29 21:52:01,181,91,2026-02-13 04:35:14,1,2024-08-08 10:52:00
450,2025-02-21 07:44:15,280,484,2023-10-10 15:50:51,1,2026-07-06 01:15:27
451,2025-08-13 08:40:29,467,468,2025-10-17 15:02:07,1,2025-06-10 07:22:44
452,2025-09-18 15:50:19,33,84,2026-07-20 07:04:18,1,2026-03-13 06:29:24
453,2024-11-29 04:39:09,268,418,2026-06-03 17:54:20,1,2025-09-15 21:58:32
454,2024-06-02 03:58:16,246,474,2026-08-11 17:41:38,2,2023-11-06 06:50:28
455,2026-07-24 10:07:28,16,175,2024-09-12 01:40:26,2,2023-12-05 02:01:10
456,2025-11-16 22:09:28,54,414,2026-01-24 14:31:03,2,2025-10-27 17:15:27
457,2024-07-13 02:59:42,109,86,2024-02-06 08:27:01,2,2024-05-04 06:44:52
458,2024-09-04 08:27:17,397,301,2026-02-13 19:21:18,1,2024-03-10 04:35:21
459,2023-12-08 02:42:53,500,382,2026-05-12 18:27:35,2,2025-02-20 17:04:32
460,2025-10-11 15:10:05,286,395,2025-08-17 07:24:45,2,2024-09-25 05:29:16
461,2025-02-20 23:47:56,329,189,2024-10-30 05:18:42,1,2024-02-26 01:46:37
462,2024-05-19 01:06:31,19,232,2024-01-29 14:23:09,2,2026-01-10 19:16:30
463,2026-06-05 06:43:41,9,341,2024-10-24 02:30:31,2,2025-06-10 06:03:24
464,2024-07-07 10:02:00,213,384,2024-08-15 04:49:39,2,2026-05-06 03:00:12
465,2024-06-22 08:10:24,442,238,,1,2024-05-12 10:08:24
466,2025-03-08 00:34:49,305,267,2026-06-18 22:24:37,1,2026-01-28 09:54:59
467,2025-09-10 16:49:25,304,70,2024-07-21 22:09:58,2,2025-06-09 17:43:38
468,2026-04-01 05:56:17,62,320,2026-09-03 10:24:46,2,2023-09-21 23:18:28
469,2026-08-31 06:48:12,126,160,2024-11-21 08:55:48,2,2025-01-02 00:51:21
470,2025-03-26 12:38:49,151,20,2026-07-14 16:31:34,1,2026-01-17 11:11:15
471,2025-10-30 13:18:09,481,154,2024-05-13 21:41:39,1,2023-10-15 22:19:46
472,2025-02-24 08:06:02,357,133,2025-02-02 16:33:41,1,2024-02-25 13:31:42
473,2026-05-10 19:27:21,144,175,2024-08-23 09:32:05,1,2024-10-23 19:49:47
474,2024-06-24 09:03:33,500,272,2024-06-02 01:55:47,2,2024-04-27 12:28:42
475,2024-01-20 08:22:18,158,379,2026-03-03 05:55:10,1,2024-01-02 01:25:42
476,2024-05-01 00:18:10,14,146,2025-03-27 11:48:05,1,2025-05-14 17:29:18
477,2024-01-01 15:26:05,446,71,2024-02-16 08:37:12,1,2024-08-29 01:38:35
478,2025-01-07 22:42:05,186,59,,2,2025-04-03 08:20:30
479,2024-03-19 21:53:06,394,171,2025-09-17 20:05:18,1,2026-06-29 14:49:10
480,2024-05-23 07:17:41,94,296,2026-08-27 10:32:57,1,2026-04-22 13:29:21
481,2026-06-16 05:05:05,119,26,2024-09-14 23:20:10,1,2024-12-25 11:47:58
482,2024-05-03 20:52:30,416,365,2026-08-22 14:42:37,2,2024-02-14 04:27:45
483,2024-02-02 19:56:27,465,283,2026-03-03 05:03:38,1,2026-06-03 13:26:10
484,2024-02-02 16:42:59,459,207,2024-12-12 19:07:58,1,2023-12-04 10:38:29
485,2024-01-23 06:30:16,160,471,2025-08-08 18:55:04,1,2026-07-22 06:31:25
486,2024-02-13 15:29:41,337,171,2026-05-18 15:51:32,1,2024-10-14 01:39:57
487,2026-03-01 05:09:26,71,36,,1,2026-01-18 04:01:39
488,2025-12-17 04:54:04,55,457,2025-01-19 06:39:03,2,2023-09-25 18:49:08
489,2025-12-28 03:57:06,415,185,2024-01-08 09:20:19,1,2025-08-10 22:24:37
490,2024-10-07 08:50:52,136,82,2024-01-26 04:16:47,1,2024-06-20 19:18:45
491,2024-08-07 16:46:47,42,172,2024-01-26 16:12:18,1,2025-04-27 07:01:32
492,2024-05-25 23:15:02,323,416,,1,2025-07-19 06:36:40
493,2026-03-12 10:07:16,374,363,2026-06-29 03:46:13,1,2026-05-07 00:54:39
494,2025-10-15 21:58:46,209,3,2025-05-25 09:48:44,2,2024-06-10 18:38:33
495,2023-12-30 21:26:12,296,407,2025-07-05 13:43:17,1,2024-06-24 07:31:47
496,2024-12-28 07:17:46,253,281,2025-03-31 14:17:59,2,2025-12-28 22:34:38
497,2024-02-23 09:15:07,109,314,2026-03-10 00:36:36,1,2025-09-09 13:24:24
498,2025-11-21 07:09:22,423,271,2025-02-13 23:54:28,1,2025-12-03 23:48:46
499,2024-09-24 15:32:46,208,499,2025-08-02 02:49:15,2,2024-01-02 13:59:56
500,2026-03-06 01:24:54,138,128,2024-12-19 19:15:21,1,2026-07-21 16:01:47
