mutant_id,operator,file,line,killed,failing_tests
SUT1-M0141,ret-none,httpbin/helpers.py,99,1,../../harness/e2_dstate_sonnet_r1/full_dstate/sut1_httpbin/test_gen_r_httpbin_004_0.py::test_post_form_data_returns_200_with_all_keys
SUT1-M0142,ret-none,httpbin/helpers.py,151,1,../../harness/e2_dstate_sonnet_r1/full_dstate/sut1_httpbin/test_gen_r_httpbin_001_1.py::test_get_reflects_query_args_exactly
SUT1-M0143,ret-none,httpbin/helpers.py,153,1,../../harness/e2_dstate_sonnet_r1/full_dstate/sut1_httpbin/test_gen_r_httpbin_001_4.py::test_get_with_no_query_params_yields_empty_args
SUT1-M0144,ret-none,httpbin/helpers.py,165,1,../../harness/e2_dstate_sonnet_r1/full_dstate/sut1_httpbin/test_gen_r_httpbin_001_1.py::test_get_reflects_query_args_exactly
SUT1-M0145,ret-none,httpbin/helpers.py,271,0,
SUT1-M0146,ret-none,httpbin/helpers.py,299,0,
SUT1-M0147,ret-none,httpbin/helpers.py,391,0,
SUT1-M0148,ret-none,httpbin/helpers.py,395,0,
SUT1-M0149,ret-none,httpbin/helpers.py,399,0,
SUT1-M0150,ret-none,httpbin/helpers.py,447,0,
SUT1-M0151,ret-none,httpbin/helpers.py,101,0,
SUT1-M0152,ret-none,httpbin/helpers.py,273,0,
SUT1-M0153,ret-none,httpbin/helpers.py,275,0,
SUT1-M0154,ret-none,httpbin/helpers.py,307,0,
SUT1-M0155,ret-none,httpbin/helpers.py,369,0,
SUT1-M0156,ret-none,httpbin/helpers.py,449,0,
SUT1-M0157,bool_const,httpbin/helpers.py,127,1,../../harness/e2_dstate_sonnet_r1/full_dstate/sut1_httpbin/test_gen_r_httpbin_013_0.py::test_headers_default_hides_env_headers
SUT1-M0158,bool_const,httpbin/helpers.py,370,0,
SUT1-M0159,bool_const,httpbin/helpers.py,452,0,
SUT1-M0160,bool_const,httpbin/helpers.py,369,0,
