wkr_no,born_date,given_name,family_name,sex_code,joined_date
1,1955-06-15,John,Doe,M,1985-03-01
2,1960-11-23,Jane,Smith,F,1986-07-15
3,1958-02-10,Robert,Brown,M,1987-05-20
4,1962-08-30,Linda,Johnson,F,1988-09-12
5,1953-12-05,Michael,Williams,M,1989-11-25
6,1957-04-18,Patricia,Jones,F,1990-02-14
7,1961-07-22,James,Garcia,M,1991-06-30
8,1959-09-14,Mary,Miller,F,1992-08-19
9,1954-03-03,William,Davis,M,1993-10-05
10,1963-05-27,Barbara,Martinez,F,1994-12-01
11,1956-01-17,David,Hernandez,M,1995-04-22
12,1964-10-09,Elizabeth,Lopez,F,1996-07-11
13,1952-11-29,Richard,Gonzalez,M,1997-03-15
14,1955-08-06,Susan,Wilson,F,1998-05-18
15,1960-02-25,Joseph,Anderson,M,1999-09-09
16,1958-06-12,Karen,Thomas,F,2000-01-20
17,1962-03-19,Charles,Taylor,M,1985-06-25
18,1953-07-30,Nancy,Moore,F,1986-08-14
19,1957-11-05,Christopher,Jackson,M,1987-11-30
20,1961-01-28,Margaret,Martin,F,1988-02-10
21,1959-05-15,Daniel,Lee,M,1989-06-05
22,1963-09-21,Dorothy,Perez,F,1990-09-17
23,1954-12-11,Matthew,Thompson,M,1991-11-22
24,1964-04-07,Lisa,White,F,1992-03-03
25,1956-02-02,Anthony,Harris,M,1993-07-14
26,1952-06-18,Betty,Sanchez,F,1994-10-28
27,1955-10-23,Mark,Clark,M,1995-12-19
28,1960-12-30,Helen,Ramirez,F,1996-04-08
29,1958-09-09,Steven,Lewis,M,1997-06-27
30,1962-05-05,Sandra,Robinson,F,1998-08-15
31,1953-03-15,Paul,Walker,M,1999-11-03
32,1957-07-01,Donna,Young,F,2000-02-25
33,1961-11-18,Andrew,Allen,M,1985-04-12
34,1959-01-09,Carol,King,F,1986-07-23
35,1963-08-29,Joshua,Wright,M,1987-10-16
36,1954-05-22,Michelle,Scott,F,1988-01-30
37,1964-02-14,Kevin,Green,M,1989-05-11
38,1956-06-06,Emily,Adams,F,1990-08-20
39,1952-10-19,Jason,Baker,M,1991-12-07
40,1955-12-27,Deborah,Nelson,F,1992-02-18
41,1960-03-08,Jeffrey,Hill,M,1993-06-01
42,1958-07-17,Stephanie,Rivera,F,1994-09-13
43,1962-11-25,Ryan,Carter,M,1995-11-29
44,1953-01-05,Rebecca,Mitchell,F,1996-03-10
45,1957-05-30,Jacob,Roberts,M,1997-07-21
46,1961-09-12,Sharon,Turner,F,1998-10-02
47,1959-11-03,Gary,Phillips,M,1999-12-15
48,1963-02-22,Amy,Campbell,F,2000-04-05
49,1954-06-14,Nicholas,Parker,M,1985-08-18
50,1964-10-01,Angela,Evans,F,1986-11-07
51,1956-12-20,Jonathan,Edwards,M,1987-02-26
52,1952-04-11,Shirley,Collins,F,1988-05-19
53,1955-08-28,Justin,Stewart,M,1989-09-01
54,1960-11-15,Anna,Sanchez,F,1990-12-12
55,1958-01-06,Brandon,Morris,M,1991-03-22
56,1962-05-24,Melissa,Rogers,F,1992-07-06
57,1953-09-18,Samuel,Reed,M,1993-10-20
58,1957-11-29,Kimberly,Cook,F,1994-01-31
59,1961-02-13,Frank,Morgan,M,1995-05-15
60,1959-06-07,Jessica,Bell,F,1996-08-25
61,1963-10-26,Raymond,Murphy,M,1997-12-09
62,1954-12-17,Laura,Bailey,F,1998-03-21
63,1964-03-04,Patrick,Rivera,M,1999-06-10
64,1956-07-23,Carolyn,Cooper,F,2000-09-04
65,1952-11-11,Jack,Richardson,M,1985-01-16
66,1955-02-27,Janet,Cox,F,1986-04-28
67,1960-06-19,Jeremy,Howard,M,1987-08-07
68,1958-09-30,Christine,Ward,F,1988-11-18
69,1962-01-21,Peter,Torres,M,1989-02-09
70,1953-05-12,Marie,Peterson,F,1990-05-30
71,1957-08-15,Dennis,Gray,M,1991-09-12
72,1961-12-02,Frances,Ramirez,F,1992-12-23
73,1959-03-25,Gregory,James,M,1993-04-14
74,1963-07-08,Joyce,Watson,F,1994-07-27
75,1954-10-29,Scott,Brooks,M,1995-11-08
76,1964-02-18,Judith,Kelly,F,1996-02-19
77,1956-06-09,Eric,Sanders,M,1997-06-02
78,1952-09-22,Teresa,Price,F,1998-09-14
79,1955-12-31,Stephen,Bennett,M,1999-12-01
80,1960-03-13,Dorothy,Barnes,F,2000-03-16
81,1958-07-05,Raymond,Ross,M,1985-06-27
82,1962-11-16,Gloria,Henderson,F,1986-09-08
83,1953-01-27,Joshua,Coleman,M,1987-12-19
84,1957-05-08,Virginia,Jenkins,F,1988-03-29
85,1961-09-20,Adam,Perry,M,1989-07-11
86,1959-11-11,Debra,Long,F,1990-10-22
87,1963-02-01,Patrick,Patterson,M,1991-01-12
88,1954-06-23,Janice,Hughes,F,1992-05-04
89,1964-10-12,Alexander,Flores,M,1993-08-16
90,1956-12-03,Jean,Washington,F,1994-11-28
91,1952-04-15,Henry,Butler,M,1995-03-09
92,1955-08-02,Ann,Simmons,F,1996-06-20
93,1960-12-21,Harold,Foster,M,1997-09-01
94,1958-02-14,Joyce,Gonzales,F,1998-12-12
95,1962-06-06,Gerald,Bryant,M,1999-03-23
96,1953-10-19,Cheryl,Alexander,F,2000-07-05
97,1957-01-30,Albert,Russell,M,1985-10-17
98,1961-05-17,Denise,Griffin,F,1986-12-29
99,1959-09-08,Lawrence,Diaz,M,1987-04-09
100,1963-12-27,Marilyn,Hayes,F,1988-07-21
101,1954-02-18,Wayne,Myers,M,1989-11-02
102,1964-06-29,Sharon,Ford,F,1990-02-13
103,1956-10-10,Alan,Hamilton,M,1991-06-26
104,1952-12-01,Phyllis,Graham,F,1992-09-07
105,1955-03-22,Roger,Sullivan,M,1993-12-18
106,1960-07-13,Lois,Wallace,F,1994-03-29
107,1958-11-24,Arthur,Woods,M,1995-07-10
108,1962-02-15,Julia,Cole,F,1996-10-21
109,1953-06-05,Keith,West,M,1997-01-31
110,1957-09-26,Heather,Jordan,F,1998-05-13
111,1961-01-07,Geraldine,Owens,F,1999-08-24
112,1959-05-18,Philip,Reynolds,M,2000-12-06
113,1963-09-29,Joyce,Fisher,F,1985-03-17
114,1954-01-09,Joe,Ellis,M,1986-06-28
115,1964-05-20,Shirley,Harrison,F,1987-09-09
116,1956-08-31,Harry,Gibson,M,1988-12-20
117,1952-11-12,Bonnie,McDonald,F,1989-03-31
118,1955-02-23,Albert,Cruz,M,1990-07-12
119,1960-06-14,Joan,Marshall,F,1991-10-23
120,1958-10-25,Willie,Ortiz,M,1992-01-13
121,1962-01-16,Teresa,Gomez,F,1993-05-05
122,1953-05-27,Sean,Murray,M,1994-08-16
123,1957-09-08,Brenda,Freeman,F,1995-11-27
124,1961-12-19,Johnny,Wells,M,1996-03-08
125,1959-03-10,Janet,Webb,F,1997-06-19
126,1963-07-21,Philip,Simpson,M,1998-09-30
127,1954-11-01,Carolyn,Stevens,F,1999-12-11
128,1964-02-22,Harold,Tucker,M,2000-04-01
129,1956-06-13,Denise,Porter,F,1985-07-14
130,1952-09-24,Frank,Hunter,M,1986-10-25
131,1955-12-05,Joyce,Hicks,F,1987-01-15
132,1960-03-16,Patrick,Crawford,M,1988-05-06
133,1958-07-27,Judith,Henry,F,1989-08-17
134,1962-11-08,Raymond,Boyd,M,1990-11-28
135,1953-01-29,Shirley,Mason,F,1991-02-18
136,1957-05-10,Albert,Morales,M,1992-06-09
137,1961-09-21,Jean,Kennedy,F,1993-09-20
138,1959-11-12,Arthur,Warren,M,1994-12-01
139,1963-02-23,Janice,Dixon,F,1995-03-12
140,1954-06-15,Henry,Ramos,M,1996-07-03
141,1964-10-26,Frances,Reyes,F,1997-10-14
142,1956-12-17,Philip,Burns,M,1998-01-25
143,1952-04-08,Joyce,Gordon,F,1999-05-16
144,1955-08-19,Albert,Shaw,M,2000-08-27
145,1960-12-30,Denise,Holmes,F,1985-11-07
146,1958-02-20,Patrick,Rice,M,1986-02-28
147,1962-06-01,Shirley,Robertson,F,1987-06-19
148,1953-10-12,Raymond,Hunt,M,1988-09-30
149,1957-01-23,Albert,Black,M,1989-12-11
150,1961-05-04,Joyce,Daniels,F,1990-03-22
151,1959-09-15,Patrick,Palmer,M,1991-07-03
152,1963-12-26,Denise,Mills,F,1992-10-14
153,1954-02-07,Raymond,Nichols,M,1993-01-25
154,1964-06-18,Shirley,Grant,F,1994-05-06
155,1956-10-29,Albert,Knight,M,1995-08-17
156,1952-12-20,Joyce,Ferguson,F,1996-11-28
157,1955-03-11,Patrick,Rose,M,1997-02-18
158,1960-07-22,Denise,Stone,F,1998-06-09
159,1958-11-02,Raymond,Hawkins,M,1999-09-20
160,1962-02-13,Albert,Dunn,M,2000-01-31
161,1953-06-24,Joyce,Perkins,F,1985-04-12
162,1957-09-05,Patrick,Hudson,M,1986-07-23
163,1961-12-16,Denise,Spencer,F,1987-10-16
164,1959-03-07,Raymond,Gardner,M,1988-01-30
165,1963-07-18,Albert,Stephens,M,1989-05-11
166,1954-11-29,Joyce,Payne,F,1990-08-20
167,1964-03-10,Patrick,Pierce,M,1991-12-07
168,1956-07-01,Denise,Berry,F,1992-02-18
169,1952-10-12,Raymond,Matthews,M,1993-06-01
170,1955-12-23,Albert,Arnold,M,1994-09-13
171,1960-03-04,Joyce,Wagner,F,1995-11-29
172,1958-07-15,Patrick,Willis,M,1996-03-10
173,1962-11-26,Denise,Ray,F,1997-07-21
174,1953-01-17,Raymond,Watkins,M,1998-10-02
175,1957-05-28,Albert,Olson,M,1999-12-15
176,1961-09-09,Joyce,Carroll,F,2000-04-05
177,1959-11-20,Patrick,Duncan,M,1985-08-18
178,1963-02-01,Denise,Snyder,F,1986-11-07
179,1954-06-12,Raymond,Hart,M,1987-02-26
180,1964-10-23,Albert,Cunningham,M,1988-05-19
181,1956-12-14,Joyce,Bradley,F,1989-09-01
182,1952-04-05,Patrick,Stanley,M,1990-12-12
183,1955-08-16,Denise,Harper,F,1991-03-22
184,1960-12-27,Raymond,Romero,M,1992-07-06
185,1958-02-08,Albert,Montgomery,M,1993-10-20
186,1962-06-19,Joyce,Willis,F,1994-01-31
187,1953-10-30,Patrick,Olson,M,1995-05-15
188,1957-01-11,Denise,Carroll,F,1996-08-25
189,1961-05-22,Raymond,Duncan,M,1997-12-09
190,1959-09-03,Albert,Snyder,M,1998-03-21
191,1963-12-14,Joyce,Hart,F,1999-06-10
192,1954-02-25,Patrick,Cunningham,M,2000-09-04
193,1964-06-06,Denise,Bradley,F,1985-01-16
194,1956-10-17,Raymond,Stanley,M,1986-04-28
195,1952-12-28,Albert,Harper,M,1987-08-07
196,1955-03-09,Joyce,Romero,F,1988-11-18
197,1960-07-20,Patrick,Montgomery,M,1989-02-09
198,1958-11-01,Denise,Willis,F,1990-05-30
199,1962-02-12,Raymond,Olson,M,1991-09-12
200,1953-06-23,Albert,Carroll,M,1992-12-23
201,1957-08-05,John,Doe,M,1985-06-15
202,1961-03-12,Jane,Smith,F,1986-07-20
203,1959-11-30,Robert,Brown,M,1987-08-25
204,1963-05-18,Linda,Johnson,F,1988-09-30
205,1954-07-22,Michael,Williams,M,1989-10-05
206,1964-01-15,Susan,Jones,F,1990-11-10
207,1956-04-09,David,Miller,M,1991-12-15
208,1960-09-27,Karen,Davis,F,1992-01-20
209,1958-02-14,James,Garcia,M,1993-02-25
210,1962-06-03,Patricia,Martinez,F,1994-03-30
211,1953-10-19,Charles,Hernandez,M,1995-04-04
212,1957-01-07,Barbara,Lopez,F,1996-05-09
213,1961-05-25,Joseph,Gonzalez,M,1997-06-14
214,1959-09-13,Nancy,Wilson,F,1998-07-19
215,1963-12-01,Thomas,Anderson,M,1999-08-24
216,1954-02-18,Mary,Taylor,F,2000-09-28
217,1964-06-07,Christopher,Moore,M,1985-10-03
218,1956-10-15,Betty,Jackson,F,1986-11-08
219,1960-07-23,Daniel,Martin,M,1987-12-13
220,1958-11-02,Jennifer,Lee,F,1988-01-17
221,1962-02-13,Matthew,Perez,M,1989-02-22
222,1953-06-24,Elizabeth,Thompson,F,1990-03-29
223,1957-08-06,Anthony,White,M,1991-04-03
224,1961-03-13,Jessica,Harris,F,1992-05-08
225,1959-12-01,Mark,Sanchez,M,1993-06-13
226,1963-05-19,Emily,Clark,F,1994-07-18
227,1954-07-23,Paul,Ramirez,M,1995-08-23
228,1964-01-16,Laura,Lewis,F,1996-09-27
229,1956-04-10,Steven,Robinson,M,1997-11-02
230,1960-09-28,Angela,Walker,F,1998-12-07
231,1958-02-15,Kevin,Young,M,1999-01-11
232,1962-06-04,Michelle,Allen,F,2000-02-16
233,1953-10-20,Jason,King,M,1985-03-21
234,1957-01-08,Amy,Wright,F,1986-04-25
235,1961-05-26,Jeffrey,Scott,M,1987-05-30
236,1959-09-14,Deborah,Green,F,1988-07-05
237,1963-12-02,Richard,Baker,M,1989-08-10
238,1954-02-19,Kimberly,Adams,F,1990-09-14
239,1964-06-08,Joshua,Nelson,M,1991-10-19
240,1956-10-16,Donna,Hill,F,1992-11-24
241,1960-07-24,Andrew,Rodriguez,M,1993-12-29
242,1958-11-03,Rebecca,Carter,F,1994-01-03
243,1962-02-14,Gregory,Mitchell,M,1995-02-07
244,1953-06-25,Sharon,Roberts,F,1996-03-14
245,1957-08-07,Joshua,Phillips,M,1997-04-18
246,1961-03-14,Stephanie,Evans,F,1998-05-23
247,1959-12-02,Raymond,Turner,M,1999-06-28
248,1963-05-20,Carolyn,Campbell,F,2000-08-02
249,1954-07-24,Patrick,Parker,M,1985-09-06
250,1964-01-17,Janet,Collins,F,1986-10-11
251,1956-04-11,George,Edwards,M,1987-11-16
252,1960-09-29,Christine,Stewart,F,1988-12-21
253,1958-02-16,Edward,Morris,M,1989-01-25
254,1962-06-05,Anna,Murphy,F,1990-03-02
255,1953-10-21,Timothy,Rivera,M,1991-04-06
256,1957-01-09,Shirley,Cooper,F,1992-05-11
257,1961-05-27,Scott,Richardson,M,1993-06-16
258,1959-09-15,Brenda,Cox,F,1994-07-21
259,1963-12-03,Frank,Howard,M,1995-08-26
260,1954-02-20,Laura,Ward,F,1996-09-30
261,1964-06-09,Eric,Torres,M,1997-11-04
262,1956-10-17,Teresa,Peterson,F,1998-12-09
263,1960-07-25,Stephen,Gray,M,1999-01-13
264,1958-11-04,Judith,Ramirez,F,2000-02-17
265,1962-02-15,Raymond,James,M,1985-03-22
266,1953-06-26,Carol,Watson,F,1986-04-26
267,1957-08-08,Peter,Brooks,M,1987-05-31
268,1961-03-15,Joyce,Kelly,F,1988-07-06
269,1959-12-03,Dennis,Sanders,M,1989-08-11
270,1963-05-21,Frances,Price,F,1990-09-15
271,1954-07-25,Patrick,Bennett,M,1991-10-20
272,1964-01-18,Ann,Barnes,F,1992-11-25
273,1956-04-12,Harold,Ross,M,1993-12-30
274,1960-09-30,Marie,Henderson,F,1994-01-04
275,1958-02-17,Gerald,Coleman,M,1995-02-08
276,1962-06-06,Denise,Jenkins,F,1996-03-15
277,1953-10-22,Lawrence,Perry,M,1997-04-19
278,1957-01-10,Marilyn,Butler,F,1998-05-24
279,1961-05-28,Wayne,Bell,M,1999-06-29
280,1959-09-16,Gloria,Reed,F,2000-08-03
281,1963-12-04,Henry,Bailey,M,1985-09-07
282,1954-02-21,Virginia,Long,F,1986-10-12
283,1964-06-10,Albert,Howard,M,1987-11-17
284,1956-10-18,Debra,Cooper,F,1988-12-22
285,1960-07-26,Adam,Richardson,M,1989-01-26
286,1958-11-05,Jean,Cox,F,1990-03-03
287,1962-02-16,Arthur,Howard,M,1991-04-07
288,1953-06-27,Melissa,Watson,F,1992-05-12
289,1957-08-09,Phillip,Brooks,M,1993-06-17
290,1961-03-16,Heather,Kelly,F,1994-07-22
291,1959-12-04,Shawn,Sanders,M,1995-08-27
292,1963-05-22,Julia,Price,F,1996-10-01
293,1954-07-26,Jeremy,Bennett,M,1997-11-05
294,1964-01-19,Joyce,Barnes,F,1998-12-10
295,1956-04-13,Sean,Ross,M,1999-01-14
296,1960-10-01,Jacqueline,Henderson,F,2000-02-18
297,1958-02-18,Johnny,Coleman,M,1985-03-23
298,1962-06-07,Janice,Jenkins,F,1986-04-27
299,1953-10-23,Albert,Perry,M,1987-06-01
300,1957-01-11,Gloria,Butler,F,1988-07-06
301,1961-05-29,Henry,Bell,M,1989-08-11
302,1959-09-17,Virginia,Reed,F,1990-09-16
303,1963-12-05,Lawrence,Bailey,M,1991-10-21
304,1954-02-22,Denise,Long,F,1992-11-26
305,1964-06-11,Gerald,Howard,M,1993-12-31
306,1956-10-19,Marie,Cooper,F,1994-01-05
307,1960-07-27,Harold,Richardson,M,1995-02-09
308,1958-11-06,Ann,Cox,F,1996-03-16
309,1962-02-17,Patrick,Howard,M,1997-04-20
310,1953-06-28,Frances,Watson,F,1998-05-25
311,1957-08-10,Dennis,Brooks,M,1999-06-30
312,1961-03-17,Joyce,Kelly,F,2000-08-04
313,1959-12-05,Peter,Sanders,M,1985-09-08
314,1963-05-23,Carol,Price,F,1986-10-13
315,1954-07-27,Raymond,Bennett,M,1987-11-18
316,1964-01-20,Judith,Barnes,F,1988-12-23
317,1956-04-14,Stephen,Ross,M,1989-01-27
318,1960-10-02,Teresa,Henderson,F,1990-03-04
319,1958-02-19,Eric,Coleman,M,1991-04-08
320,1962-06-08,Laura,Jenkins,F,1992-05-13
321,1953-10-24,Frank,Perry,M,1993-06-18
322,1957-01-12,Brenda,Butler,F,1994-07-23
323,1961-05-30,Scott,Bell,M,1995-08-28
324,1959-09-18,Shirley,Reed,F,1996-10-02
325,1963-12-06,Timothy,Bailey,M,1997-11-06
326,1954-02-23,Anna,Long,F,1998-12-11
327,1964-06-12,Edward,Howard,M,1999-01-15
328,1956-10-20,Christine,Cooper,F,2000-02-19
329,1960-07-28,George,Richardson,M,1985-03-24
330,1958-11-07,Janet,Cox,F,1986-04-28
331,1962-02-18,Patrick,Howard,M,1987-06-02
332,1953-06-29,Deborah,Watson,F,1988-07-07
333,1957-08-11,Richard,Brooks,M,1989-08-12
334,1961-03-18,Kimberly,Kelly,F,1990-09-17
335,1959-12-06,Joshua,Sanders,M,1991-10-22
336,1963-05-24,Melissa,Price,F,1992-11-27
337,1954-07-28,Arthur,Bennett,M,1993-12-31
338,1964-01-21,Jean,Barnes,F,1994-01-06
339,1956-04-15,Adam,Ross,M,1995-02-10
340,1960-10-03,Debra,Henderson,F,1996-03-17
341,1958-02-20,Albert,Coleman,M,1997-04-21
342,1962-06-09,Julia,Jenkins,F,1998-05-26
343,1953-10-25,Shawn,Perry,M,1999-06-30
344,1957-01-13,Heather,Butler,F,2000-08-05
345,1961-05-31,Jeremy,Bell,M,1985-09-09
346,1959-09-19,Janice,Reed,F,1986-10-14
347,1963-12-07,Raymond,Bailey,M,1987-11-19
348,1954-02-24,Joyce,Long,F,1988-12-24
349,1964-06-13,Phillip,Howard,M,1989-01-28
350,1956-10-21,Melissa,Cooper,F,1990-03-05
351,1960-07-29,Lawrence,Richardson,M,1991-04-09
352,1958-11-08,Gloria,Cox,F,1992-05-14
353,1962-02-19,Henry,Howard,M,1993-06-19
354,1953-06-30,Virginia,Watson,F,1994-07-24
355,1957-08-12,Lawrence,Brooks,M,1995-08-29
356,1961-03-19,Denise,Kelly,F,1996-10-03
357,1959-12-07,Gerald,Sanders,M,1997-11-07
358,1963-05-25,Marie,Price,F,1998-12-12
359,1954-07-29,Harold,Bennett,M,1999-01-16
360,1964-01-22,Ann,Barnes,F,2000-02-20
361,1956-04-16,Patrick,Ross,M,1985-03-25
362,1960-10-04,Frances,Henderson,F,1986-04-29
363,1958-02-21,Dennis,Coleman,M,1987-06-03
364,1962-06-10,Joyce,Jenkins,F,1988-07-08
365,1953-10-26,Peter,Perry,M,1989-08-13
366,1957-01-14,Carol,Butler,F,1990-09-18
367,1961-06-01,Raymond,Bell,M,1991-10-23
368,1959-09-20,Judith,Reed,F,1992-11-28
369,1963-12-08,Stephen,Bailey,M,1993-12-31
370,1954-02-25,Teresa,Long,F,1994-01-07
371,1964-06-14,Eric,Howard,M,1995-02-11
372,1956-10-22,Shirley,Cooper,F,1996-03-18
373,1960-07-30,Scott,Richardson,M,1997-04-22
374,1958-11-09,Brenda,Cox,F,1998-05-27
375,1962-02-20,Timothy,Howard,M,1999-06-30
376,1953-07-01,Anna,Watson,F,2000-08-06
377,1957-08-13,Edward,Brooks,M,1985-09-10
378,1961-03-20,Christine,Kelly,F,1986-10-15
379,1959-12-08,George,Sanders,M,1987-11-20
380,1963-05-26,Janet,Price,F,1988-12-25
381,1954-07-30,Adam,Bennett,M,1989-01-29
382,1964-01-23,Deborah,Barnes,F,1990-03-06
383,1956-04-17,Albert,Ross,M,1991-04-10
384,1960-10-05,Julia,Henderson,F,1992-05-15
385,1958-02-22,Shawn,Coleman,M,1993-06-20
386,1962-06-11,Heather,Jenkins,F,1994-07-25
387,1953-10-27,Jeremy,Perry,M,1995-08-30
388,1957-01-15,Janice,Butler,F,1996-10-04
389,1961-06-02,Raymond,Bell,M,1997-11-08
390,1959-09-21,Joyce,Reed,F,1998-12-13
391,1963-12-09,Phillip,Bailey,M,1999-01-17
392,1954-02-26,Melissa,Long,F,2000-02-21
393,1964-06-15,Lawrence,Howard,M,1985-03-26
394,1956-10-23,Gloria,Cooper,F,1986-04-30
395,1960-07-31,Henry,Richardson,M,1987-06-04
396,1958-11-10,Virginia,Cox,F,1988-07-09
397,1962-02-21,Denise,Howard,M,1989-08-14
398,1953-07-02,Gerald,Watson,F,1990-09-19
399,1957-08-14,Marie,Brooks,M,1991-10-24
400,1961-03-21,Harold,Kelly,F,1992-11-29
401,1959-12-09,John,Doe,M,1985-06-01
402,1963-05-27,Jane,Smith,F,1986-07-15
403,1954-07-31,Robert,Brown,M,1987-08-20
404,1964-01-24,Linda,Johnson,F,1988-09-10
405,1956-04-18,Michael,Williams,M,1989-10-05
406,1960-10-06,Patricia,Jones,F,1990-11-15
407,1958-02-23,James,Garcia,M,1991-12-01
408,1962-06-12,Mary,Miller,F,1992-01-20
409,1953-10-28,William,Davis,M,1993-02-25
410,1957-01-16,Elizabeth,Martinez,F,1994-03-30
411,1961-06-03,David,Hernandez,M,1995-04-10
412,1959-09-22,Barbara,Lopez,F,1996-05-15
413,1963-12-10,Richard,Gonzalez,M,1997-06-20
414,1954-02-27,Susan,Wilson,F,1998-07-25
415,1964-06-16,Joseph,Anderson,M,1999-08-30
416,1956-10-24,Jessica,Thomas,F,2000-09-05
417,1960-08-01,Charles,Taylor,M,1985-10-10
418,1958-11-11,Karen,Moore,F,1986-11-15
419,1962-02-22,Christopher,Jackson,M,1987-12-20
420,1953-07-03,Nancy,Martin,F,1988-01-25
421,1957-08-15,Daniel,Lee,M,1989-02-28
422,1961-03-22,Margaret,Perez,F,1990-03-15
423,1959-12-10,Matthew,Thompson,M,1991-04-20
424,1963-05-28,Dorothy,White,F,1992-05-25
425,1954-08-01,Anthony,Harris,M,1993-06-30
426,1964-01-25,Lisa,Sanchez,F,1994-07-05
427,1956-04-19,Mark,Clark,M,1995-08-10
428,1960-10-07,Sandra,Ramirez,F,1996-09-15
429,1958-02-24,Paul,Lewis,M,1997-10-20
430,1962-06-13,Donna,Robinson,F,1998-11-25
431,1953-10-29,Steven,Walker,M,1999-12-30
432,1957-01-17,Carol,Young,F,2000-01-05
433,1961-06-04,Andrew,Allen,M,1985-02-10
434,1959-09-23,Michelle,King,F,1986-03-15
435,1963-12-11,Joshua,Wright,M,1987-04-20
436,1954-02-28,Emily,Scott,F,1988-05-25
437,1964-06-17,Kevin,Green,M,1989-06-30
438,1956-10-25,Amy,Adams,F,1990-07-05
439,1960-08-02,Brian,Baker,M,1991-08-10
440,1958-11-12,Angela,Nelson,F,1992-09-15
441,1962-02-23,George,Hill,M,1993-10-20
442,1953-07-04,Deborah,Rodriguez,F,1994-11-25
443,1957-08-16,Edward,Carter,M,1995-12-30
444,1961-03-23,Rebecca,Mitchell,F,1996-01-05
445,1959-12-11,Jason,Roberts,M,1997-02-10
446,1963-05-29,Sharon,Phillips,F,1998-03-15
447,1954-08-02,Jeffrey,Evans,M,1999-04-20
448,1964-01-26,Laura,Turner,F,2000-05-25
449,1956-04-20,Ryan,Torres,M,1985-06-30
450,1960-10-08,Kimberly,Parker,F,1986-07-05
451,1958-02-25,Jacob,Collins,M,1987-08-10
452,1962-06-14,Ruth,Edwards,F,1988-09-15
453,1953-10-30,Gary,Stewart,M,1989-10-20
454,1957-01-18,Stephanie,Flores,F,1990-11-25
455,1961-06-05,Nicholas,Morris,M,1991-12-30
456,1959-09-24,Carolyn,Murphy,F,1992-01-05
457,1963-12-12,Eric,Ortiz,M,1993-02-10
458,1954-03-01,Janet,Jenkins,F,1994-03-15
459,1964-06-18,Stephen,Perry,M,1995-04-20
460,1956-10-26,Christine,Butler,F,1996-05-25
461,1960-08-03,Jonathan,Barnes,M,1997-06-30
462,1958-11-13,Brenda,Fisher,F,1998-07-05
463,1962-02-24,Frank,Henderson,M,1999-08-10
464,1953-07-05,Virginia,Coleman,F,2000-09-15
465,1957-08-17,Scott,Simmons,M,1985-10-20
466,1961-03-24,Debra,Patterson,F,1986-11-25
467,1959-12-12,Justin,Reed,M,1987-12-30
468,1963-05-30,Anna,Howard,F,1988-01-05
469,1954-08-03,Brandon,Ward,M,1989-02-10
470,1964-01-27,Katherine,Cox,F,1990-03-15
471,1956-04-21,Benjamin,Diaz,M,1991-04-20
472,1960-10-09,Shirley,Richardson,F,1992-05-25
473,1958-02-26,Gregory,Wood,M,1993-06-30
474,1962-06-15,Emma,Watson,F,1994-07-05
475,1953-10-31,Raymond,Brooks,M,1995-08-10
476,1957-01-19,Frances,Gray,F,1996-09-15
477,1961-06-06,Patrick,James,M,1997-10-20
478,1959-09-25,Joyce,Bennett,F,1998-11-25
479,1963-12-13,Alexander,Bell,M,1999-12-30
480,1954-03-02,Judith,Watson,F,2000-01-05
481,1964-06-19,Jack,Bryant,M,1985-02-10
482,1956-10-27,Diane,Alexander,F,1986-03-15
483,1960-08-04,Jeremy,Russell,M,1987-04-20
484,1958-11-14,Alice,Griffin,F,1988-05-25
485,1962-02-25,Peter,Diaz,M,1989-06-30
486,1953-07-06,Julie,Hayes,F,1990-07-05
487,1957-08-18,Dennis,Myers,M,1991-08-10
488,1961-03-25,Heather,Ford,F,1992-09-15
489,1959-12-13,Adam,Hamilton,M,1993-10-20
490,1963-05-31,Rachel,Graham,F,1994-11-25
491,1954-08-04,Samuel,Sullivan,M,1995-12-30
492,1964-01-28,Teresa,Wallace,F,1996-01-05
493,1956-04-22,Henry,Cole,M,1997-02-10
494,1960-10-10,Gloria,Reynolds,F,1998-03-15
495,1958-02-27,Harold,Schmidt,M,1999-04-20
496,1962-06-16,Janice,Weaver,F,2000-05-25
497,1953-11-01,Lawrence,Carroll,M,1985-06-30
498,1957-01-20,Marie,Olson,F,1986-07-05
499,1961-06-07,Wayne,Harper,M,1987-08-10
500,1959-09-26,Denise,Johnston,F,1988-09-15
