customerid,firstname,lastname,address1,address2,city,state,zip,country,region,email,phone,creditcardtype,creditcard,creditcardexpiration,username,password,age,income,gender
1,willow,harbor,willow,beacon,flux,quartz,447,beacon,681,prism,cascade,626,prism,willow,pulse,quartz,19,85,h
2,summit,meridian,beacon,delta,summit,nova,273,nova,47,orbit,zenith,569,summit,vector,vector,pulse,667,518,z
3,delta,delta,zenith,prism,prism,nova,505,orbit,531,ember,harbor,437,nova,alpha,nova,cascade,69,871,z
4,ember,vertex,willow,vertex,quartz,matrix,703,flux,94,meridian,vector,661,vector,ember,willow,ember,177,78,v
5,vertex,orbit,signal,signal,flux,meridian,22,quartz,338,orbit,willow,537,matrix,cascade,meridian,orbit,518,860,c
6,signal,flux,willow,prism,delta,vector,550,signal,554,ember,meridian,985,vector,prism,harbor,signal,865,387,b
7,prism,beacon,zenith,prism,ember,willow,618,beacon,692,pulse,orbit,962,delta,orbit,harbor,vector,739,715,p
8,willow,cascade,ember,delta,vertex,delta,894,signal,421,zenith,harbor,717,ember,alpha,pulse,vertex,121,375,w
9,willow,signal,vertex,alpha,orbit,summit,269,beacon,626,cascade,beacon,345,vertex,harbor,matrix,delta,279,260,s
10,ember,delta,flux,nova,vector,signal,919,nova,58,alpha,prism,240,matrix,meridian,flux,willow,341,649,a
11,summit,vector,quartz,matrix,vector,ember,138,vertex,773,zenith,beacon,792,delta,meridian,pulse,nova,552,675,m
12,vector,matrix,nova,signal,harbor,flux,205,cascade,522,summit,alpha,958,flux,orbit,alpha,prism,712,761,o
13,beacon,delta,pulse,harbor,ember,pulse,853,vertex,136,meridian,matrix,472,ember,harbor,delta,signal,158,980,w
14,prism,matrix,ember,vector,zenith,delta,252,delta,34,beacon,quartz,426,orbit,ember,alpha,signal,64,902,v
15,signal,willow,vertex,flux,ember,delta,512,delta,450,flux,alpha,708,alpha,signal,pulse,quartz,726,932,o
16,harbor,cascade,delta,alpha,flux,delta,442,delta,754,nova,summit,595,cascade,willow,delta,alpha,911,62,e
17,delta,signal,flux,harbor,beacon,signal,985,meridian,968,willow,meridian,812,pulse,vertex,meridian,alpha,491,875,s
18,vector,prism,willow,delta,cascade,signal,250,pulse,374,summit,vertex,138,matrix,harbor,quartz,harbor,975,409,v
19,summit,alpha,signal,beacon,orbit,flux,900,delta,381,willow,harbor,315,delta,ember,meridian,pulse,595,74,h
20,vector,zenith,flux,willow,quartz,flux,169,meridian,181,signal,summit,567,ember,harbor,beacon,vector,0,60,v
21,cascade,alpha,alpha,ember,vertex,summit,634,alpha,406,willow,prism,198,summit,signal,alpha,harbor,590,851,f
22,zenith,flux,zenith,flux,pulse,nova,708,summit,282,cascade,cascade,431,flux,prism,signal,meridian,892,693,p
23,cascade,ember,cascade,matrix,pulse,prism,983,ember,976,alpha,signal,604,meridian,orbit,meridian,matrix,946,306,e
24,quartz,matrix,orbit,cascade,harbor,prism,511,quartz,446,pulse,flux,900,signal,ember,beacon,flux,855,444,h
25,delta,flux,signal,harbor,zenith,pulse,5,summit,382,prism,alpha,125,harbor,orbit,alpha,delta,700,136,s
26,matrix,orbit,harbor,prism,prism,harbor,468,willow,84,pulse,prism,885,beacon,meridian,delta,pulse,662,612,v
27,cascade,zenith,quartz,pulse,cascade,flux,174,alpha,858,vertex,ember,523,flux,meridian,ember,signal,524,901,b
28,vertex,matrix,cascade,quartz,summit,ember,441,prism,372,prism,harbor,872,beacon,matrix,flux,delta,517,729,f
29,zenith,meridian,matrix,zenith,alpha,pulse,48,nova,339,vector,ember,451,quartz,meridian,summit,zenith,348,750,o
30,flux,orbit,nova,willow,quartz,nova,949,alpha,753,flux,vertex,620,beacon,pulse,willow,matrix,973,451,z
31,alpha,quartz,vertex,quartz,delta,zenith,16,meridian,766,matrix,nova,190,signal,vector,meridian,beacon,888,246,s
32,ember,willow,matrix,alpha,willow,cascade,932,matrix,135,alpha,meridian,672,harbor,vertex,harbor,signal,794,14,w
33,matrix,ember,quartz,vertex,orbit,cascade,992,flux,205,alpha,willow,39,cascade,prism,meridian,cascade,769,147,q
34,orbit,vertex,harbor,ember,harbor,signal,591,vertex,883,signal,harbor,417,willow,matrix,zenith,nova,939,199,m
35,harbor,harbor,flux,zenith,zenith,quartz,429,summit,80,harbor,harbor,649,beacon,beacon,delta,vector,147,459,s
36,zenith,pulse,meridian,cascade,zenith,cascade,906,vertex,497,beacon,orbit,493,vector,prism,summit,quartz,958,61,c
37,summit,delta,orbit,orbit,quartz,orbit,207,alpha,709,pulse,orbit,38,vector,vertex,summit,ember,453,335,h
38,flux,prism,vector,beacon,summit,signal,481,quartz,598,meridian,orbit,411,zenith,orbit,signal,quartz,189,645,v
39,flux,meridian,beacon,cascade,flux,ember,388,beacon,252,vertex,harbor,18,nova,summit,pulse,matrix,172,383,m
40,delta,summit,beacon,willow,orbit,willow,365,orbit,58,summit,vector,891,delta,orbit,harbor,harbor,275,893,v
41,harbor,harbor,ember,cascade,zenith,meridian,819,vertex,876,summit,willow,243,nova,willow,quartz,flux,866,409,q
42,ember,alpha,orbit,meridian,meridian,flux,531,pulse,86,beacon,orbit,287,meridian,signal,matrix,prism,207,225,b
43,meridian,harbor,quartz,vector,pulse,flux,461,flux,353,delta,delta,490,signal,matrix,signal,willow,618,136,p
44,pulse,beacon,vertex,ember,vector,orbit,29,delta,70,vector,delta,235,harbor,flux,ember,willow,979,170,a
45,willow,vector,ember,vertex,orbit,matrix,807,delta,131,orbit,harbor,730,summit,meridian,delta,beacon,912,704,b
46,quartz,pulse,vertex,ember,harbor,orbit,969,meridian,723,meridian,matrix,796,vertex,prism,ember,harbor,1000,761,s
47,willow,meridian,willow,beacon,harbor,cascade,375,flux,41,quartz,matrix,739,matrix,signal,matrix,vector,297,20,n
48,pulse,cascade,meridian,prism,prism,beacon,744,matrix,332,pulse,flux,899,summit,willow,willow,signal,719,245,o
49,zenith,matrix,meridian,pulse,flux,willow,337,cascade,947,summit,pulse,198,ember,beacon,zenith,willow,63,40,h
50,quartz,nova,harbor,beacon,matrix,vertex,34,pulse,243,cascade,beacon,396,delta,prism,ember,matrix,262,689,d
51,delta,meridian,ember,vertex,beacon,ember,652,nova,145,ember,meridian,326,matrix,matrix,delta,zenith,340,523,z
52,vertex,delta,summit,nova,alpha,orbit,225,zenith,921,beacon,harbor,416,harbor,matrix,cascade,pulse,697,825,e
53,harbor,prism,signal,flux,orbit,delta,227,quartz,460,nova,delta,337,matrix,quartz,prism,matrix,781,43,z
54,willow,signal,delta,vertex,flux,nova,185,willow,223,flux,zenith,769,flux,delta,willow,harbor,389,238,s
55,cascade,cascade,vector,willow,harbor,pulse,184,nova,912,summit,delta,548,orbit,harbor,beacon,prism,416,995,b
56,summit,alpha,ember,cascade,matrix,nova,54,zenith,280,willow,beacon,605,vertex,cascade,prism,harbor,331,483,v
57,summit,willow,prism,pulse,nova,delta,214,vector,554,harbor,cascade,634,summit,orbit,pulse,vertex,20,773,v
58,alpha,vertex,orbit,delta,delta,vertex,739,meridian,480,delta,quartz,85,meridian,flux,vertex,pulse,79,34,p
59,summit,summit,quartz,matrix,zenith,vector,116,pulse,444,cascade,zenith,67,nova,meridian,flux,meridian,462,421,z
60,nova,vector,signal,pulse,cascade,cascade,608,zenith,277,signal,matrix,185,signal,cascade,quartz,cascade,178,906,q
61,quartz,quartz,quartz,ember,meridian,vector,453,alpha,151,vertex,willow,514,alpha,vector,summit,summit,469,653,s
62,beacon,pulse,vector,zenith,ember,meridian,784,flux,189,delta,pulse,884,meridian,flux,meridian,orbit,174,723,f
63,vertex,pulse,ember,nova,meridian,meridian,534,prism,466,delta,orbit,281,orbit,nova,meridian,nova,471,72,p
64,cascade,zenith,ember,signal,cascade,zenith,744,ember,443,alpha,orbit,117,cascade,vector,vector,ember,266,305,f
65,summit,pulse,cascade,cascade,alpha,prism,875,ember,227,alpha,willow,955,vector,pulse,prism,prism,209,267,m
66,vertex,quartz,nova,pulse,pulse,matrix,967,orbit,321,summit,matrix,893,ember,signal,nova,beacon,508,153,v
67,signal,vertex,vertex,vertex,meridian,signal,372,summit,169,prism,nova,835,prism,prism,signal,delta,346,132,h
68,harbor,summit,summit,alpha,prism,delta,693,vertex,876,harbor,vector,595,ember,cascade,pulse,alpha,730,113,m
69,beacon,ember,alpha,beacon,beacon,matrix,74,cascade,414,pulse,signal,391,prism,pulse,cascade,beacon,34,881,p
70,orbit,vector,cascade,ember,cascade,pulse,837,meridian,725,matrix,willow,891,ember,flux,orbit,vertex,836,965,a
71,summit,harbor,ember,signal,nova,signal,361,harbor,169,nova,vertex,454,nova,prism,willow,nova,639,28,n
72,cascade,alpha,vector,matrix,orbit,orbit,553,ember,988,signal,signal,383,harbor,delta,vertex,harbor,949,172,a
73,cascade,willow,matrix,vertex,flux,signal,487,vector,68,willow,zenith,136,cascade,meridian,signal,summit,631,419,a
74,orbit,willow,matrix,signal,summit,signal,165,beacon,503,willow,vector,243,beacon,flux,alpha,pulse,638,900,o
75,flux,prism,harbor,vertex,orbit,ember,96,nova,190,willow,pulse,171,summit,zenith,prism,vertex,602,664,s
76,nova,harbor,willow,nova,vector,alpha,418,quartz,601,prism,vertex,484,zenith,summit,delta,meridian,602,794,e
77,cascade,harbor,pulse,beacon,cascade,alpha,399,cascade,438,ember,delta,276,ember,prism,beacon,orbit,264,812,e
78,pulse,summit,prism,signal,harbor,cascade,416,matrix,365,prism,summit,797,delta,beacon,orbit,alpha,573,902,e
79,signal,willow,signal,signal,delta,quartz,268,beacon,114,quartz,summit,49,vector,signal,zenith,delta,115,398,p
80,cascade,meridian,orbit,willow,alpha,beacon,726,harbor,18,meridian,pulse,59,pulse,matrix,meridian,beacon,250,48,a
81,meridian,summit,beacon,cascade,quartz,beacon,953,signal,183,vector,vertex,556,flux,prism,ember,orbit,411,169,s
82,willow,signal,signal,ember,harbor,flux,555,vertex,207,nova,prism,175,matrix,nova,beacon,quartz,666,694,d
83,willow,beacon,nova,cascade,cascade,willow,195,delta,333,delta,signal,510,orbit,signal,quartz,zenith,136,57,p
84,zenith,nova,meridian,prism,matrix,flux,49,signal,147,nova,orbit,722,signal,meridian,quartz,quartz,495,135,w
85,matrix,nova,nova,orbit,orbit,flux,716,matrix,225,prism,orbit,911,quartz,pulse,pulse,matrix,754,301,m
86,pulse,zenith,willow,signal,harbor,zenith,901,alpha,645,harbor,signal,988,cascade,cascade,matrix,meridian,339,279,m
87,vertex,meridian,delta,nova,signal,zenith,203,willow,607,pulse,willow,879,delta,flux,zenith,pulse,156,456,v
88,flux,flux,alpha,signal,prism,nova,931,nova,236,nova,orbit,774,alpha,harbor,cascade,meridian,568,215,h
89,matrix,flux,alpha,matrix,zenith,summit,960,alpha,627,nova,vertex,649,nova,flux,alpha,summit,461,483,m
90,meridian,vector,flux,pulse,beacon,willow,396,signal,551,prism,orbit,484,meridian,meridian,delta,ember,733,5,v
91,alpha,nova,beacon,ember,beacon,quartz,228,vector,13,zenith,orbit,810,delta,alpha,harbor,delta,263,134,w
92,ember,signal,meridian,quartz,willow,alpha,746,vertex,922,orbit,pulse,763,flux,prism,beacon,cascade,595,779,e
93,harbor,harbor,pulse,delta,prism,vertex,680,meridian,2,matrix,vector,139,cascade,willow,quartz,matrix,981,377,m
94,alpha,prism,pulse,harbor,alpha,beacon,556,ember,338,harbor,ember,875,signal,harbor,delta,quartz,72,484,s
95,ember,meridian,willow,ember,cascade,summit,846,vertex,255,signal,ember,693,delta,beacon,delta,pulse,436,191,m
96,alpha,harbor,signal,signal,cascade,delta,287,matrix,58,ember,matrix,40,beacon,harbor,quartz,delta,151,105,h
97,nova,pulse,alpha,nova,matrix,pulse,727,alpha,861,quartz,beacon,90,alpha,flux,zenith,cascade,230,871,b
98,matrix,alpha,delta,nova,meridian,vertex,278,flux,536,willow,meridian,318,ember,alpha,cascade,alpha,692,793,h
99,cascade,flux,pulse,willow,flux,vertex,151,quartz,199,quartz,delta,644,matrix,prism,nova,prism,864,454,s
100,vector,beacon,delta,harbor,pulse,flux,218,pulse,828,quartz,harbor,600,meridian,signal,alpha,cascade,867,567,w
101,zenith,flux,ember,pulse,cascade,quartz,964,beacon,791,meridian,vertex,491,pulse,willow,vector,orbit,826,297,h
102,quartz,summit,cascade,beacon,harbor,signal,666,matrix,649,signal,cascade,98,prism,signal,signal,quartz,698,780,v
103,quartz,meridian,prism,nova,nova,signal,913,ember,350,flux,alpha,676,signal,beacon,meridian,beacon,675,127,f
104,willow,zenith,nova,willow,quartz,delta,258,summit,86,vertex,signal,596,quartz,alpha,willow,summit,654,697,p
105,orbit,prism,pulse,willow,ember,nova,983,zenith,27,prism,vertex,401,pulse,vertex,zenith,vector,84,947,b
106,flux,vertex,alpha,orbit,willow,summit,595,prism,596,summit,flux,838,quartz,signal,prism,meridian,677,906,h
107,meridian,vertex,alpha,harbor,meridian,vertex,603,nova,963,signal,zenith,297,signal,beacon,delta,cascade,121,402,o
108,vector,ember,vector,signal,nova,vector,849,harbor,909,nova,nova,334,harbor,pulse,delta,vertex,979,550,s
109,orbit,alpha,beacon,ember,matrix,alpha,72,beacon,664,zenith,zenith,302,zenith,flux,pulse,ember,137,126,m
110,orbit,pulse,quartz,vector,pulse,quartz,286,prism,986,vertex,willow,190,delta,orbit,orbit,flux,422,823,f
111,beacon,vertex,matrix,willow,summit,summit,210,signal,892,zenith,beacon,290,pulse,summit,ember,vertex,310,863,w
112,matrix,flux,meridian,quartz,delta,ember,562,willow,797,willow,vertex,48,summit,vector,meridian,harbor,161,231,w
113,quartz,summit,nova,quartz,delta,vertex,52,summit,404,signal,vertex,684,quartz,flux,vertex,ember,242,913,f
114,nova,summit,prism,zenith,willow,alpha,358,harbor,55,cascade,summit,377,matrix,meridian,nova,matrix,306,64,s
115,matrix,summit,zenith,ember,pulse,willow,717,beacon,998,beacon,nova,283,ember,ember,pulse,vertex,457,833,f
116,meridian,nova,willow,flux,pulse,quartz,313,orbit,566,harbor,pulse,988,prism,orbit,alpha,signal,893,329,q
117,summit,vertex,cascade,orbit,quartz,vertex,551,vector,370,cascade,orbit,552,beacon,summit,orbit,vector,579,908,b
118,vector,matrix,matrix,beacon,quartz,quartz,51,meridian,264,zenith,pulse,394,orbit,signal,signal,prism,635,612,b
119,signal,vector,alpha,willow,ember,orbit,832,vector,598,alpha,matrix,687,quartz,flux,cascade,delta,494,874,z
120,quartz,ember,orbit,willow,vertex,vertex,525,willow,238,signal,willow,84,delta,meridian,vertex,orbit,198,231,s
121,cascade,willow,ember,vector,vertex,nova,381,matrix,877,summit,alpha,496,ember,matrix,pulse,pulse,768,412,q
122,meridian,alpha,pulse,signal,pulse,willow,877,willow,0,vertex,harbor,836,cascade,nova,prism,vector,170,422,v
123,delta,matrix,signal,pulse,beacon,nova,335,meridian,545,ember,nova,670,willow,nova,pulse,harbor,323,790,w
124,matrix,prism,beacon,matrix,meridian,cascade,247,meridian,767,matrix,orbit,195,vertex,alpha,vertex,meridian,121,346,w
125,vector,cascade,ember,nova,signal,harbor,896,flux,347,harbor,vertex,577,nova,prism,summit,quartz,165,859,m
126,meridian,vertex,harbor,vertex,alpha,vertex,802,prism,9,meridian,summit,614,signal,vector,pulse,alpha,232,611,w
127,cascade,meridian,prism,matrix,signal,ember,717,ember,786,meridian,nova,153,harbor,meridian,quartz,nova,762,137,a
128,matrix,vertex,harbor,matrix,prism,ember,718,ember,735,zenith,signal,978,quartz,vector,flux,quartz,703,637,n
129,beacon,orbit,summit,cascade,delta,ember,787,meridian,334,prism,signal,507,quartz,willow,summit,orbit,949,618,s
130,harbor,ember,alpha,quartz,orbit,alpha,678,prism,946,zenith,matrix,758,beacon,beacon,matrix,matrix,829,357,s
131,matrix,meridian,meridian,zenith,harbor,beacon,204,delta,589,willow,alpha,64,harbor,zenith,harbor,prism,280,754,n
132,matrix,prism,delta,beacon,alpha,summit,301,orbit,441,flux,flux,813,alpha,beacon,prism,vertex,273,772,o
133,willow,matrix,zenith,beacon,harbor,cascade,459,delta,818,harbor,cascade,133,nova,vertex,ember,summit,370,957,b
134,alpha,harbor,vertex,prism,quartz,vertex,525,ember,847,harbor,prism,348,cascade,willow,vector,vector,738,672,e
135,orbit,willow,summit,delta,vector,vector,566,vector,631,delta,quartz,263,willow,flux,harbor,zenith,727,339,q
136,quartz,pulse,zenith,zenith,nova,nova,954,ember,476,signal,alpha,772,prism,beacon,signal,cascade,629,863,s
137,orbit,flux,prism,orbit,delta,delta,852,meridian,55,prism,quartz,825,willow,alpha,harbor,ember,683,458,c
138,orbit,meridian,pulse,signal,delta,delta,423,delta,307,vector,pulse,304,vector,alpha,pulse,harbor,195,466,z
139,pulse,vertex,alpha,summit,vector,meridian,145,flux,909,meridian,ember,937,beacon,willow,delta,beacon,204,578,m
140,prism,meridian,summit,vertex,orbit,harbor,912,beacon,80,delta,cascade,127,summit,meridian,delta,vertex,764,275,s
141,meridian,signal,quartz,quartz,quartz,nova,613,flux,584,quartz,matrix,216,harbor,ember,cascade,zenith,267,805,c
142,nova,matrix,zenith,vector,delta,ember,313,zenith,350,prism,vector,953,nova,vector,delta,ember,605,611,p
143,orbit,willow,flux,cascade,willow,zenith,453,vector,986,harbor,zenith,344,zenith,zenith,ember,flux,399,408,o
144,vector,nova,prism,pulse,matrix,vertex,900,matrix,966,meridian,summit,949,prism,prism,zenith,vertex,791,400,w
145,alpha,pulse,delta,prism,signal,cascade,643,delta,632,prism,meridian,168,delta,vertex,vertex,cascade,866,443,m
146,matrix,willow,beacon,vertex,signal,meridian,79,signal,780,ember,beacon,573,quartz,delta,harbor,orbit,799,23,c
147,quartz,quartz,prism,vector,prism,vector,248,zenith,497,ember,matrix,304,nova,alpha,nova,nova,107,730,w
148,harbor,zenith,willow,vector,pulse,ember,255,nova,446,harbor,zenith,711,vertex,flux,matrix,vertex,907,849,m
149,vector,delta,vertex,beacon,matrix,zenith,682,vector,353,ember,vector,279,orbit,harbor,vector,harbor,374,629,h
150,prism,quartz,zenith,cascade,ember,delta,71,summit,349,alpha,summit,813,matrix,alpha,summit,vertex,78,933,c
151,zenith,cascade,orbit,vertex,pulse,pulse,391,ember,871,summit,prism,58,cascade,zenith,alpha,meridian,294,26,s
152,willow,harbor,cascade,willow,harbor,harbor,398,alpha,850,zenith,summit,99,harbor,orbit,pulse,flux,222,541,v
153,quartz,nova,meridian,summit,summit,signal,409,nova,542,signal,beacon,72,delta,willow,signal,willow,733,922,v
154,vertex,delta,zenith,matrix,meridian,pulse,514,cascade,329,flux,signal,687,vertex,prism,meridian,delta,104,476,z
155,vertex,vector,ember,harbor,signal,orbit,359,beacon,150,signal,ember,447,prism,orbit,nova,signal,546,575,e
156,flux,pulse,meridian,pulse,pulse,prism,950,cascade,589,delta,orbit,630,quartz,delta,vector,prism,241,182,h
157,summit,zenith,ember,quartz,ember,alpha,502,flux,42,prism,prism,433,vertex,delta,signal,ember,717,80,q
158,alpha,cascade,delta,cascade,cascade,quartz,770,beacon,626,matrix,cascade,599,matrix,vector,zenith,summit,62,336,s
159,alpha,zenith,orbit,willow,pulse,delta,9,vector,883,beacon,matrix,845,flux,meridian,beacon,orbit,308,562,o
160,alpha,vector,prism,ember,willow,meridian,315,vector,343,prism,flux,504,alpha,harbor,quartz,cascade,662,92,f
161,beacon,quartz,meridian,delta,matrix,pulse,685,signal,75,matrix,matrix,930,prism,willow,signal,prism,383,188,p
162,harbor,orbit,matrix,ember,beacon,willow,248,alpha,784,delta,flux,512,signal,cascade,harbor,willow,603,555,v
163,alpha,flux,beacon,matrix,delta,pulse,690,delta,172,ember,orbit,221,cascade,signal,nova,cascade,364,790,s
164,ember,cascade,meridian,flux,nova,quartz,683,signal,465,vertex,willow,300,vertex,nova,prism,signal,214,905,m
165,harbor,willow,matrix,nova,alpha,harbor,918,vector,143,vector,cascade,2,prism,zenith,ember,quartz,444,926,d
166,vector,nova,prism,orbit,alpha,vertex,566,alpha,203,pulse,signal,931,beacon,beacon,delta,summit,311,960,h
167,flux,delta,flux,beacon,orbit,beacon,550,vector,937,alpha,vertex,891,summit,harbor,flux,beacon,12,144,h
168,harbor,delta,matrix,matrix,prism,signal,683,nova,540,summit,beacon,727,prism,pulse,vertex,pulse,105,259,o
169,ember,quartz,meridian,signal,beacon,signal,479,ember,939,nova,delta,549,cascade,summit,quartz,delta,521,148,v
170,quartz,nova,matrix,quartz,cascade,vertex,436,harbor,489,harbor,summit,499,cascade,harbor,quartz,cascade,958,108,p
171,pulse,flux,orbit,willow,prism,matrix,319,cascade,291,delta,pulse,549,vector,vertex,orbit,alpha,132,813,m
172,summit,alpha,harbor,delta,quartz,prism,840,orbit,280,signal,harbor,818,beacon,alpha,orbit,vertex,708,864,w
173,matrix,flux,beacon,signal,meridian,matrix,389,quartz,24,flux,signal,289,alpha,nova,vector,quartz,562,312,n
174,nova,flux,prism,summit,cascade,cascade,792,pulse,297,delta,pulse,813,flux,signal,prism,vector,698,548,c
175,beacon,signal,nova,willow,vector,orbit,144,ember,640,beacon,cascade,887,meridian,orbit,harbor,ember,88,996,v
176,cascade,delta,matrix,orbit,beacon,pulse,813,zenith,972,ember,vertex,749,beacon,prism,vertex,nova,668,694,m
177,quartz,signal,orbit,meridian,willow,orbit,403,pulse,382,harbor,quartz,515,flux,delta,vector,vertex,374,505,h
178,meridian,cascade,quartz,willow,signal,delta,986,delta,585,vertex,cascade,151,delta,meridian,willow,ember,909,750,m
179,pulse,pulse,delta,zenith,delta,willow,707,delta,730,willow,zenith,649,vertex,signal,beacon,vertex,731,988,s
180,vector,signal,nova,ember,pulse,summit,932,flux,418,delta,meridian,318,orbit,harbor,flux,harbor,186,259,o
181,quartz,quartz,meridian,flux,pulse,harbor,230,ember,672,meridian,beacon,893,vertex,vertex,ember,flux,464,205,f
182,zenith,pulse,beacon,matrix,ember,alpha,866,pulse,654,matrix,meridian,229,orbit,vector,delta,delta,115,578,d
183,nova,cascade,meridian,meridian,vertex,summit,979,orbit,866,delta,orbit,925,pulse,orbit,nova,quartz,627,239,m
184,beacon,prism,meridian,quartz,delta,pulse,483,zenith,739,harbor,flux,981,beacon,delta,ember,vector,725,737,o
185,signal,willow,delta,cascade,ember,vector,392,pulse,667,zenith,vertex,767,harbor,matrix,quartz,signal,567,429,n
186,meridian,willow,pulse,harbor,orbit,pulse,164,signal,388,pulse,delta,502,delta,flux,meridian,pulse,300,304,q
187,quartz,zenith,matrix,harbor,flux,quartz,795,delta,96,nova,vector,779,harbor,vertex,cascade,flux,829,20,h
188,cascade,ember,prism,zenith,alpha,nova,992,willow,65,prism,harbor,84,zenith,matrix,beacon,delta,493,373,q
189,delta,nova,quartz,quartz,alpha,flux,727,flux,975,delta,prism,488,pulse,matrix,alpha,matrix,935,268,a
190,vertex,zenith,orbit,beacon,prism,orbit,99,orbit,654,vector,pulse,312,vector,meridian,nova,orbit,690,600,m
191,matrix,nova,signal,zenith,vector,harbor,448,quartz,905,prism,vertex,528,signal,zenith,quartz,ember,158,711,w
192,cascade,willow,prism,zenith,zenith,signal,260,vertex,31,cascade,pulse,25,summit,nova,willow,summit,228,92,p
193,quartz,summit,beacon,meridian,signal,prism,759,prism,639,delta,ember,658,prism,pulse,flux,signal,628,687,z
194,alpha,vertex,zenith,matrix,vector,willow,557,matrix,539,cascade,ember,822,matrix,meridian,harbor,meridian,866,586,m
195,matrix,meridian,ember,nova,zenith,ember,509,harbor,258,pulse,orbit,12,nova,delta,orbit,beacon,880,583,f
196,zenith,orbit,matrix,quartz,pulse,meridian,795,ember,543,alpha,orbit,219,nova,prism,willow,signal,24,138,s
197,pulse,zenith,nova,vertex,flux,willow,429,zenith,773,nova,harbor,66,summit,vector,summit,signal,861,378,p
198,beacon,harbor,delta,signal,zenith,alpha,985,signal,920,flux,beacon,975,vertex,orbit,meridian,orbit,656,931,s
199,meridian,ember,prism,beacon,delta,ember,712,ember,140,cascade,matrix,752,matrix,nova,matrix,pulse,701,373,w
200,willow,zenith,pulse,ember,signal,flux,288,signal,354,summit,nova,211,prism,cascade,willow,ember,258,815,v