orderlineid,orderid,prod_id,quantity,orderdate
230,158,963,630,2025-02-04
109,130,116,848,2025-01-24
483,105,430,219,2025-07-01
177,127,514,570,2025-02-25
967,58,57,546,2026-06-01
988,165,680,590,2025-11-01
338,181,164,249,2025-05-19
78,8,989,660,2026-05-01
721,171,946,868,2026-02-01
582,184,901,144,2025-06-03
525,105,621,756,2025-06-03
265,124,760,981,2026-02-27
248,43,458,320,2025-11-29
280,26,280,57,2026-02-11
741,110,690,544,2025-09-03
723,105,842,722,2025-07-15
302,190,972,498,2025-08-24
79,66,974,298,2025-03-14
631,46,812,89,2025-04-23
775,196,265,477,2025-09-20
745,1,975,894,2025-04-26
675,144,905,412,2026-03-28
24,14,288,531,2025-03-02
996,18,357,663,2025-07-04
88,8,13,549,2025-11-10
85,73,864,888,2026-06-16
295,89,201,459,2025-10-12
973,111,379,149,2025-09-29
676,35,306,266,2025-04-11
710,63,84,821,2025-02-23
455,119,988,768,2025-09-06
638,166,533,358,2026-05-15
898,12,732,786,2025-12-16
630,121,853,431,2025-01-07
440,21,664,705,2025-11-09
336,52,684,304,2026-05-20
49,80,330,176,2026-07-01
454,52,212,325,2025-04-03
661,120,364,717,2025-11-05
190,195,98,728,2025-01-24
539,183,431,439,2025-11-07
491,16,199,471,2025-09-06
194,119,234,851,2025-07-11
72,148,509,706,2025-08-12
84,199,82,124,2025-09-21
777,130,558,525,2026-02-16
328,180,381,246,2025-04-14
190,45,97,614,2025-03-04
576,12,969,123,2026-06-27
521,138,603,254,2025-04-04
352,30,162,733,2025-03-27
615,128,282,116,2025-09-30
903,199,840,208,2026-03-20
266,22,415,617,2025-01-07
872,38,569,589,2025-10-24
952,15,353,213,2025-11-28
531,123,919,788,2025-12-17
662,188,339,18,2025-02-20
480,5,751,224,2025-02-08
408,96,817,765,2025-08-08
427,156,24,361,2025-03-22
535,28,491,144,2025-03-10
735,23,509,464,2025-11-10
762,122,929,783,2026-04-11
645,106,764,549,2026-06-13
813,195,704,858,2025-10-02
777,181,942,490,2026-01-22
699,89,938,965,2025-12-05
804,99,797,310,2025-02-06
48,77,797,193,2025-03-09
735,15,873,333,2026-03-02
188,147,404,698,2025-03-14
880,92,414,773,2025-07-08
940,199,998,222,2026-05-27
522,105,424,838,2025-08-26
501,47,360,175,2025-07-24
819,35,747,837,2025-11-12
461,179,303,991,2026-06-24
548,105,793,721,2025-12-01
707,108,145,872,2025-11-10
172,42,926,490,2025-09-11
432,69,855,356,2025-03-18
15,26,289,880,2025-05-13
569,64,495,493,2026-06-10
228,78,33,845,2025-08-29
622,185,944,300,2025-04-05
21,199,196,261,2025-01-27
355,87,208,975,2026-02-26
193,32,385,727,2025-11-18
335,147,250,333,2025-03-23
945,199,911,711,2025-11-21
462,127,306,289,2026-05-27
811,121,888,683,2026-06-18
916,193,665,261,2026-01-05
368,152,766,721,2025-08-04
391,63,248,346,2025-02-07
629,115,578,485,2025-12-07
375,55,631,455,2025-05-12
282,190,430,785,2025-12-06
551,77,710,355,2025-08-16
762,56,596,410,2025-04-21
125,177,774,372,2025-11-03
553,107,643,12,2025-10-02
636,91,98,712,2025-11-29
889,27,69,824,2025-05-19
94,59,159,344,2026-02-02
212,79,489,782,2025-08-18
532,87,249,971,2025-09-01
634,19,526,767,2025-05-19
162,199,584,35,2025-10-11
834,37,104,238,2025-06-22
92,54,291,391,2025-05-22
67,2,605,50,2026-02-25
34,52,916,36,2026-05-04
884,157,38,75,2025-04-08
490,189,639,705,2025-04-01
648,62,581,630,2025-12-21
535,182,140,682,2025-11-09
527,177,127,299,2025-02-25
598,4,930,838,2025-03-08
967,57,444,999,2025-09-08
947,32,829,811,2026-06-03
843,18,932,362,2025-08-28
664,123,701,546,2025-11-30
471,88,662,66,2025-02-10
58,116,641,142,2026-01-29
343,177,825,57,2025-12-14
858,19,38,85,2025-07-13
920,58,237,554,2025-09-11
450,87,258,625,2026-04-29
288,51,483,411,2025-11-12
901,2,689,537,2025-06-26
627,50,778,304,2025-12-27
257,17,34,985,2025-05-10
946,191,347,998,2026-01-27
497,44,141,222,2025-05-17
353,156,82,121,2025-01-08
358,153,695,541,2025-09-05
61,68,317,491,2025-12-20
410,13,687,316,2026-05-22
522,78,461,45,2025-04-03
457,11,87,217,2025-12-12
394,128,843,268,2026-02-12
635,193,709,174,2025-06-20
167,152,789,626,2025-09-02
75,58,751,389,2025-02-07
330,77,593,957,2026-01-31
179,52,417,949,2025-02-01
581,23,768,544,2026-05-13
242,164,48,655,2026-06-03
315,85,918,669,2025-07-09
495,55,410,11,2026-06-22
486,19,12,232,2026-01-05
826,50,382,885,2025-02-02
429,195,744,608,2025-03-28
562,95,538,982,2025-06-01
731,15,95,426,2025-08-02
361,91,519,528,2026-06-04
653,19,240,390,2026-01-13
279,181,609,15,2025-05-20
355,143,158,644,2026-06-14
631,171,383,272,2025-06-03
27,80,175,455,2025-07-17
719,152,569,59,2025-10-15
175,152,664,40,2025-04-16
459,147,528,676,2026-04-09
243,185,681,601,2025-08-11
614,61,325,472,2025-02-18
619,34,24,629,2025-03-13
735,107,725,388,2026-04-01
573,25,731,110,2025-12-04
151,133,7,188,2025-02-15
539,64,775,858,2025-11-09
123,160,398,499,2025-06-06
244,3,359,332,2025-09-21
314,183,394,871,2025-03-14
476,55,636,617,2026-05-09
74,175,729,400,2026-05-14
89,99,979,291,2025-02-14
854,25,790,282,2025-09-19
509,47,731,273,2026-06-20
583,178,664,321,2025-11-22
664,106,638,833,2026-05-05
390,46,556,769,2025-10-20
101,104,234,283,2026-04-26
329,161,877,752,2026-01-17
104,164,400,631,2025-02-03
228,112,203,195,2025-03-01
597,70,972,476,2025-12-02
167,128,375,284,2025-11-28
351,99,57,657,2026-01-03
541,141,227,216,2025-02-22
168,172,7,551,2026-01-20
868,147,430,218,2025-01-08
69,107,857,48,2025-05-18
481,59,933,432,2025-02-05
506,159,524,14,2025-02-26
37,17,285,97,2025-02-16
343,111,529,1,2025-04-07
434,185,843,887,2025-01-12