emp_no,salary,from_date,to_date
10378,52000,2000-03-12,2001-03-12
10378,54100,2001-03-12,2002-03-12
10378,55300,2002-03-12,2003-03-12
10378,57800,2003-03-12,9999-01-01
10229,61200,2000-07-01,2001-07-01
10229,63500,2001-07-01,2002-07-01
10229,64100,2002-07-01,2003-07-01
10229,66900,2003-07-01,9999-01-01
10331,45800,2000-01-20,2001-01-20
10331,47200,2001-01-20,2002-01-20
10331,49000,2002-01-20,2003-01-20
10331,50300,2003-01-20,9999-01-01
10445,73400,2000-09-15,2001-09-15
10445,75100,2001-09-15,2002-09-15
10445,77800,2002-09-15,2003-09-15
10445,79200,2003-09-15,9999-01-01
10153,39800,2000-05-05,2001-05-05
10153,41500,2001-05-05,2002-05-05
10153,42700,2002-05-05,2003-05-05
10153,44900,2003-05-05,9999-01-01
10187,88200,2000-11-23,2001-11-23
10187,90500,2001-11-23,2002-11-23
10187,92100,2002-11-23,2003-11-23
10187,95400,2003-11-23,9999-01-01
10361,56700,2000-02-14,2001-02-14
10361,58300,2001-02-14,2002-02-14
10361,60100,2002-02-14,2003-02-14
10361,61800,2003-02-14,9999-01-01
10265,67500,2000-06-18,2001-06-18
10265,69200,2001-06-18,2002-06-18
10265,71000,2002-06-18,2003-06-18
10265,73600,2003-06-18,9999-01-01
10390,48300,2000-08-09,2001-08-09
10390,49900,2001-08-09,2002-08-09
10390,51500,2002-08-09,2003-08-09
10390,53200,2003-08-09,9999-01-01
10125,102300,2000-04-27,2001-04-27
10125,104800,2001-04-27,2002-04-27
10125,107100,2002-04-27,2003-04-27
10125,109600,2003-04-27,9999-01-01
10388,43100,2000-10-03,2001-10-03
10388,44600,2001-10-03,2002-10-03
10388,46300,2002-10-03,2003-10-03
10388,47800,2003-10-03,9999-01-01
10223,59400,2000-12-11,2001-12-11
10223,61000,2001-12-11,2002-12-11
10223,62700,2002-12-11,2003-12-11
10223,64500,2003-12-11,9999-01-01
10016,77200,2000-03-30,2001-03-30
10016,79100,2001-03-30,2002-03-30
10016,81400,2002-03-30,2003-03-30
10016,83000,2003-03-30,9999-01-01
10225,50600,2000-07-22,2001-07-22
10225,52100,2001-07-22,2002-07-22
10225,53900,2002-07-22,2003-07-22
10225,55400,2003-07-22,9999-01-01
10141,65800,2000-01-08,2001-01-08
10141,67300,2001-01-08,2002-01-08
10141,69100,2002-01-08,2003-01-08
10141,70700,2003-01-08,9999-01-01
10168,82500,2000-09-26,2001-09-26
10168,84300,2001-09-26,2002-09-26
10168,86200,2002-09-26,2003-09-26
10168,88100,2003-09-26,9999-01-01
10419,41700,2000-05-17,2001-05-17
10419,43200,2001-05-17,2002-05-17
10419,44800,2002-05-17,2003-05-17
10419,46500,2003-05-17,9999-01-01
10092,94600,2000-11-04,2001-11-04
10092,96900,2001-11-04,2002-11-04
10092,99300,2002-11-04,2003-11-04
10092,101700,2003-11-04,9999-01-01
10191,54200,2000-02-28,2001-02-28
10191,55900,2001-02-28,2002-02-28
10191,57600,2002-02-28,2003-02-28
10191,59300,2003-02-28,9999-01-01
10148,68900,2000-06-06,2001-06-06
10148,70400,2001-06-06,2002-06-06
10148,72200,2002-06-06,2003-06-06
10148,74000,2003-06-06,9999-01-01
10333,46900,2000-08-21,2001-08-21
10333,48400,2001-08-21,2002-08-21
10333,50100,2002-08-21,2003-08-21
10333,51700,2003-08-21,9999-01-01
10294,79800,2000-04-13,2001-04-13
10294,81500,2001-04-13,2002-04-13
10294,83300,2002-04-13,2003-04-13
10294,85100,2003-04-13,9999-01-01
10159,58100,2000-10-19,2001-10-19
10159,59700,2001-10-19,2002-10-19
10159,61500,2002-10-19,2003-10-19
10159,63200,2003-10-19,9999-01-01
10070,115400,2000-12-02,2001-12-02
10070,118200,2001-12-02,2002-12-02
10070,120900,2002-12-02,2003-12-02
10070,123600,2003-12-02,9999-01-01
10036,62400,2001-03-07,2002-03-07
10036,64100,2002-03-07,2003-03-07
10036,65900,2003-03-07,9999-01-01
10498,40200,2001-07-14,2002-07-14
10498,41800,2002-07-14,2003-07-14
10498,43300,2003-07-14,9999-01-01
10200,71500,2001-01-25,2002-01-25
10200,73200,2002-01-25,2003-01-25
10200,75100,2003-01-25,9999-01-01
10066,57300,2001-09-09,2002-09-09
10066,58900,2002-09-09,2003-09-09
10066,60600,2003-09-09,9999-01-01
10374,84700,2001-05-30,2002-05-30
10374,86500,2002-05-30,2003-05-30
10374,88400,2003-05-30,9999-01-01
10035,49100,2001-11-16,2002-11-16
10035,50700,2002-11-16,2003-11-16
10035,52300,2003-11-16,9999-01-01
10227,66300,2001-02-03,2002-02-03
10227,68000,2002-02-03,2003-02-03
10227,69800,2003-02-03,9999-01-01
10198,92800,2001-06-27,2002-06-27
10198,94900,2002-06-27,2003-06-27
10198,97100,2003-06-27,9999-01-01
10111,44500,2001-08-12,2002-08-12
10111,46000,2002-08-12,2003-08-12
10111,47600,2003-08-12,9999-01-01
10024,76100,2001-04-04,2002-04-04
10024,77900,2002-04-04,2003-04-04
10024,79700,2003-04-04,9999-01-01
10274,53600,2001-10-21,2002-10-21
10274,55100,2002-10-21,2003-10-21
10274,56800,2003-10-21,9999-01-01
10251,63700,2001-12-18,2002-12-18
10251,65300,2002-12-18,2003-12-18
10251,67100,2003-12-18,9999-01-01
10161,98400,2001-01-11,2002-01-11
10161,100600,2002-01-11,2003-01-11
10161,102900,2003-01-11,9999-01-01
10014,47300,2001-07-29,2002-07-29
10014,48800,2002-07-29,2003-07-29
10014,50400,2003-07-29,9999-01-01
10218,70200,2001-03-22,2002-03-22
10218,71900,2002-03-22,2003-03-22
10218,73700,2003-03-22,9999-01-01
10136,38900,2001-09-05,2002-09-05
10136,40300,2002-09-05,2003-09-05
10136,41800,2003-09-05,9999-01-01
10149,85600,2001-05-13,2002-05-13
10149,87400,2002-05-13,2003-05-13
10149,89300,2003-05-13,9999-01-01
10283,60900,2001-11-08,2002-11-08
10283,62500,2002-11-08,2003-11-08
10283,64200,2003-11-08,9999-01-01
10015,74400,2001-02-19,2002-02-19
10015,76200,2002-02-19,2003-02-19
10015,78000,2003-02-19,9999-01-01
10357,51800,2001-06-01,2002-06-01
10357,53400,2002-06-01,2003-06-01
10357,55000,2003-06-01,9999-01-01
10196,108700,2001-08-24,2002-08-24
10196,111300,2002-08-24,2003-08-24
10196,114000,2003-08-24,9999-01-01
10088,45200,2001-04-16,2002-04-16
10088,46700,2002-04-16,2003-04-16
10088,48300,2003-04-16,9999-01-01
10207,67800,2001-10-10,2002-10-10
10207,69500,2002-10-10,2003-10-10
10207,71300,2003-10-10,9999-01-01
10336,56200,2001-12-27,2002-12-27
10336,57800,2002-12-27,2003-12-27
10336,59500,2003-12-27,9999-01-01
10278,81300,2001-01-31,2002-01-31
10278,83100,2002-01-31,2003-01-31
10278,85000,2003-01-31,9999-01-01
10337,42400,2001-07-06,2002-07-06
10337,43900,2002-07-06,2003-07-06
10337,45500,2003-07-06,9999-01-01
10276,69300,2001-03-15,2002-03-15
10276,71000,2002-03-15,2003-03-15
10276,72800,2003-03-15,9999-01-01
10195,59800,2001-09-20,2002-09-20
10195,61400,2002-09-20,2003-09-20
10195,63100,2003-09-20,9999-01-01
10338,90100,2001-05-02,2002-05-02
10338,92200,2002-05-02,2003-05-02
10338,94400,2003-05-02,9999-01-01
10500,48700,2001-11-26,2002-11-26
10500,50200,2002-11-26,2003-11-26
10500,51900,2003-11-26,9999-01-01
10138,72600,2001-02-08,2002-02-08
10138,74400,2002-02-08,2003-02-08
10138,76300,2003-02-08,9999-01-01
10157,55600,2001-06-14,2002-06-14
10157,57200,2002-06-14,2003-06-14
10157,58900,2003-06-14,9999-01-01
10416,64800,2001-08-03,2002-08-03
10416,66500,2002-08-03,2003-08-03
10416,68300,2003-08-03,9999-01-01
10356,43700,2001-04-23,2002-04-23
10356,45200,2002-04-23,2003-04-23
10356,46800,2003-04-23,9999-01-01
10467,78500,2001-10-30,2002-10-30
10467,80300,2002-10-30,2003-10-30
10371,52300,1994-03-12,1995-03-12
10371,53800,1995-03-12,1996-03-11
10371,55400,1996-03-11,1997-03-11
10371,57100,1997-03-11,1998-03-11
10454,61200,1992-07-05,1993-07-05
10454,62900,1993-07-05,1994-07-05
10454,64500,1994-07-05,1995-07-05
10454,66300,1995-07-05,1996-07-04
10137,45800,1991-01-20,1992-01-20
10137,47200,1992-01-20,1993-01-19
10137,48700,1993-01-19,1994-01-19
10137,50300,1994-01-19,1995-01-19
10491,73400,1996-09-14,1997-09-14
10491,75300,1997-09-14,1998-09-14
10491,77200,1998-09-14,1999-09-14
10491,79300,1999-09-14,2000-09-13
10107,58100,1989-05-02,1990-05-02
10107,59700,1990-05-02,1991-05-02
10107,61400,1991-05-02,1992-05-01
10107,63100,1992-05-01,1993-05-01
10016,96500,1987-11-18,1988-11-17
10016,98900,1988-11-17,1989-11-17
10016,101300,1989-11-17,1990-11-17
10016,103900,1990-11-17,1991-11-17
10456,40100,1997-02-08,1998-02-08
10456,41300,1998-02-08,1999-02-08
10456,42600,1999-02-08,2000-02-08
10456,44000,2000-02-08,2001-02-07
10448,67800,1993-10-25,1994-10-25
10448,69600,1994-10-25,1995-10-25
10448,71400,1995-10-25,1996-10-24
10448,73300,1996-10-24,1997-10-24
10269,84200,1990-06-30,1991-06-30
10269,86300,1991-06-30,1992-06-29
10269,88500,1992-06-29,1993-06-29
10269,90700,1993-06-29,1994-06-29
10272,49500,1995-04-16,1996-04-15
10272,51000,1996-04-15,1997-04-15
10272,52600,1997-04-15,1998-04-15
10272,54300,1998-04-15,1999-04-15
10421,62700,1988-08-09,1989-08-09
10421,64300,1989-08-09,1990-08-09
10421,66000,1990-08-09,1991-08-09
10421,67800,1991-08-09,1992-08-08
10124,110200,1986-12-03,1987-12-03
10124,113000,1987-12-03,1988-12-02
10124,115900,1988-12-02,1989-12-02
10124,118900,1989-12-02,1990-12-02
10142,54600,1998-01-11,1999-01-11
10142,56100,1999-01-11,2000-01-11
10142,57700,2000-01-11,2001-01-10
10142,59400,2001-01-10,2002-01-10
10321,71300,1991-09-22,1992-09-21
10321,73100,1992-09-21,1993-09-21
10321,75000,1993-09-21,1994-09-21
10321,77000,1994-09-21,1995-09-21
10394,47900,1996-05-27,1997-05-27
10394,49300,1997-05-27,1998-05-27
10394,50800,1998-05-27,1999-05-27
10394,52400,1999-05-27,2000-05-26
10205,88700,1989-03-14,1990-03-14
10205,90900,1990-03-14,1991-03-14
10205,93200,1991-03-14,1992-03-13
10205,95600,1992-03-13,1993-03-13
10219,59300,1994-11-06,1995-11-06
10219,60900,1995-11-06,1996-11-05
10219,62600,1996-11-05,1997-11-05
10219,64400,1997-11-05,1998-11-05
10430,76400,1992-02-19,1993-02-18
10430,78300,1993-02-18,1994-02-18
10430,80300,1994-02-18,1995-02-18
10430,82400,1995-02-18,1996-02-18
10305,43200,1999-08-01,2000-08-01
10305,44500,2000-08-01,2001-07-31
10305,45900,2001-07-31,2002-07-31
10305,47400,2002-07-31,2003-07-31
10382,65900,1990-10-10,1991-10-10
10382,67600,1991-10-10,1992-10-09
10382,69400,1992-10-09,1993-10-09
10382,71300,1993-10-09,1994-10-09
10439,56800,1993-04-03,1994-04-03
10439,58400,1994-04-03,1995-04-03
10439,60100,1995-04-03,1996-04-02
10202,92300,1988-06-15,1989-06-15
10202,94600,1989-06-15,1990-06-15
10202,97000,1990-06-15,1991-06-15
10176,68100,1991-12-28,1992-12-27
10176,69900,1992-12-27,1993-12-27
10176,71700,1993-12-27,1994-12-27
10447,50400,1996-01-09,1997-01-08
10447,51900,1997-01-08,1998-01-08
10447,53500,1998-01-08,1999-01-08
10081,79800,1987-07-21,1988-07-20
10081,81800,1988-07-20,1989-07-20
10081,83900,1989-07-20,1990-07-20
10206,63500,1995-09-05,1996-09-04
10206,65200,1996-09-04,1997-09-04
10206,67000,1997-09-04,1998-09-04
10361,44700,1997-06-13,1998-06-13
10361,46000,1998-06-13,1999-06-13
10361,47400,1999-06-13,2000-06-12
10323,72500,1992-04-24,1993-04-24
10323,74400,1993-04-24,1994-04-24
10323,76300,1994-04-24,1995-04-24
10273,58600,1994-01-30,1995-01-30
10273,60200,1995-01-30,1996-01-30
10273,61900,1996-01-30,1997-01-29
10342,85400,1990-03-07,1991-03-07
10342,87500,1991-03-07,1992-03-06
10342,89700,1992-03-06,1993-03-06
10396,53200,1998-10-19,1999-10-19
10396,54800,1999-10-19,2000-10-18
10396,56400,2000-10-18,2001-10-18
10444,66700,1993-08-26,1994-08-26
10444,68500,1994-08-26,1995-08-26
10444,70300,1995-08-26,1996-08-25
10330,47100,1996-12-02,1997-12-02
10330,48500,1997-12-02,1998-12-02
10330,50000,1998-12-02,1999-12-02
10409,99100,1987-05-11,1988-05-10
10409,101600,1988-05-10,1989-05-10
10409,104200,1989-05-10,1990-05-10
10033,57400,1991-02-14,1992-02-14
10033,59000,1992-02-14,1993-02-13
10033,60700,1993-02-13,1994-02-13
10481,41800,1999-03-23,2000-03-22
10481,43000,2000-03-22,2001-03-22
10481,44300,2001-03-22,2002-03-22
10381,74900,1992-11-08,1993-11-08
10381,76800,1993-11-08,1994-11-08
10381,78800,1994-11-08,1995-11-08
10433,63900,1995-07-17,1996-07-16
10433,65600,1996-07-16,1997-07-16
10433,67400,1997-07-16,1998-07-16
10495,46300,1997-10-03,1998-10-03
10495,47700,1998-10-03,1999-10-03
10495,49200,1999-10-03,2000-10-02
10139,82600,1989-01-26,1990-01-26
10139,84700,1990-01-26,1991-01-26
10139,86800,1991-01-26,1992-01-26
10306,55100,1994-06-08,1995-06-08
10306,56700,1995-06-08,1996-06-07
10306,58300,1996-06-07,1997-06-07
10197,69800,1991-04-12,1992-04-11
10197,71600,1992-04-11,1993-04-11
10197,73500,1993-04-11,1994-04-11
10490,48800,1998-05-05,1999-05-05
10490,50300,1999-05-05,2000-05-04
10490,51800,2000-05-04,2001-05-04
10114,121400,1986-08-29,1987-08-29
10114,124500,1987-08-29,1988-08-28
10114,127700,1988-08-28,1989-08-28
10088,77300,1990-09-18,1991-09-18
10088,79300,1991-09-18,1992-09-17
10088,81300,1992-09-17,1993-09-17
10095,60400,1993-12-14,1994-12-14
10095,62000,1994-12-14,1995-12-14
10095,63800,1995-12-14,1996-12-13
10483,42900,1999-11-30,2000-11-29
10483,44200,2000-11-29,2001-11-29
10483,45500,2001-11-29,2002-11-29
10332,70600,1992-08-03,1993-08-03
10332,72400,1993-08-03,1994-08-03
10332,74300,1994-08-03,1995-08-03
10041,91500,1988-02-22,1989-02-21
10041,93800,1989-02-21,1990-02-21
10041,96200,1990-02-21,1991-02-21
10023,64100,1992-01-06,1993-01-05
10023,65800,1993-01-05,1994-01-05
10023,67600,1994-01-05,1995-01-05
10042,52700,1995-05-18,1996-05-17
10042,54300,1996-05-17,1997-05-17
10042,55900,1997-05-17,1998-05-17
10383,45100,1997-03-04,1998-03-04
10383,46500,1998-03-04,1999-03-04
10383,47900,1999-03-04,2000-03-03
10189,86200,1989-10-23,1990-10-23
10189,88400,1990-10-23,1991-10-23
10189,90600,1991-10-23,1992-10-22
10287,59600,1994-02-09,1995-02-09
10287,61200,1995-02-09,1996-02-08
10287,62900,1996-02-08,1997-02-08
10408,67200,1993-07-31,1994-07-31
10408,69000,1994-07-31,1995-07-31
10408,70800,1995-07-31,1996-07-30
10297,51400,1996-10-15,1997-10-15
10297,52900,1997-10-15,1998-10-15
10297,54500,1998-10-15,1999-10-15
10171,78100,1990-12-11,1991-12-11
10171,80100,1991-12-11,1992-12-10
10171,82100,1992-12-10,1993-12-10
10469,43600,1998-09-02,1999-09-02
10469,44900,1999-09-02,2000-09-01
10469,46200,2000-09-01,2001-09-01
10426,61800,1995-03-28,1996-03-27
10426,63500,1996-03-27,1997-03-27
10426,65200,1997-03-27,1998-03-27
10494,49700,1997-12-17,1998-12-17
10494,51200,1998-12-17,1999-12-17
10494,52800,1999-12-17,2000-12-16
10131,54200,1991-03-14,1992-03-14
10131,56100,1992-03-14,1993-03-14
10131,58300,1993-03-14,1994-03-14
10131,60500,1994-03-14,1995-03-14
10021,67400,1989-07-09,1990-07-09
10021,69300,1990-07-09,1991-07-09
10021,71500,1991-07-09,1992-07-09
10021,73800,1992-07-09,1993-07-09
10354,45800,1996-02-21,1997-02-21
10354,47200,1997-02-21,1998-02-21
10354,48900,1998-02-21,1999-02-21
10354,50600,1999-02-21,2000-02-21
10466,39800,1998-09-03,1999-09-03
10466,41100,1999-09-03,2000-09-03
10466,42500,2000-09-03,2001-09-03
10466,43900,2001-09-03,2002-09-03
10306,72100,1990-11-17,1991-11-17
10306,74300,1991-11-17,1992-11-17
10306,76600,1992-11-17,1993-11-17
10306,78800,1993-11-17,1994-11-17
10047,61300,1988-05-26,1989-05-26
10047,63200,1989-05-26,1990-05-26
10047,65100,1990-05-26,1991-05-26
10047,67300,1991-05-26,1992-05-26
10409,48600,1995-01-12,1996-01-12
10409,50100,1996-01-12,1997-01-12
10409,51800,1997-01-12,1998-01-12
10409,53400,1998-01-12,1999-01-12
10419,92300,1987-08-30,1988-08-30
10419,95100,1988-08-30,1989-08-30
10419,98200,1989-08-30,1990-08-30
10419,101400,1990-08-30,1991-08-30
10431,52900,1993-04-05,1994-04-05
10431,54500,1994-04-05,1995-04-05
10431,56200,1995-04-05,1996-04-05
10431,57900,1996-04-05,1997-04-05
10254,83700,1992-10-23,1993-10-23
10254,86100,1993-10-23,1994-10-23
10254,88600,1994-10-23,1995-10-23
10254,91200,1995-10-23,1996-10-23
10425,44100,1997-06-18,1998-06-18
10425,45500,1998-06-18,1999-06-18
10425,46900,1999-06-18,2000-06-18
10425,48400,2000-06-18,2001-06-18
10405,64700,1989-12-02,1990-12-02
10405,66600,1990-12-02,1991-12-02
10405,68700,1991-12-02,1992-12-02
10405,70900,1992-12-02,1993-12-02
10338,57400,1994-03-29,1995-03-29
10338,59100,1995-03-29,1996-03-29
10338,60900,1996-03-29,1997-03-29
10338,62800,1997-03-29,1998-03-29
10206,105600,1986-09-15,1987-09-15
10206,108900,1987-09-15,1988-09-15
10206,112400,1988-09-15,1989-09-15
10206,115900,1989-09-15,1990-09-15
10063,49300,1991-01-08,1992-01-08
10063,50800,1992-01-08,1993-01-08
10063,52400,1993-01-08,1994-01-08
10063,54100,1994-01-08,1995-01-08
10346,41700,1999-05-11,2000-05-11
10346,43000,2000-05-11,2001-05-11
10346,44400,2001-05-11,2002-05-11
10346,45800,2002-05-11,2003-05-11
10401,76500,1990-02-27,1991-02-27
10401,78800,1991-02-27,1992-02-27
10401,81100,1992-02-27,1993-02-27
10401,83500,1993-02-27,1994-02-27
10329,55600,1995-10-06,1996-10-06
10329,57300,1996-10-06,1997-10-06
10329,59000,1997-10-06,1998-10-06
10329,60800,1998-10-06,1999-10-06
10260,68200,1988-07-19,1989-07-19
10260,70200,1989-07-19,1990-07-19
10260,72300,1990-07-19,1991-07-19
10260,74500,1991-07-19,1992-07-19
10269,47500,1996-12-13,1997-12-13
10269,49000,1997-12-13,1998-12-13
10269,50500,1998-12-13,1999-12-13
10269,52100,1999-12-13,2000-12-13
10110,119800,1985-06-24,1986-06-24
10110,123400,1986-06-24,1987-06-24
10110,127100,1987-06-24,1988-06-24
10110,130900,1988-06-24,1989-06-24
10218,59800,1992-04-16,1993-04-16
10218,61600,1993-04-16,1994-04-16
10218,63400,1994-04-16,1995-04-16
10218,65300,1995-04-16,1996-04-16
10026,86400,1989-03-07,1990-03-07
10026,89000,1990-03-07,1991-03-07
10026,91700,1991-03-07,1992-03-07
10026,94500,1992-03-07,1993-03-07
10034,50200,1994-08-31,1995-08-31
10034,51700,1995-08-31,1996-08-31
10034,53300,1996-08-31,1997-08-31
10034,54900,1997-08-31,1998-08-31
10323,43300,1998-01-20,1999-01-20
10323,44600,1999-01-20,2000-01-20
10323,45900,2000-01-20,2001-01-20
10323,47300,2001-01-20,2002-01-20
