region_id,region_description
1,beacon
2,alpha
3,flux
4,harbor
5,ember
6,beacon
7,summit
8,zenith
9,meridian
10,quartz
11,prism
12,delta
13,matrix
14,zenith
15,vector
16,meridian
17,cascade
18,alpha
19,beacon
20,meridian
21,summit
22,willow
23,signal
24,cascade
25,cascade
26,willow
27,quartz
28,beacon
29,flux
30,willow
31,signal
32,ember
33,meridian
34,matrix
35,vertex
36,meridian
37,prism
38,zenith
39,alpha
40,vector
41,orbit
42,alpha
43,flux
44,nova
45,signal
46,pulse
47,orbit
48,prism
49,flux
50,prism
51,orbit
52,harbor
53,flux
54,pulse
55,pulse
56,harbor
57,nova
58,matrix
59,nova
60,prism
61,orbit
62,ember
63,delta
64,summit
65,beacon
66,summit
67,zenith
68,flux
69,beacon
70,matrix
71,harbor
72,flux
73,ember
74,orbit
75,willow
76,pulse
77,zenith
78,ember
79,signal
80,willow
81,signal
82,nova
83,alpha
84,alpha
85,ember
86,signal
87,harbor
88,quartz
89,quartz
90,signal
91,vector
92,beacon
93,flux
94,zenith
95,willow
96,harbor
97,flux
98,beacon
99,signal
100,beacon
101,nova
102,beacon
103,matrix
104,prism
105,vector
106,nova
107,vertex
108,matrix
109,pulse
110,alpha
111,alpha
112,vector
113,vertex
114,flux
115,willow
116,ember
117,flux
118,pulse
119,prism
120,quartz
121,quartz
122,prism
123,delta
124,zenith
125,zenith
126,vertex
127,alpha
128,prism
129,meridian
130,flux
131,beacon
132,nova
133,flux
134,harbor
135,zenith
136,harbor
137,beacon
138,meridian
139,pulse
140,beacon
141,harbor
142,cascade
143,vertex
144,delta
145,meridian
146,flux
147,cascade
148,signal
149,willow
150,signal
151,cascade
152,ember
153,ember
154,zenith
155,vector
156,nova
157,pulse
158,signal
159,flux
160,delta
161,nova
162,zenith
163,delta
164,vertex
165,willow
166,alpha
167,flux
168,vector
169,harbor
170,summit
171,zenith
172,meridian
173,pulse
174,willow
175,cascade
176,willow
177,zenith
178,vertex
179,vertex
180,prism
181,cascade
182,prism
183,cascade
184,orbit
185,matrix
186,cascade
187,pulse
188,nova
189,orbit
190,signal
191,beacon
192,quartz
193,vertex
194,summit
195,alpha
196,flux
197,prism
198,meridian
199,matrix
200,delta