country_id,country,last_update
1,flux,2025-08-13 12:35:42
2,flux,2025-04-17 06:07:36
3,nova,2026-01-22 04:28:09
4,summit,2025-06-03 22:30:10
5,cascade,2026-05-31 01:10:33
6,zenith,2025-11-22 14:23:14
7,prism,2025-12-30 17:37:39
8,meridian,2026-05-02 14:12:10
9,signal,2025-07-07 11:19:19
10,cascade,2025-10-05 15:06:38
11,cascade,2025-05-08 09:09:24
12,pulse,2025-06-24 15:38:22
13,meridian,2025-10-04 03:32:40
14,meridian,2025-01-12 14:26:32
15,signal,2025-11-26 12:07:28
16,meridian,2025-05-17 19:56:23
17,meridian,2025-05-03 05:45:08
18,cascade,2025-06-17 05:18:52
19,ember,2025-08-01 20:26:25
20,matrix,2025-06-07 02:42:41
21,cascade,2025-12-09 08:33:43
22,prism,2025-10-06 18:12:59
23,quartz,2025-09-01 11:51:54
24,pulse,2025-11-08 09:26:40
25,beacon,2025-12-26 21:04:03
26,ember,2026-05-01 03:32:15
27,flux,2026-04-12 09:19:44
28,zenith,2025-12-11 11:21:46
29,delta,2025-11-18 02:01:18
30,signal,2025-12-08 14:35:30
31,zenith,2025-04-05 11:56:18
32,alpha,2026-01-23 16:44:31
33,quartz,2025-06-28 07:22:41
34,alpha,2025-03-10 07:26:48
35,harbor,2025-06-03 11:51:17
36,alpha,2025-09-08 21:22:12
37,signal,2025-03-16 13:54:45
38,summit,2025-04-28 11:50:35
39,orbit,2025-12-05 21:12:58
40,prism,2025-07-11 02:04:49
41,harbor,2025-09-13 10:11:11
42,willow,2025-02-16 00:42:08
43,pulse,2025-07-08 18:33:44
44,beacon,2026-04-14 17:42:43
45,meridian,2025-09-12 07:35:22
46,pulse,2025-12-28 02:19:48
47,harbor,2026-02-15 14:53:20
48,cascade,2025-08-10 06:35:07
49,quartz,2025-03-30 15:50:36
50,cascade,2025-11-10 00:48:02
51,pulse,2025-01-19 23:46:12
52,beacon,2025-02-21 20:50:39
53,ember,2025-10-13 09:58:21
54,flux,2026-06-17 23:06:28
55,ember,2026-01-04 14:01:57
56,ember,2026-05-07 19:59:02
57,beacon,2025-02-18 00:51:27
58,matrix,2026-05-18 09:15:11
59,quartz,2026-01-19 23:40:00
60,ember,2025-08-29 14:17:29
61,prism,2025-07-23 00:26:08
62,prism,2025-12-19 03:10:39
63,beacon,2026-04-27 04:19:01
64,matrix,2025-11-19 00:05:22
65,delta,2025-10-10 02:56:11
66,summit,2025-11-09 03:06:13
67,zenith,2026-06-29 09:51:21
68,matrix,2025-08-23 05:44:45
69,alpha,2025-03-26 09:20:36
70,alpha,2025-03-08 04:19:09
71,prism,2026-02-23 01:59:18
72,ember,2025-09-04 11:22:06
73,quartz,2026-06-29 09:12:58
74,summit,2025-08-28 11:29:25
75,prism,2026-02-14 03:46:51
76,orbit,2025-11-16 00:00:06
77,orbit,2025-03-03 13:54:48
78,willow,2025-07-26 07:22:15
79,nova,2026-06-02 18:27:12
80,alpha,2026-02-15 18:31:20
81,flux,2025-02-05 17:34:55
82,harbor,2026-04-24 07:49:56
83,pulse,2026-04-06 03:15:12
84,matrix,2026-06-15 17:44:43
85,delta,2025-08-16 22:29:16
86,alpha,2025-08-04 13:52:25
87,vertex,2025-07-29 00:29:36
88,delta,2025-08-07 16:58:08
89,alpha,2026-06-10 10:11:14
90,vector,2025-05-06 10:34:04
91,nova,2025-04-14 17:45:24
92,signal,2026-03-09 21:30:33
93,meridian,2026-04-11 05:09:10
94,beacon,2025-05-15 06:24:58
95,summit,2025-10-05 22:25:04
96,willow,2025-04-26 08:04:30
97,alpha,2026-04-05 11:17:26
98,cascade,2026-05-24 20:12:10
99,matrix,2025-03-15 22:55:10
100,alpha,2026-06-05 20:42:40
101,signal,2025-12-12 14:40:25
102,vertex,2025-12-13 15:17:22
103,signal,2026-03-10 07:55:12
104,alpha,2026-04-08 16:29:41
105,matrix,2025-10-14 22:53:22
106,quartz,2025-02-12 11:09:10
107,orbit,2026-05-07 11:48:10
108,meridian,2025-10-31 23:59:37
109,matrix,2025-01-19 09:11:26
110,willow,2025-01-22 14:39:35
111,cascade,2025-07-04 01:19:12
112,meridian,2026-06-03 10:34:24
113,vector,2025-03-22 11:12:18
114,quartz,2025-06-04 03:36:26
115,vertex,2025-12-15 07:27:25
116,ember,2025-11-24 17:50:57
117,signal,2025-11-19 11:29:09
118,vertex,2026-04-27 20:25:17
119,signal,2025-12-07 16:17:58
120,zenith,2026-03-18 06:08:55
121,matrix,2025-08-21 05:57:09
122,nova,2026-05-28 12:52:22
123,pulse,2025-05-07 01:50:07
124,harbor,2025-11-29 10:14:28
125,flux,2025-08-21 22:12:46
126,zenith,2025-07-12 05:40:59
127,zenith,2026-01-31 11:34:21
128,vertex,2025-12-06 20:41:15
129,harbor,2025-12-21 01:44:21
130,beacon,2026-04-12 15:12:21
131,delta,2026-03-01 21:06:19
132,nova,2025-09-08 14:10:38
133,signal,2025-08-07 13:41:07
134,pulse,2026-06-19 11:34:59
135,cascade,2025-08-25 04:11:35
136,cascade,2026-05-10 12:46:02
137,vertex,2025-09-29 03:23:02
138,beacon,2025-05-28 21:50:48
139,delta,2026-03-12 21:39:43
140,prism,2026-01-31 04:09:22
141,quartz,2026-06-07 15:52:18
142,vertex,2026-06-03 00:37:29
143,summit,2025-09-09 02:49:32
144,orbit,2025-05-27 05:27:42
145,quartz,2025-05-28 07:29:17
146,matrix,2025-01-17 04:19:03
147,summit,2025-03-26 20:44:07
148,orbit,2025-01-21 21:33:59
149,vector,2025-02-18 21:13:55
150,summit,2025-10-28 01:04:54
151,delta,2025-07-03 01:57:14
152,harbor,2025-11-19 19:46:59
153,prism,2026-03-03 21:08:11
154,beacon,2026-02-08 21:09:12
155,signal,2025-09-20 21:02:32
156,quartz,2025-11-23 16:57:51
157,meridian,2025-06-13 02:33:11
158,zenith,2025-08-13 11:48:19
159,orbit,2026-01-07 00:34:48
160,quartz,2025-04-14 13:41:28
161,harbor,2026-03-08 18:16:16
162,flux,2026-06-24 17:08:23
163,beacon,2026-05-10 13:30:45
164,flux,2025-10-05 14:08:10
165,quartz,2026-04-12 20:50:24
166,orbit,2025-02-03 00:35:49
167,harbor,2025-01-11 06:06:26
168,nova,2026-02-01 21:50:03
169,pulse,2025-05-11 00:17:10
170,pulse,2025-07-29 03:57:28
171,meridian,2025-09-20 19:49:25
172,summit,2026-04-14 13:43:18
173,willow,2025-05-26 04:47:11
174,willow,2025-07-19 07:15:51
175,orbit,2025-02-01 23:52:25
176,summit,2026-02-15 19:32:02
177,beacon,2025-09-25 04:27:59
178,orbit,2025-12-03 11:59:04
179,harbor,2025-05-31 02:40:37
180,beacon,2026-03-11 22:04:33
181,harbor,2025-12-08 21:12:52
182,ember,2026-05-14 10:08:57
183,zenith,2026-06-08 04:22:10
184,willow,2025-02-17 00:09:43
185,beacon,2026-01-28 09:00:33
186,willow,2025-05-13 13:47:56
187,nova,2026-04-04 03:16:22
188,quartz,2025-11-06 09:31:27
189,beacon,2025-08-12 15:03:05
190,quartz,2025-10-19 23:16:16
191,alpha,2025-06-07 03:13:49
192,meridian,2026-06-09 10:35:13
193,flux,2025-10-18 03:06:42
194,pulse,2025-02-16 22:48:01
195,beacon,2025-06-06 05:38:35
196,orbit,2026-06-29 00:26:03
197,signal,2025-05-15 20:40:05
198,prism,2025-04-24 06:59:58
199,matrix,2026-05-04 22:05:45
200,meridian,2025-12-17 19:27:58