staff_id,first_name,last_name,address_id,email,store_id,active,username,password,last_update,picture
1,vertex,quartz,34,orbit,184,1,vertex,pulse,2026-03-30 01:50:05,matrix
2,willow,vertex,12,ember,34,0,vector,harbor,2026-01-13 20:24:57,pulse
3,flux,zenith,200,zenith,18,1,signal,ember,2025-09-27 03:06:32,alpha
4,vector,quartz,152,vertex,83,1,vertex,pulse,2026-05-26 13:22:00,orbit
5,ember,summit,7,vertex,44,1,cascade,flux,2026-04-11 16:09:00,alpha
6,prism,vertex,132,cascade,6,1,orbit,matrix,2025-07-22 10:53:15,vector
7,alpha,nova,153,alpha,36,1,pulse,ember,2025-08-14 12:43:23,willow
8,prism,alpha,79,nova,152,0,signal,pulse,2026-04-14 04:35:46,beacon
9,cascade,zenith,142,flux,28,1,vertex,pulse,2025-09-04 17:01:51,pulse
10,signal,cascade,169,summit,8,1,flux,matrix,2025-12-10 02:29:08,nova
11,zenith,summit,119,vector,147,1,pulse,matrix,2025-07-15 16:12:19,vertex
12,ember,summit,6,cascade,169,1,zenith,matrix,2025-09-01 02:23:32,harbor
13,matrix,delta,132,zenith,112,1,vertex,delta,2025-02-17 06:46:20,prism
14,matrix,matrix,163,vector,22,0,zenith,signal,2026-03-18 21:36:48,zenith
15,pulse,flux,102,beacon,84,1,meridian,beacon,2025-03-19 14:28:29,delta
16,prism,quartz,17,prism,105,0,harbor,summit,2025-07-14 03:15:02,vertex
17,willow,pulse,87,summit,102,1,pulse,prism,2025-04-25 23:20:13,cascade
18,prism,matrix,149,matrix,176,0,pulse,matrix,2026-05-01 06:29:15,beacon
19,flux,cascade,66,cascade,125,1,ember,signal,2025-07-30 09:48:06,willow
20,orbit,alpha,130,pulse,109,1,vertex,summit,2026-02-12 23:08:07,harbor
21,summit,delta,185,matrix,59,1,delta,delta,2025-01-22 00:09:48,nova
22,cascade,vector,90,quartz,25,1,quartz,willow,2025-01-08 07:16:00,matrix
23,beacon,orbit,155,nova,83,1,summit,nova,2026-02-10 14:29:31,ember
24,willow,orbit,186,beacon,28,1,flux,delta,2025-04-15 07:53:33,prism
25,cascade,willow,13,meridian,173,1,matrix,summit,2025-06-01 08:38:14,beacon
26,summit,vertex,136,zenith,10,1,delta,vector,2026-04-25 16:27:27,cascade
27,zenith,signal,59,prism,196,0,ember,signal,2025-10-21 00:52:25,quartz
28,signal,meridian,62,prism,179,1,harbor,flux,2026-04-27 13:54:33,summit
29,nova,willow,50,nova,67,0,harbor,flux,2025-06-03 14:26:05,quartz
30,pulse,prism,180,zenith,116,1,cascade,nova,2025-10-25 09:10:07,prism
31,pulse,nova,29,beacon,36,0,vertex,vertex,2026-02-24 22:59:58,quartz
32,flux,prism,73,cascade,121,0,signal,willow,2025-01-15 23:05:08,harbor
33,willow,flux,162,pulse,77,0,alpha,alpha,2026-06-30 15:51:57,alpha
34,ember,vector,160,cascade,134,0,harbor,harbor,2026-02-06 06:58:01,prism
35,zenith,vector,160,zenith,187,0,alpha,flux,2026-01-07 23:28:28,quartz
36,flux,alpha,160,pulse,151,1,matrix,beacon,2025-05-07 22:47:35,orbit
37,zenith,summit,164,beacon,117,0,harbor,willow,2025-08-22 02:17:16,signal
38,matrix,delta,33,willow,197,1,flux,delta,2025-01-20 13:01:36,willow
39,vector,nova,199,vector,32,1,summit,delta,2025-06-30 00:20:09,signal
40,prism,zenith,135,quartz,79,0,prism,signal,2026-05-21 21:08:32,signal
41,cascade,harbor,86,prism,99,1,delta,signal,2026-03-13 22:33:05,flux
42,ember,quartz,152,ember,105,0,delta,delta,2025-12-05 09:52:53,flux
43,alpha,signal,174,harbor,128,1,signal,beacon,2025-12-08 20:18:26,quartz
44,prism,quartz,197,prism,32,1,vector,willow,2025-06-10 23:19:00,vector
45,orbit,flux,12,willow,96,1,quartz,summit,2026-04-26 18:22:04,signal
46,beacon,delta,108,meridian,10,0,matrix,ember,2025-10-15 14:54:27,delta
47,vertex,delta,55,vector,59,1,matrix,quartz,2025-12-12 12:47:55,alpha
48,meridian,beacon,132,ember,30,0,pulse,cascade,2025-01-10 05:15:55,signal
49,vector,vertex,191,summit,83,0,zenith,harbor,2025-11-07 09:13:28,vertex
50,zenith,cascade,45,summit,90,1,matrix,ember,2026-03-29 00:52:44,matrix
51,willow,alpha,87,ember,8,0,vector,meridian,2026-03-07 07:09:34,ember
52,signal,prism,7,willow,166,1,nova,orbit,2025-09-05 10:57:22,meridian
53,cascade,pulse,116,pulse,113,0,flux,delta,2025-05-12 08:15:23,nova
54,vector,cascade,31,beacon,118,1,ember,nova,2025-10-15 20:52:31,cascade
55,matrix,ember,125,pulse,82,1,matrix,harbor,2025-01-22 18:08:14,orbit
56,signal,pulse,38,signal,152,0,beacon,flux,2025-08-17 04:09:31,cascade
57,zenith,nova,154,prism,72,0,matrix,zenith,2025-02-11 10:08:29,orbit
58,pulse,vertex,157,harbor,171,1,matrix,vertex,2025-03-17 11:05:34,meridian
59,quartz,alpha,67,nova,166,0,zenith,vector,2025-10-21 22:33:55,alpha
60,prism,summit,66,ember,67,0,delta,harbor,2025-09-12 00:50:48,willow
61,pulse,quartz,49,pulse,181,0,prism,nova,2025-04-20 03:39:56,willow
62,beacon,summit,187,delta,85,1,alpha,prism,2026-04-26 22:08:25,nova
63,orbit,willow,67,quartz,89,1,delta,vertex,2025-08-22 21:38:57,vector
64,vertex,orbit,191,zenith,127,0,ember,signal,2026-02-11 00:48:42,alpha
65,quartz,matrix,58,nova,3,0,nova,orbit,2025-03-17 08:52:51,pulse
66,cascade,quartz,156,nova,5,0,delta,quartz,2025-03-08 05:34:16,cascade
67,orbit,flux,174,nova,86,0,summit,zenith,2025-06-24 09:46:42,prism
68,prism,meridian,134,vertex,123,1,alpha,ember,2025-01-15 10:34:45,willow
69,nova,alpha,198,zenith,111,1,matrix,harbor,2026-03-30 19:48:56,harbor
70,flux,zenith,8,zenith,174,1,pulse,vertex,2025-10-08 19:29:14,signal
71,alpha,prism,162,harbor,189,0,ember,alpha,2025-10-10 15:37:49,meridian
72,delta,willow,106,nova,128,1,vector,willow,2025-03-02 21:22:15,signal
73,beacon,signal,68,nova,72,0,zenith,pulse,2025-12-19 14:07:50,pulse
74,beacon,signal,110,vertex,6,0,ember,vector,2026-04-20 14:18:40,signal
75,signal,quartz,87,delta,185,1,meridian,flux,2026-02-03 20:51:21,pulse
76,delta,willow,91,zenith,135,1,matrix,cascade,2025-03-31 01:45:02,quartz
77,ember,signal,6,summit,86,1,matrix,orbit,2025-08-14 22:14:54,harbor
78,nova,cascade,145,vector,165,1,meridian,vertex,2025-08-10 10:52:46,pulse
79,orbit,cascade,3,alpha,151,0,quartz,zenith,2026-03-31 10:08:31,nova
80,beacon,beacon,45,prism,188,1,vertex,ember,2026-05-18 06:47:38,signal
81,orbit,harbor,48,quartz,173,0,alpha,zenith,2025-06-07 11:07:37,nova
82,summit,pulse,73,beacon,167,1,signal,vector,2025-05-04 01:26:41,cascade
83,nova,willow,199,signal,188,1,orbit,cascade,2026-03-04 20:40:54,orbit
84,summit,prism,118,beacon,65,0,beacon,beacon,2025-01-12 14:28:57,willow
85,ember,meridian,23,summit,150,1,quartz,pulse,2026-06-26 04:12:33,harbor
86,prism,signal,152,flux,53,0,matrix,delta,2026-03-31 07:45:07,ember
87,quartz,pulse,70,ember,4,1,prism,ember,2025-06-02 08:12:27,vertex
88,vertex,ember,189,meridian,126,1,zenith,matrix,2025-10-28 16:40:37,zenith
89,prism,vertex,129,summit,181,1,beacon,meridian,2025-06-16 03:58:57,pulse
90,nova,cascade,25,beacon,28,1,cascade,meridian,2026-03-09 18:39:51,ember
91,willow,alpha,129,beacon,83,0,quartz,vertex,2026-04-18 23:18:02,zenith
92,delta,prism,125,willow,199,1,willow,signal,2025-07-23 03:15:48,ember
93,quartz,signal,51,vector,28,1,cascade,ember,2026-03-06 20:49:02,quartz
94,meridian,ember,102,cascade,77,1,harbor,cascade,2026-01-10 04:33:24,meridian
95,cascade,delta,174,quartz,42,1,zenith,quartz,2025-03-28 04:58:21,delta
96,vertex,prism,164,prism,102,1,zenith,nova,2026-05-27 23:48:57,vector
97,cascade,vector,174,nova,167,1,alpha,nova,2026-04-02 22:49:20,delta
98,delta,alpha,62,cascade,101,1,prism,prism,2025-01-25 16:16:04,matrix
99,beacon,alpha,91,cascade,170,1,alpha,delta,2025-10-04 15:33:22,ember
100,flux,nova,20,delta,88,0,flux,cascade,2025-12-19 05:59:50,delta
101,matrix,nova,27,matrix,165,1,meridian,alpha,2025-12-18 06:43:49,alpha
102,vector,beacon,100,willow,87,0,willow,signal,2025-02-18 00:38:35,orbit
103,meridian,signal,192,summit,84,1,beacon,harbor,2026-04-04 23:18:19,quartz
104,meridian,flux,147,ember,57,1,harbor,zenith,2025-08-15 13:22:09,harbor
105,cascade,vector,118,alpha,69,0,delta,vector,2026-06-24 21:40:45,meridian
106,vector,flux,48,ember,150,1,meridian,cascade,2025-10-01 08:14:44,matrix
107,matrix,flux,152,signal,30,0,alpha,zenith,2025-09-25 01:48:05,prism
108,prism,orbit,47,signal,117,1,orbit,beacon,2026-03-23 04:31:31,flux
109,quartz,vector,90,signal,139,1,willow,beacon,2026-05-14 00:15:01,willow
110,vector,summit,9,delta,116,1,delta,orbit,2025-08-27 18:23:21,zenith
111,zenith,meridian,116,prism,67,0,prism,prism,2026-03-22 15:34:19,orbit
112,willow,orbit,120,quartz,65,1,pulse,flux,2025-06-25 21:58:36,delta
113,vector,matrix,37,vector,94,1,delta,flux,2025-12-15 11:58:37,flux
114,delta,alpha,196,summit,177,1,summit,alpha,2025-07-05 08:13:19,meridian
115,prism,harbor,131,quartz,37,1,orbit,pulse,2025-02-01 05:28:04,nova
116,vertex,orbit,56,flux,132,0,cascade,summit,2025-05-07 00:28:08,flux
117,willow,flux,136,quartz,75,0,summit,flux,2026-04-22 02:59:38,harbor
118,flux,willow,164,ember,37,0,nova,matrix,2025-07-13 20:52:53,vector
119,cascade,summit,95,meridian,18,1,pulse,meridian,2026-03-19 22:01:55,prism
120,delta,flux,41,matrix,118,1,harbor,pulse,2026-01-02 06:58:32,cascade
121,orbit,beacon,158,orbit,28,1,prism,vector,2026-03-10 18:07:36,signal
122,pulse,pulse,105,summit,185,0,matrix,beacon,2025-04-12 17:54:35,vector
123,vector,orbit,38,beacon,94,1,orbit,prism,2026-04-29 04:51:19,signal
124,alpha,prism,128,ember,142,0,willow,willow,2025-02-01 07:52:20,willow
125,harbor,vector,59,matrix,176,1,beacon,matrix,2025-03-13 20:22:03,delta
126,cascade,alpha,16,willow,90,0,delta,nova,2025-02-24 20:03:20,summit
127,vertex,nova,121,meridian,46,1,matrix,matrix,2026-04-04 15:35:47,flux
128,harbor,nova,91,signal,65,0,alpha,vertex,2025-07-02 15:21:52,matrix
129,willow,beacon,177,prism,188,0,prism,matrix,2025-12-20 03:52:57,orbit
130,prism,willow,44,summit,53,1,pulse,delta,2025-07-09 22:38:44,ember
131,quartz,flux,39,vertex,21,0,summit,summit,2026-04-03 10:05:38,signal
132,ember,summit,154,ember,126,1,meridian,nova,2026-03-23 04:39:15,quartz
133,ember,vector,30,pulse,20,1,matrix,nova,2025-09-12 02:00:03,meridian
134,ember,delta,162,willow,160,1,harbor,flux,2025-09-02 14:52:44,prism
135,pulse,delta,89,signal,25,0,vector,orbit,2026-05-29 06:01:34,orbit
136,nova,alpha,95,quartz,153,1,meridian,flux,2025-12-09 14:53:37,delta
137,alpha,summit,84,orbit,196,1,summit,delta,2025-02-22 08:21:37,pulse
138,matrix,vertex,192,signal,49,0,orbit,delta,2025-11-07 09:20:07,quartz
139,summit,nova,20,summit,132,0,ember,matrix,2026-04-26 14:51:49,summit
140,ember,nova,153,orbit,45,1,beacon,summit,2026-05-03 05:56:43,meridian
141,willow,meridian,11,willow,20,1,nova,matrix,2026-01-14 11:12:05,pulse
142,quartz,flux,135,willow,46,1,meridian,harbor,2025-01-13 18:29:27,vector
143,cascade,prism,62,delta,18,0,alpha,vector,2026-02-11 18:19:52,quartz
144,quartz,harbor,23,ember,114,1,flux,meridian,2025-10-15 14:00:05,vector
145,vertex,beacon,98,vertex,89,0,delta,pulse,2026-01-02 07:46:21,ember
146,nova,matrix,178,delta,94,0,vector,alpha,2025-04-05 00:17:07,alpha
147,pulse,pulse,112,matrix,70,0,alpha,ember,2025-09-16 00:22:20,matrix
148,willow,summit,16,zenith,118,0,signal,pulse,2025-11-03 16:58:45,matrix
149,beacon,summit,70,harbor,135,0,alpha,beacon,2026-05-21 04:40:49,vertex
150,delta,quartz,111,flux,137,1,willow,prism,2026-03-11 07:02:29,meridian
151,harbor,vertex,53,willow,156,1,alpha,harbor,2025-11-17 18:48:21,willow
152,flux,cascade,104,pulse,130,1,willow,meridian,2026-04-17 00:20:23,vertex
153,willow,harbor,16,delta,141,1,prism,zenith,2026-06-14 21:12:33,alpha
154,signal,harbor,10,summit,108,0,harbor,vector,2026-01-14 05:18:14,matrix
155,prism,alpha,31,pulse,148,0,beacon,delta,2025-10-03 12:19:32,alpha
156,vertex,zenith,165,willow,50,1,orbit,harbor,2025-09-23 18:04:07,prism
157,meridian,prism,169,harbor,157,1,delta,nova,2025-01-04 10:22:35,signal
158,meridian,nova,194,delta,3,1,harbor,harbor,2026-05-02 09:46:17,signal
159,cascade,orbit,11,ember,190,1,ember,flux,2025-04-12 04:43:48,pulse
160,ember,alpha,191,pulse,199,0,matrix,quartz,2026-06-03 13:19:42,cascade
161,vertex,summit,140,summit,100,1,quartz,flux,2025-09-17 23:43:30,prism
162,signal,matrix,122,orbit,116,1,vector,signal,2026-01-10 11:31:19,prism
163,delta,pulse,21,flux,77,0,ember,alpha,2025-08-31 23:24:36,prism
164,delta,matrix,52,beacon,147,1,vertex,zenith,2025-04-08 22:42:09,orbit
165,delta,vertex,187,alpha,65,0,willow,ember,2025-04-06 01:39:21,delta
166,alpha,nova,66,willow,185,0,prism,delta,2025-02-22 09:20:20,cascade
167,orbit,pulse,42,flux,185,1,quartz,orbit,2025-09-23 00:05:27,prism
168,beacon,quartz,122,meridian,142,0,nova,quartz,2025-04-18 12:12:55,ember
169,vector,nova,40,vertex,81,1,vertex,flux,2025-05-13 11:03:01,nova
170,nova,beacon,155,quartz,194,1,summit,zenith,2025-04-07 21:42:12,delta
171,flux,ember,52,beacon,56,0,harbor,vector,2026-01-06 05:15:58,vertex
172,signal,pulse,111,willow,31,0,willow,ember,2025-11-28 17:07:48,flux
173,willow,harbor,142,matrix,153,0,harbor,delta,2025-01-19 09:46:07,orbit
174,zenith,zenith,23,pulse,199,0,vector,quartz,2025-01-11 20:54:21,alpha
175,vertex,willow,16,pulse,60,1,quartz,orbit,2025-05-06 03:00:15,matrix
176,cascade,quartz,134,zenith,97,0,matrix,alpha,2026-01-18 15:29:05,quartz
177,pulse,meridian,73,nova,159,0,beacon,vector,2025-05-24 23:40:00,meridian
178,meridian,willow,73,quartz,120,0,signal,meridian,2026-05-27 14:09:02,summit
179,summit,cascade,154,willow,57,1,harbor,signal,2025-04-22 11:20:06,quartz
180,signal,summit,161,orbit,18,1,alpha,quartz,2026-03-18 00:43:57,nova
181,pulse,vector,3,cascade,99,0,vector,ember,2025-10-22 09:16:55,harbor
182,prism,willow,125,vector,175,1,flux,vertex,2025-02-13 22:10:41,cascade
183,alpha,vertex,111,pulse,88,1,pulse,summit,2026-03-07 04:33:56,meridian
184,orbit,vertex,167,meridian,115,0,vector,alpha,2025-04-08 00:07:31,orbit
185,quartz,alpha,195,quartz,136,1,matrix,orbit,2025-12-11 13:00:49,flux
186,vector,alpha,50,zenith,9,0,beacon,vector,2026-01-12 09:03:21,willow
187,orbit,zenith,153,prism,172,0,ember,delta,2025-05-31 22:08:27,vector
188,ember,delta,136,orbit,164,0,prism,cascade,2025-04-22 01:10:39,signal
189,willow,nova,16,signal,141,0,harbor,flux,2025-09-17 16:56:49,zenith
190,zenith,vertex,101,quartz,85,0,summit,cascade,2025-03-03 20:37:14,beacon
191,orbit,vertex,47,ember,61,1,vertex,delta,2026-02-14 13:15:32,quartz
192,vector,vector,107,orbit,163,0,meridian,nova,2025-06-12 04:55:16,vertex
193,signal,matrix,171,nova,29,1,alpha,quartz,2025-09-28 19:21:57,prism
194,prism,summit,29,prism,2,1,matrix,harbor,2026-01-06 02:13:31,prism
195,prism,beacon,158,vertex,141,0,ember,vector,2026-05-12 00:35:12,beacon
196,nova,matrix,155,cascade,71,0,matrix,matrix,2026-03-22 08:32:22,signal
197,pulse,meridian,63,summit,84,0,meridian,cascade,2026-03-21 12:39:50,matrix
198,flux,beacon,138,alpha,176,1,delta,delta,2025-12-04 01:23:46,ember
199,flux,nova,146,signal,38,1,cascade,orbit,2025-07-17 21:07:46,ember
200,zenith,harbor,116,signal,41,0,delta,flux,2025-09-23 04:37:04,vector