emp_no,birth_date,first_name,last_name,gender,hire_date
1,1955-06-15,John,Doe,M,1985-01-15
2,1960-07-20,Jane,Smith,F,1986-03-22
3,1958-11-30,Michael,Johnson,M,1987-05-10
4,1962-02-14,Linda,Williams,F,1988-07-18
5,1959-09-25,Robert,Brown,M,1989-09-05
6,1957-04-10,Patricia,Jones,F,1990-11-12
7,1961-12-01,James,Garcia,M,1991-02-28
8,1956-08-19,Mary,Miller,F,1992-04-15
9,1963-03-05,William,Davis,M,1993-06-23
10,1954-10-22,Elizabeth,Martinez,F,1994-08-30
11,1955-05-17,David,Hernandez,M,1995-11-07
12,1960-01-29,Barbara,Lopez,F,1996-01-14
13,1958-07-11,Richard,Gonzalez,M,1997-03-21
14,1962-11-03,Susan,Wilson,F,1998-05-28
15,1959-06-27,Joseph,Anderson,M,1999-08-04
16,1957-02-15,Jessica,Thomas,F,2000-10-11
17,1961-09-09,Charles,Taylor,M,1985-12-18
18,1956-04-23,Karen,Moore,F,1986-02-25
19,1963-01-01,Thomas,Jackson,M,1987-05-04
20,1954-08-15,Nancy,Martin,F,1988-07-11
21,1955-03-30,Christopher,Lee,M,1989-09-18
22,1960-10-20,Margaret,Perez,F,1990-11-25
23,1958-05-05,Daniel,Thompson,M,1991-02-01
24,1962-12-15,Dorothy,White,F,1992-04-08
25,1959-07-29,Matthew,Harris,M,1993-06-15
26,1957-03-17,Lisa,Sanchez,F,1994-08-22
27,1961-10-01,Anthony,Clark,M,1995-11-29
28,1956-05-25,Sandra,Ramirez,F,1996-02-05
29,1963-02-10,Mark,Lewis,M,1997-04-12
30,1954-09-18,Ashley,Robinson,F,1998-06-19
31,1955-04-02,Paul,Walker,M,1999-08-26
32,1960-11-12,Kimberly,Young,F,2000-11-02
33,1958-06-06,Steven,Allen,M,1985-01-09
34,1962-01-21,Emily,King,F,1986-03-16
35,1959-08-30,Edward,Wright,M,1987-05-23
36,1957-04-14,Michelle,Scott,F,1988-07-30
37,1961-12-05,Joshua,Green,M,1989-10-06
38,1956-07-19,Amy,Adams,F,1990-12-13
39,1963-03-25,Kevin,Baker,M,1991-02-20
40,1954-10-09,Angela,Nelson,F,1992-04-27
41,1955-05-23,Brian,Hill,M,1993-07-04
42,1960-12-13,Deborah,Rivera,F,1994-09-11
43,1958-07-07,Jason,Carter,M,1995-11-18
44,1962-02-17,Rebecca,Mitchell,F,1996-01-25
45,1959-09-28,Eric,Roberts,M,1997-04-03
46,1957-05-12,Laura,Turner,F,1998-06-10
47,1961-01-02,Ryan,Phillips,M,1999-08-17
48,1956-08-16,Sharon,Campbell,F,2000-10-24
49,1963-04-01,Jacob,Parker,M,1985-12-31
50,1954-11-11,Carol,Evans,F,1986-03-08
51,1955-06-15,Frank,Edwards,M,1987-05-15
52,1960-01-29,Janet,Collins,F,1988-07-22
53,1958-08-11,Patrick,Stewart,M,1989-09-29
54,1962-03-03,Christine,Sanchez,F,1990-12-06
55,1959-10-25,Gregory,Morris,M,1991-02-13
56,1957-06-09,Stephanie,Rogers,F,1992-04-20
57,1961-02-01,Raymond,Reed,M,1993-06-27
58,1956-09-15,Katherine,Cook,F,1994-09-03
59,1963-05-05,Timothy,Morgan,M,1995-11-10
60,1954-12-19,Carolyn,Bell,F,1996-01-17
61,1955-07-23,George,Murphy,M,1997-03-24
62,1960-02-06,Janice,Bailey,F,1998-05-31
63,1958-09-18,Scott,Rivera,M,1999-08-07
64,1962-04-10,Marie,Cooper,F,2000-10-14
65,1959-11-02,Justin,Richardson,M,1985-12-21
66,1957-07-16,Teresa,Cox,F,1986-02-27
67,1961-03-06,Brandon,Howard,M,1987-05-06
68,1956-10-20,Joyce,Ward,F,1988-07-13
69,1963-06-01,Samuel,Peterson,M,1989-09-20
70,1954-01-15,Judith,Gray,F,1990-11-27
71,1955-08-29,Jack,James,M,1991-02-03
72,1960-03-13,Frances,Hughes,F,1992-04-10
73,1958-10-05,Jeremy,Price,M,1993-06-17
74,1962-05-17,Ann,Bennett,F,1994-08-24
75,1959-12-09,Jonathan,Wood,M,1995-11-01
76,1957-08-23,Shirley,Barnes,F,1996-01-08
77,1961-04-13,Andrew,Ross,M,1997-03-15
78,1956-11-27,Martha,Henderson,F,1998-05-22
79,1963-07-11,Stephen,Coleman,M,1999-07-29
80,1954-02-21,Gloria,Jenkins,F,2000-10-05
81,1955-09-05,Jeffrey,Perry,M,1985-12-12
82,1960-04-19,Heather,Butler,F,1986-02-19
83,1958-11-11,Gary,Brooks,M,1987-04-28
84,1962-06-23,Melissa,Reed,F,1988-07-05
85,1959-01-15,Dennis,Kelly,M,1989-09-12
86,1957-09-29,Rachel,Sanders,F,1990-11-19
87,1961-05-19,Arthur,Price,M,1991-01-26
88,1956-12-03,Anna,Bennett,F,1992-04-02
89,1963-08-17,Henry,Wood,M,1993-06-09
90,1954-03-31,Julie,Barnes,F,1994-08-16
91,1955-10-15,Carl,Ross,M,1995-10-23
92,1960-05-29,Teresa,Henderson,F,1996-12-30
93,1958-12-21,Sean,Coleman,M,1997-03-08
94,1962-07-03,Diana,Jenkins,F,1998-05-15
95,1959-02-25,Lawrence,Perry,M,1999-07-22
96,1957-10-09,Denise,Butler,F,2000-09-28
97,1961-06-29,Adam,Brooks,M,1985-12-05
98,1956-01-13,Janet,Reed,F,1986-02-12
99,1963-09-23,Gregory,Kelly,M,1987-04-21
100,1954-04-07,Marie,Sanders,F,1988-06-28
101,1955-11-21,Joshua,Price,M,1989-09-04
102,1960-06-05,Joyce,Bennett,F,1990-11-11
103,1958-01-27,Raymond,Wood,M,1991-01-18
104,1962-08-09,Angela,Barnes,F,1992-03-25
105,1959-03-01,Kevin,Ross,M,1993-06-01
106,1957-11-15,Deborah,Henderson,F,1994-08-08
107,1961-07-05,Edward,Coleman,M,1995-10-15
108,1956-02-19,Jessica,Jenkins,F,1996-12-22
109,1963-10-03,Patrick,Perry,M,1997-02-28
110,1954-05-17,Rebecca,Butler,F,1998-05-07
111,1955-12-31,Scott,Brooks,M,1999-07-14
112,1960-07-15,Laura,Reed,F,2000-09-21
113,1958-02-06,Justin,Kelly,M,1985-11-28
114,1962-09-18,Stephanie,Sanders,F,1986-02-04
115,1959-04-10,Brandon,Price,M,1987-04-11
116,1957-12-24,Emily,Bennett,F,1988-06-18
117,1961-08-14,Jacob,Wood,M,1989-08-25
118,1956-03-28,Sharon,Barnes,F,1990-11-01
119,1963-10-12,Eric,Ross,M,1991-01-08
120,1954-06-26,Carolyn,Henderson,F,1992-03-15
121,1955-01-10,Jeremy,Coleman,M,1993-05-22
122,1960-08-22,Janice,Jenkins,F,1994-07-29
123,1958-03-14,George,Perry,M,1995-10-05
124,1962-10-26,Marie,Butler,F,1996-12-12
125,1959-05-18,Timothy,Brooks,M,1997-02-18
126,1957-01-02,Melissa,Reed,F,1998-04-27
127,1961-09-22,Frank,Kelly,M,1999-07-04
128,1956-04-06,Denise,Sanders,F,2000-09-11
129,1963-11-16,Stephen,Price,M,1985-11-21
130,1954-07-30,Heather,Bennett,F,1986-01-28
131,1955-02-13,Raymond,Wood,M,1987-04-06
132,1960-09-25,Anna,Barnes,F,1988-06-13
133,1958-04-17,Lawrence,Ross,M,1989-08-20
134,1962-11-29,Teresa,Henderson,F,1990-10-27
135,1959-06-21,Arthur,Coleman,M,1991-01-03
136,1957-02-05,Julie,Jenkins,F,1992-03-10
137,1961-10-15,Henry,Perry,M,1993-05-17
138,1956-05-29,Judith,Butler,F,1994-07-24
139,1963-12-11,Samuel,Brooks,M,1995-10-01
140,1954-08-23,Joyce,Reed,F,1996-12-08
141,1955-03-15,Brandon,Kelly,M,1997-02-14
142,1960-10-27,Christine,Sanders,F,1998-04-23
143,1958-05-19,Gregory,Price,M,1999-06-30
144,1962-12-31,Angela,Bennett,F,2000-09-06
145,1959-07-23,Joshua,Wood,M,1985-11-14
146,1957-03-07,Deborah,Barnes,F,1986-01-21
147,1961-11-17,Kevin,Ross,M,1987-03-30
148,1956-06-01,Jessica,Henderson,F,1988-06-07
149,1963-01-13,Edward,Coleman,M,1989-08-14
150,1954-09-25,Rebecca,Jenkins,F,1990-10-21
151,1955-04-09,Patrick,Perry,M,1991-12-28
152,1960-11-21,Laura,Butler,F,1992-03-06
153,1958-06-13,Scott,Brooks,M,1993-05-13
154,1962-01-25,Sharon,Reed,F,1994-07-20
155,1959-08-17,Justin,Kelly,M,1995-09-27
156,1957-04-01,Stephanie,Sanders,F,1996-12-04
157,1961-12-11,George,Price,M,1997-02-11
158,1956-07-25,Janet,Bennett,F,1998-04-20
159,1963-02-06,Raymond,Wood,M,1999-06-27
160,1954-10-18,Marie,Barnes,F,2000-09-03
161,1955-05-02,Timothy,Ross,M,1985-11-07
162,1960-12-14,Melissa,Henderson,F,1986-01-14
163,1958-07-06,Frank,Coleman,M,1987-03-23
164,1962-02-18,Denise,Jenkins,F,1988-05-30
165,1959-09-10,Stephen,Perry,M,1989-08-06
166,1957-05-24,Heather,Butler,F,1990-10-13
167,1961-01-04,Lawrence,Brooks,M,1991-12-20
168,1956-08-16,Anna,Reed,F,1992-02-26
169,1963-03-28,Brandon,Kelly,M,1993-05-05
170,1954-11-10,Joyce,Sanders,F,1994-07-12
171,1955-06-24,Gregory,Price,M,1995-09-19
172,1960-01-06,Angela,Bennett,F,1996-11-26
173,1958-07-20,Joshua,Wood,M,1997-02-02
174,1962-03-02,Deborah,Barnes,F,1998-04-11
175,1959-10-14,Kevin,Ross,M,1999-06-18
176,1957-06-28,Jessica,Henderson,F,2000-08-25
177,1961-02-10,Edward,Coleman,M,1985-10-31
178,1956-09-22,Rebecca,Jenkins,F,1986-01-07
179,1963-04-14,Patrick,Perry,M,1987-03-14
180,1954-12-26,Laura,Butler,F,1988-05-21
181,1955-07-18,Scott,Brooks,M,1989-07-28
182,1960-02-01,Sharon,Reed,F,1990-10-04
183,1958-08-13,Justin,Kelly,M,1991-12-11
184,1962-04-25,Stephanie,Sanders,F,1992-02-17
185,1959-11-17,George,Price,M,1993-04-26
186,1957-07-01,Janet,Bennett,F,1994-07-03
187,1961-03-15,Raymond,Wood,M,1995-09-10
188,1956-10-27,Marie,Barnes,F,1996-11-17
189,1963-05-09,Timothy,Ross,M,1997-01-24
190,1954-01-21,Melissa,Henderson,F,1998-04-02
191,1955-08-03,Frank,Coleman,M,1999-06-09
192,1960-03-15,Denise,Jenkins,F,2000-08-16
193,1958-09-07,Stephen,Perry,M,1985-10-24
194,1962-05-19,Heather,Butler,F,1986-01-31
195,1959-12-11,Lawrence,Brooks,M,1987-03-08
196,1957-08-25,Anna,Reed,F,1988-05-15
197,1961-04-07,Brandon,Kelly,M,1989-07-22
198,1956-11-19,Joyce,Sanders,F,1990-09-29
199,1963-06-03,Gregory,Price,M,1991-12-06
200,1954-02-15,Angela,Bennett,F,1992-02-13
201,1955-09-10,John,Doe,M,1985-01-15
202,1960-04-22,Jane,Smith,F,1986-02-20
203,1958-10-05,Robert,Brown,M,1987-03-25
204,1962-06-18,Linda,Johnson,F,1988-04-30
205,1959-01-30,Michael,Williams,M,1989-05-05
206,1957-07-12,Patricia,Jones,F,1990-06-10
207,1961-02-24,James,Garcia,M,1991-07-15
208,1956-09-06,Mary,Miller,F,1992-08-20
209,1963-05-19,William,Davis,M,1993-09-25
210,1954-12-01,Barbara,Martinez,F,1994-10-30
211,1955-09-15,Richard,Hernandez,M,1985-11-04
212,1960-05-27,Susan,Lopez,F,1986-12-09
213,1958-11-09,Joseph,Gonzalez,M,1987-01-14
214,1962-07-22,Karen,Wilson,F,1988-02-19
215,1959-02-03,Thomas,Anderson,M,1989-03-26
216,1957-07-16,Nancy,Thomas,F,1990-04-30
217,1961-03-01,Charles,Taylor,M,1991-06-05
218,1956-09-13,Lisa,Moore,F,1992-07-10
219,1963-06-26,Christopher,Jackson,M,1993-08-15
220,1954-12-08,Margaret,Martin,F,1994-09-20
221,1955-09-22,Daniel,Lee,M,1985-10-25
222,1960-06-04,Dorothy,Perez,F,1986-11-30
223,1958-11-16,Matthew,Thompson,M,1987-01-05
224,1962-08-29,Betty,White,F,1988-02-10
225,1959-02-11,Anthony,Harris,M,1989-03-17
226,1957-07-24,Helen,Sanchez,F,1990-04-22
227,1961-03-09,Mark,Clark,M,1991-05-27
228,1956-09-21,Sandra,Ramirez,F,1992-07-02
229,1963-07-04,Donald,Lewis,M,1993-08-07
230,1954-12-16,Carol,Robinson,F,1994-09-12
231,1955-09-30,Paul,Walker,M,1985-10-17
232,1960-06-12,Ruth,Young,F,1986-11-22
233,1958-11-24,Steven,Allen,M,1987-12-27
234,1962-09-06,Sharon,King,F,1988-02-01
235,1959-02-19,Andrew,Wright,M,1989-03-08
236,1957-08-02,Michelle,Scott,F,1990-04-13
237,1961-03-17,Joshua,Green,M,1991-05-18
238,1956-09-29,Laura,Adams,F,1992-06-23
239,1963-07-12,Kevin,Baker,M,1993-07-28
240,1954-12-24,Kimberly,Gonzalez,F,1994-09-02
241,1955-10-08,Edward,Nelson,M,1985-10-07
242,1960-06-20,Jessica,Carter,F,1986-11-12
243,1958-12-02,Brian,Mitchell,M,1987-12-17
244,1962-09-14,Amy,Roberts,F,1988-01-22
245,1959-02-27,George,Phillips,M,1989-02-27
246,1957-08-10,Deborah,Evans,F,1990-04-03
247,1961-03-25,Timothy,Turner,M,1991-05-08
248,1956-10-02,Shirley,Parker,F,1992-06-13
249,1963-07-20,Ronald,Collins,M,1993-07-18
250,1954-12-31,Cynthia,Edwards,F,1994-08-23
251,1955-10-16,Jason,Stewart,M,1985-09-27
252,1960-06-28,Angela,Morris,F,1986-11-02
253,1958-12-10,Ryan,Rogers,M,1987-12-07
254,1962-09-22,Brenda,Reed,F,1988-01-12
255,1959-03-07,Jeffrey,Cook,M,1989-02-17
256,1957-08-18,Anna,Morgan,F,1990-03-24
257,1961-04-02,Frank,Bell,M,1991-04-29
258,1956-10-10,Pamela,Murphy,F,1992-06-04
259,1963-07-28,Scott,Bailey,M,1993-07-09
260,1955-01-08,Kathleen,Rivera,F,1994-08-14
261,1955-10-24,Eric,Cooper,M,1985-09-17
262,1960-07-06,Carolyn,Richardson,F,1986-10-22
263,1958-12-18,Stephen,Cox,M,1987-11-27
264,1962-09-30,Rebecca,Howard,F,1988-01-02
265,1959-03-15,Raymond,Ward,M,1989-02-07
266,1957-08-26,Sharon,Torres,F,1990-03-14
267,1961-04-10,Gregory,Peterson,M,1991-04-19
268,1956-10-18,Michelle,Gray,F,1992-05-24
269,1963-08-05,Debra,Ramirez,M,1993-06-29
270,1955-01-16,Laura,James,F,1994-08-04
271,1955-11-01,Jacob,Watson,M,1985-09-07
272,1960-07-14,Stephanie,Brooks,F,1986-10-12
273,1958-12-26,Jonathan,Kelly,M,1987-11-17
274,1962-10-08,Rebecca,Sanders,F,1988-12-22
275,1959-03-23,Patrick,Price,M,1989-01-27
276,1957-09-03,Emily,Bennett,F,1990-03-04
277,1961-04-18,Joshua,Wood,M,1991-04-09
278,1956-10-26,Angela,Barnes,F,1992-05-14
279,1963-08-13,Brandon,Ross,M,1993-06-19
280,1955-01-24,Melissa,Henderson,F,1994-07-24
281,1955-11-09,Justin,Cole,M,1985-08-28
282,1960-07-22,Laura,Jenkins,F,1986-10-02
283,1959-01-03,Samuel,Perry,M,1987-11-07
284,1962-10-16,Heather,Butler,F,1988-12-12
285,1959-03-31,Alexander,Barnes,M,1989-01-17
286,1957-09-11,Christine,Foster,F,1990-02-22
287,1961-04-26,Jack,Gonzalez,M,1991-03-29
288,1956-11-03,Deborah,Bryant,F,1992-05-04
289,1963-08-21,Jeremy,Alexander,M,1993-06-09
290,1955-02-01,Jessica,Russell,F,1994-07-14
291,1955-11-17,Adam,Griffin,M,1985-08-18
292,1960-07-30,Sharon,Diaz,F,1986-09-22
293,1959-01-11,Jonathan,Hayes,M,1987-10-27
294,1962-10-24,Rebecca,Myers,F,1988-12-02
295,1959-04-08,Patrick,Long,M,1989-01-07
296,1957-09-19,Emily,Jordan,F,1990-02-12
297,1961-05-04,Joshua,Reed,M,1991-03-19
298,1956-11-11,Angela,Kim,F,1992-04-24
299,1963-08-29,Brandon,Ortiz,M,1993-05-29
300,1955-02-09,Melissa,Reynolds,F,1994-07-04
301,1955-11-25,Justin,Peterson,M,1985-08-08
302,1960-08-07,Laura,Collins,F,1986-09-12
303,1959-01-19,Samuel,Stewart,M,1987-10-17
304,1962-11-01,Heather,Sanchez,F,1988-11-22
305,1959-04-16,Alexander,Morris,M,1989-12-27
306,1957-09-27,Christine,Rogers,F,1990-02-02
307,1961-05-12,Jack,Reed,M,1991-03-09
308,1956-11-19,Deborah,Howard,F,1992-04-14
309,1963-09-06,Jeremy,Cooper,M,1993-05-19
310,1955-02-17,Jessica,Richardson,F,1994-06-24
311,1955-12-03,Adam,Watson,M,1985-07-29
312,1960-08-15,Sharon,Brooks,F,1986-09-02
313,1959-01-27,Jonathan,Gray,M,1987-10-07
314,1962-11-09,Rebecca,James,F,1988-11-12
315,1959-04-24,Patrick,Bennett,M,1989-12-17
316,1957-10-05,Emily,Wood,F,1990-01-22
317,1961-05-20,Joshua,Barnes,M,1991-02-27
318,1956-11-27,Angela,Alexander,F,1992-04-03
319,1963-09-14,Brandon,Bryant,M,1993-05-08
320,1955-02-25,Melissa,Russell,F,1994-06-13
321,1955-12-11,Justin,Griffin,M,1985-07-19
322,1960-08-23,Laura,Diaz,F,1986-08-22
323,1959-02-04,Samuel,Hayes,M,1987-09-27
324,1962-11-17,Heather,Myers,F,1988-11-02
325,1959-05-02,Alexander,Long,M,1989-12-07
326,1957-10-13,Christine,Jordan,F,1990-01-12
327,1961-05-28,Jack,Reed,M,1991-02-17
328,1956-12-05,Deborah,Kim,F,1992-03-24
329,1963-09-22,Jeremy,Ortiz,M,1993-04-29
330,1955-03-05,Jessica,Reynolds,F,1994-06-04
331,1955-12-19,Adam,Peterson,M,1985-07-09
332,1960-08-31,Sharon,Collins,F,1986-08-12
333,1959-02-12,Jonathan,Stewart,M,1987-09-17
334,1962-11-25,Rebecca,Sanchez,F,1988-10-22
335,1959-05-10,Patrick,Morris,M,1989-11-27
336,1957-10-21,Emily,Rogers,F,1990-01-02
337,1961-06-05,Joshua,Reed,M,1991-02-07
338,1956-12-13,Angela,Howard,F,1992-03-14
339,1963-09-30,Brandon,Cooper,M,1993-04-19
340,1955-03-13,Melissa,Richardson,F,1994-05-24
341,1955-12-27,Justin,Watson,M,1985-06-29
342,1960-09-08,Laura,Brooks,F,1986-07-22
343,1959-02-20,Samuel,Gray,M,1987-08-27
344,1962-12-03,Heather,James,F,1988-10-02
345,1959-05-18,Alexander,Bennett,M,1989-11-07
346,1957-10-29,Christine,Wood,F,1990-12-12
347,1961-06-13,Jack,Barnes,M,1991-01-17
348,1956-12-21,Deborah,Alexander,F,1992-02-22
349,1963-10-08,Jeremy,Bryant,M,1993-03-29
350,1955-03-21,Jessica,Russell,F,1994-05-04
351,1956-01-04,Adam,Griffin,M,1985-06-19
352,1960-09-16,Sharon,Diaz,F,1986-07-12
353,1959-02-28,Jonathan,Hayes,M,1987-08-17
354,1962-12-11,Rebecca,Myers,F,1988-09-22
355,1959-05-26,Patrick,Long,M,1989-10-27
356,1957-11-06,Emily,Jordan,F,1990-12-02
357,1961-06-21,Joshua,Reed,M,1991-01-07
358,1956-12-29,Angela,Kim,F,1992-02-12
359,1963-10-16,Brandon,Ortiz,M,1993-03-17
360,1955-03-29,Melissa,Reynolds,F,1994-04-22
361,1956-01-12,Justin,Peterson,M,1985-06-09
362,1960-09-24,Laura,Collins,F,1986-07-02
363,1959-03-08,Samuel,Stewart,M,1987-08-07
364,1962-12-19,Heather,Sanchez,F,1988-09-12
365,1959-06-03,Alexander,Morris,M,1989-10-17
366,1957-11-14,Christine,Rogers,F,1990-11-22
367,1961-06-29,Jack,Reed,M,1991-12-27
368,1957-01-05,Deborah,Howard,F,1992-02-02
369,1963-10-24,Jeremy,Cooper,M,1993-03-09
370,1955-04-06,Jessica,Richardson,F,1994-04-14
371,1956-01-20,Adam,Watson,M,1985-05-29
372,1960-10-02,Sharon,Brooks,F,1986-06-22
373,1959-03-16,Jonathan,Gray,M,1987-07-27
374,1962-12-27,Rebecca,James,F,1988-09-02
375,1959-06-11,Patrick,Bennett,M,1989-10-07
376,1957-11-22,Emily,Wood,F,1990-11-12
377,1961-07-07,Joshua,Barnes,M,1991-12-17
378,1957-01-13,Angela,Alexander,F,1992-01-22
379,1963-11-01,Brandon,Bryant,M,1993-02-27
380,1955-04-14,Melissa,Russell,F,1994-03-04
381,1956-01-28,Justin,Griffin,M,1985-05-19
382,1960-10-10,Laura,Diaz,F,1986-06-12
383,1959-03-24,Samuel,Hayes,M,1987-07-17
384,1963-01-04,Heather,Myers,F,1988-08-22
385,1959-06-19,Alexander,Long,M,1989-09-27
386,1957-11-30,Christine,Jordan,F,1990-11-02
387,1961-07-15,Jack,Reed,M,1991-12-07
388,1957-01-21,Deborah,Kim,F,1992-01-12
389,1963-11-09,Jeremy,Ortiz,M,1993-02-17
390,1955-04-22,Jessica,Reynolds,F,1994-03-24
391,1956-02-05,Adam,Peterson,M,1985-05-09
392,1960-10-18,Sharon,Collins,F,1986-06-02
393,1959-04-01,Jonathan,Stewart,M,1987-07-07
394,1963-01-12,Rebecca,Sanchez,F,1988-08-12
395,1959-06-27,Patrick,Morris,M,1989-09-17
396,1957-12-08,Emily,Rogers,F,1990-10-22
397,1961-07-23,Joshua,Reed,M,1991-11-27
398,1957-01-29,Angela,Howard,F,1992-01-02
399,1963-11-17,Brandon,Cooper,M,1993-02-07
400,1955-04-30,Melissa,Richardson,F,1994-03-14
401,1956-02-12,John,Doe,M,1985-06-01
402,1960-10-26,Jane,Smith,F,1986-07-15
403,1959-04-09,Robert,Brown,M,1987-08-20
404,1963-01-20,Linda,Johnson,F,1988-09-25
405,1959-07-05,Michael,Williams,M,1989-10-30
406,1957-12-16,Patricia,Jones,F,1990-11-04
407,1961-07-31,James,Garcia,M,1991-12-09
408,1957-02-05,Mary,Miller,F,1992-01-14
409,1963-11-25,David,Davis,M,1993-02-19
410,1955-05-08,Barbara,Martinez,F,1994-03-26
411,1956-02-20,Richard,Hernandez,M,1995-04-30
412,1960-11-03,Susan,Lopez,F,1996-05-05
413,1959-04-17,Joseph,Gonzalez,M,1997-06-10
414,1963-01-28,Karen,Wilson,F,1998-07-15
415,1959-07-13,Thomas,Anderson,M,1999-08-20
416,1957-12-24,Nancy,Thomas,F,2000-09-25
417,1961-08-08,Charles,Taylor,M,1985-10-30
418,1957-02-13,Lisa,Moore,F,1986-11-04
419,1963-12-02,Christopher,Jackson,M,1987-12-09
420,1955-05-16,Margaret,Martin,F,1988-01-14
421,1956-02-28,Daniel,Lee,M,1989-02-19
422,1960-11-11,Dorothy,Perez,F,1990-03-26
423,1959-04-25,Matthew,Thompson,M,1991-04-30
424,1963-02-05,Betty,White,F,1992-05-05
425,1959-07-21,Anthony,Harris,M,1993-06-10
426,1957-12-31,Helen,Sanchez,F,1994-07-15
427,1961-08-16,Mark,Clark,M,1995-08-20
428,1957-02-21,Sandra,Ramirez,F,1996-09-25
429,1963-12-10,Paul,Lewis,M,1997-10-30
430,1955-05-24,Donna,Robinson,F,1998-11-04
431,1956-03-07,Steven,Walker,M,1999-12-09
432,1960-11-19,Ruth,Young,F,2000-01-14
433,1959-05-01,Andrew,Allen,M,1985-02-19
434,1963-02-13,Sharon,King,F,1986-03-26
435,1959-07-29,Kenneth,Wright,M,1987-04-30
436,1958-01-08,Michelle,Scott,F,1988-05-05
437,1962-08-24,George,Green,M,1989-06-10
438,1956-03-15,Deborah,Adams,F,1990-07-15
439,1960-11-27,Edward,Baker,M,1991-08-20
440,1959-05-09,Jessica,Nelson,F,1992-09-25
441,1963-02-21,Brian,Hill,M,1993-10-30
442,1959-08-04,Laura,Rivera,F,1994-11-04
443,1958-01-16,Kevin,Carter,M,1995-12-09
444,1962-09-01,Kimberly,Mitchell,F,1996-01-14
445,1956-03-23,Ronald,Roberts,M,1997-02-19
446,1960-12-05,Amy,Phillips,F,1998-03-26
447,1959-05-17,Timothy,Evans,M,1999-04-30
448,1963-03-01,Angela,Turner,F,2000-05-05
449,1959-08-12,Jason,Torres,M,1985-06-10
450,1958-01-24,Rebecca,Parker,F,1986-07-15
451,1962-09-09,Jeffrey,Collins,M,1987-08-20
452,1956-03-31,Stephanie,Edwards,F,1988-09-25
453,1960-12-13,Ryan,Stewart,M,1989-10-30
454,1959-05-25,Carol,Morris,F,1990-11-04
455,1963-03-09,Jacob,Rogers,M,1991-12-09
456,1959-08-20,Janet,Reed,F,1992-01-14
457,1958-02-01,Gary,Cook,M,1993-02-19
458,1962-09-17,Melissa,Morgan,F,1994-03-26
459,1956-04-08,Nicholas,Bell,M,1995-04-30
460,1960-12-21,Emily,Murphy,F,1996-05-05
461,1959-06-01,Stephen,Bailey,M,1997-06-10
462,1963-03-17,Anna,Rivera,F,1998-07-15
463,1959-08-28,Joshua,Cooper,M,1999-08-20
464,1958-02-09,Shirley,Richardson,F,2000-09-25
465,1962-09-25,Eric,Cox,M,1985-10-30
466,1956-04-16,Brenda,Howard,F,1986-11-04
467,1960-12-29,Jonathan,Ward,M,1987-12-09
468,1959-06-09,Katherine,Brooks,F,1988-01-14
469,1963-03-25,Frank,Gray,M,1989-02-19
470,1959-09-05,Virginia,James,F,1990-03-26
471,1958-02-17,Scott,Bennett,M,1991-04-30
472,1962-10-01,Debra,Barnes,F,1992-05-05
473,1956-04-24,Justin,Ross,M,1993-06-10
474,1961-01-05,Carolyn,Henderson,F,1994-07-15
475,1959-06-17,Brandon,Jenkins,M,1995-08-20
476,1963-04-02,Christine,Perry,F,1996-09-25
477,1959-09-13,Benjamin,Long,M,1997-10-30
478,1958-02-25,Frances,Patterson,F,1998-11-04
479,1962-10-09,Gregory,Hughes,M,1999-12-09
480,1956-05-01,Joyce,Flores,F,2000-01-14
481,1961-01-13,Raymond,Washington,M,1985-02-19
482,1959-06-25,Judith,Butler,F,1986-03-26
483,1963-04-10,Samuel,Simmons,M,1987-04-30
484,1959-09-21,Doris,Foster,F,1988-05-05
485,1958-03-05,Alexander,Gonzales,M,1989-06-10
486,1962-10-17,Joan,Bryant,F,1990-07-15
487,1956-05-09,Jack,Alexander,M,1991-08-20
488,1961-01-21,Denise,Russell,F,1992-09-25
489,1959-07-01,Jeremy,Griffin,M,1993-10-30
490,1963-04-18,Shirley,Diaz,F,1994-11-04
491,1959-09-29,Aaron,Hayes,M,1995-12-09
492,1958-03-13,Heather,Myers,F,1996-01-14
493,1962-10-25,Lawrence,Ford,M,1997-02-19
494,1956-05-17,Teresa,Hamilton,F,1998-03-26
495,1961-01-29,Peter,Graham,M,1999-04-30
496,1959-07-09,Diana,Sullivan,F,2000-05-05
497,1963-04-26,Patrick,Wallace,M,1985-06-10
498,1959-10-05,Dorothy,Cole,F,1986-07-15
499,1958-03-21,Harold,West,M,1987-08-20
500,1962-11-01,Janice,Jordan,F,1988-09-25
