order_id,customer_id,order_status,order_date,required_date,shipped_date,store_id,staff_id
1,32,4,2016-01-01,2016-01-08,2016-01-03,1,2
2,350,4,2016-01-03,2016-01-10,2016-01-07,2,5
3,221,4,2016-01-04,2016-01-11,2016-01-05,3,8
4,110,4,2016-01-07,2016-01-14,2016-01-10,1,3
5,62,4,2016-01-09,2016-01-16,2016-01-14,2,6
6,16,4,2016-01-11,2016-01-18,2016-01-13,3,9
7,319,4,2016-01-12,2016-01-19,2016-01-18,1,4
8,494,4,2016-01-15,2016-01-22,2016-01-18,2,7
9,359,4,2016-01-17,2016-01-24,2016-01-21,3,10
10,294,4,2016-01-19,2016-01-26,2016-01-20,1,2
11,348,4,2016-01-21,2016-01-28,2016-01-23,2,6
12,307,4,2016-01-23,2016-01-30,2016-01-27,1,3
13,496,4,2016-01-24,2016-01-31,2016-01-25,3,9
14,427,3,2016-01-27,2016-02-03,,2,5
15,457,4,2016-01-29,2016-02-05,2016-02-03,1,4
16,450,4,2016-01-31,2016-02-07,2016-02-02,3,8
17,244,4,2016-02-01,2016-02-08,2016-02-07,2,7
18,42,4,2016-02-04,2016-02-11,2016-02-07,1,2
19,103,4,2016-02-06,2016-02-13,2016-02-10,3,10
20,356,4,2016-02-08,2016-02-15,2016-02-09,2,6
21,41,4,2016-02-10,2016-02-17,2016-02-12,1,2
22,250,4,2016-02-12,2016-02-19,2016-02-16,2,5
23,230,4,2016-02-13,2016-02-20,2016-02-14,3,8
24,287,4,2016-02-16,2016-02-23,2016-02-19,1,3
25,355,4,2016-02-18,2016-02-25,2016-02-23,2,6
26,289,4,2016-02-20,2016-02-27,2016-02-22,3,9
27,29,4,2016-02-21,2016-02-28,2016-02-27,1,4
28,337,4,2016-02-24,2016-03-02,2016-02-27,2,7
29,304,4,2016-02-26,2016-03-04,2016-03-01,3,10
30,33,4,2016-02-28,2016-03-06,2016-02-29,1,2
31,171,4,2016-03-01,2016-03-08,2016-03-03,2,6
32,415,4,2016-03-03,2016-03-10,2016-03-07,1,3
33,354,4,2016-03-04,2016-03-11,2016-03-05,3,9
34,275,4,2016-03-07,2016-03-14,2016-03-10,2,5
35,255,4,2016-03-09,2016-03-16,2016-03-14,1,4
36,402,4,2016-03-11,2016-03-18,2016-03-13,3,8
37,23,3,2016-03-12,2016-03-19,,2,7
38,232,4,2016-03-15,2016-03-22,2016-03-18,1,2
39,467,4,2016-03-17,2016-03-24,2016-03-21,3,10
40,481,4,2016-03-19,2016-03-26,2016-03-20,2,6
41,261,4,2016-03-21,2016-03-28,2016-03-23,1,2
42,55,4,2016-03-23,2016-03-30,2016-03-27,2,5
43,243,4,2016-03-24,2016-03-31,2016-03-25,3,8
44,226,4,2016-03-27,2016-04-03,2016-03-30,1,3
45,35,4,2016-03-29,2016-04-05,2016-04-03,2,6
46,77,4,2016-03-31,2016-04-07,2016-04-02,3,9
47,118,4,2016-04-01,2016-04-08,2016-04-07,1,4
48,66,4,2016-04-04,2016-04-11,2016-04-07,2,7
49,119,4,2016-04-06,2016-04-13,2016-04-10,3,10
50,127,4,2016-04-08,2016-04-15,2016-04-09,1,2
51,169,4,2016-04-10,2016-04-17,2016-04-12,2,6
52,83,4,2016-04-12,2016-04-19,2016-04-16,1,3
53,377,4,2016-04-13,2016-04-20,2016-04-14,3,9
54,164,4,2016-04-16,2016-04-23,2016-04-19,2,5
55,369,4,2016-04-18,2016-04-25,2016-04-23,1,4
56,69,4,2016-04-20,2016-04-27,2016-04-22,3,8
57,474,4,2016-04-21,2016-04-28,2016-04-27,2,7
58,497,4,2016-04-24,2016-05-01,2016-04-27,1,2
59,85,3,2016-04-26,2016-05-03,,3,10
60,115,4,2016-04-28,2016-05-05,2016-04-29,2,6
61,12,4,2016-04-30,2016-05-07,2016-05-02,1,2
62,88,4,2016-05-02,2016-05-09,2016-05-06,2,5
63,203,4,2016-05-03,2016-05-10,2016-05-04,3,8
64,415,4,2016-05-06,2016-05-13,2016-05-09,1,3
65,301,4,2016-05-08,2016-05-15,2016-05-13,2,6
66,67,4,2016-05-10,2016-05-17,2016-05-12,3,9
67,148,4,2016-05-11,2016-05-18,2016-05-17,1,4
68,392,4,2016-05-14,2016-05-21,2016-05-17,2,7
69,215,4,2016-05-16,2016-05-23,2016-05-20,3,10
70,9,4,2016-05-18,2016-05-25,2016-05-19,1,2
71,263,4,2016-05-20,2016-05-27,2016-05-22,2,6
72,477,4,2016-05-22,2016-05-29,2016-05-26,1,3
73,134,4,2016-05-23,2016-05-30,2016-05-24,3,9
74,58,4,2016-05-26,2016-06-02,2016-05-29,2,5
75,326,4,2016-05-28,2016-06-04,2016-06-02,1,4
76,191,4,2016-05-30,2016-06-06,2016-06-01,3,8
77,402,4,2016-05-31,2016-06-07,2016-06-06,2,7
78,5,4,2016-06-03,2016-06-10,2016-06-06,1,2
79,368,4,2016-06-05,2016-06-12,2016-06-09,3,10
80,240,4,2016-06-07,2016-06-14,2016-06-08,2,6
81,97,4,2016-06-09,2016-06-16,2016-06-11,1,2
82,431,4,2016-06-11,2016-06-18,2016-06-15,2,5
83,276,3,2016-06-12,2016-06-19,,3,8
84,153,4,2016-06-15,2016-06-22,2016-06-18,1,3
85,19,4,2016-06-17,2016-06-24,2016-06-22,2,6
86,342,4,2016-06-19,2016-06-26,2016-06-21,3,9
87,488,4,2016-06-20,2016-06-27,2016-06-26,1,4
88,71,4,2016-06-23,2016-06-30,2016-06-26,2,7
89,205,4,2016-06-25,2016-07-02,2016-06-29,3,10
90,386,4,2016-06-27,2016-07-04,2016-06-28,1,2
91,124,4,2016-06-29,2016-07-06,2016-07-01,2,6
92,298,4,2016-07-01,2016-07-08,2016-07-05,1,3
93,47,4,2016-07-02,2016-07-09,2016-07-03,3,9
94,463,4,2016-07-05,2016-07-12,2016-07-08,2,5
95,180,4,2016-07-07,2016-07-14,2016-07-12,1,4
96,333,4,2016-07-09,2016-07-16,2016-07-11,3,8
97,92,4,2016-07-10,2016-07-17,2016-07-16,2,7
98,251,4,2016-07-13,2016-07-20,2016-07-16,1,2
99,409,4,2016-07-15,2016-07-22,2016-07-19,3,10
100,38,4,2016-07-17,2016-07-24,2016-07-18,2,6
101,159,3,2016-07-19,2016-07-26,,1,2
102,372,4,2016-07-21,2016-07-28,2016-07-25,2,5
103,217,4,2016-07-22,2016-07-29,2016-07-23,3,8
104,64,4,2016-07-25,2016-08-01,2016-07-28,1,3
105,441,4,2016-07-27,2016-08-03,2016-08-01,2,6
106,305,4,2016-07-29,2016-08-05,2016-07-31,3,9
107,130,4,2016-07-30,2016-08-06,2016-08-05,1,4
108,486,4,2016-08-02,2016-08-09,2016-08-05,2,7
109,27,4,2016-08-04,2016-08-11,2016-08-08,3,10
110,350,4,2016-08-06,2016-08-13,2016-08-07,1,2
111,196,4,2016-08-08,2016-08-15,2016-08-10,2,6
112,268,4,2016-08-10,2016-08-17,2016-08-14,1,3
113,75,4,2016-08-11,2016-08-18,2016-08-12,3,9
114,422,4,2016-08-14,2016-08-21,2016-08-17,2,5
115,141,4,2016-08-16,2016-08-23,2016-08-21,1,4
116,358,4,2016-08-18,2016-08-25,2016-08-20,3,8
117,13,4,2016-08-19,2016-08-26,2016-08-25,2,7
118,309,4,2016-08-22,2016-08-29,2016-08-25,1,2
119,234,4,2016-08-24,2016-08-31,2016-08-28,3,10
120,470,4,2016-08-26,2016-09-02,2016-08-27,2,6
121,51,4,2016-08-28,2016-09-04,2016-08-30,1,2
122,388,4,2016-08-30,2016-09-06,2016-09-03,2,5
123,166,4,2016-08-31,2016-09-07,2016-09-01,3,8
124,291,4,2016-09-03,2016-09-10,2016-09-06,1,3
125,102,4,2016-09-05,2016-09-12,2016-09-10,2,6
126,445,4,2016-09-07,2016-09-14,2016-09-09,3,9
127,229,4,2016-09-08,2016-09-15,2016-09-14,1,4
128,8,3,2016-09-11,2016-09-18,,2,7
129,337,4,2016-09-13,2016-09-20,2016-09-17,3,10
130,176,4,2016-09-15,2016-09-22,2016-09-16,1,2
131,493,4,2016-09-17,2016-09-24,2016-09-19,2,6
132,60,4,2016-09-19,2016-09-26,2016-09-23,1,3
133,314,4,2016-09-20,2016-09-27,2016-09-21,3,9
134,125,4,2016-09-23,2016-09-30,2016-09-26,2,5
135,261,4,2016-09-25,2016-10-02,2016-09-30,1,4
136,404,4,2016-09-27,2016-10-04,2016-09-29,3,8
137,89,4,2016-09-28,2016-10-05,2016-10-04,2,7
138,347,4,2016-10-01,2016-10-08,2016-10-04,1,2
139,212,4,2016-10-03,2016-10-10,2016-10-07,3,10
140,436,4,2016-10-05,2016-10-12,2016-10-06,2,6
141,147,4,2016-10-07,2016-10-14,2016-10-09,1,2
142,28,4,2016-10-09,2016-10-16,2016-10-13,2,5
143,381,4,2016-10-10,2016-10-17,2016-10-11,3,8
144,256,4,2016-10-13,2016-10-20,2016-10-16,1,3
145,99,4,2016-10-15,2016-10-22,2016-10-20,2,6
146,462,4,2016-10-17,2016-10-24,2016-10-19,3,9
147,173,4,2016-10-18,2016-10-25,2016-10-24,1,4
148,316,4,2016-10-21,2016-10-28,2016-10-24,2,7
149,44,4,2016-10-23,2016-10-30,2016-10-27,3,10
150,399,3,2016-10-25,2016-11-01,,1,2
151,225,4,2016-10-27,2016-11-03,2016-10-29,2,6
152,73,4,2016-10-29,2016-11-05,2016-11-02,1,3
153,360,4,2016-10-30,2016-11-06,2016-10-31,3,9
154,137,4,2016-11-02,2016-11-09,2016-11-05,2,5
155,483,4,2016-11-04,2016-11-11,2016-11-09,1,4
156,194,4,2016-11-06,2016-11-13,2016-11-08,3,8
157,285,4,2016-11-07,2016-11-14,2016-11-13,2,7
158,18,4,2016-11-10,2016-11-17,2016-11-13,1,2
159,420,4,2016-11-12,2016-11-19,2016-11-16,3,10
160,111,4,2016-11-14,2016-11-21,2016-11-15,2,6
161,342,4,2016-11-16,2016-11-23,2016-11-18,1,2
162,53,4,2016-11-18,2016-11-25,2016-11-22,2,5
163,271,4,2016-11-19,2016-11-26,2016-11-20,3,8
164,466,4,2016-11-22,2016-11-29,2016-11-25,1,3
165,156,4,2016-11-24,2016-12-01,2016-11-29,2,6
166,239,4,2016-11-26,2016-12-03,2016-11-28,3,9
167,380,4,2016-11-27,2016-12-04,2016-12-03,1,4
168,94,4,2016-11-30,2016-12-07,2016-12-03,2,7
169,325,4,2016-12-02,2016-12-09,2016-12-06,3,10
170,7,4,2016-12-04,2016-12-11,2016-12-05,1,2
171,451,4,2016-12-06,2016-12-13,2016-12-08,2,6
172,208,4,2016-12-08,2016-12-15,2016-12-12,1,3
173,121,3,2016-12-09,2016-12-16,,3,9
174,370,4,2016-12-12,2016-12-19,2016-12-15,2,5
175,36,4,2016-12-14,2016-12-21,2016-12-19,1,4
176,297,4,2016-12-16,2016-12-23,2016-12-18,3,8
177,495,4,2016-12-17,2016-12-24,2016-12-23,2,7
178,162,4,2016-12-20,2016-12-27,2016-12-23,1,2
179,248,4,2016-12-22,2016-12-29,2016-12-26,3,10
180,429,4,2016-12-24,2016-12-31,2016-12-25,2,6
181,84,4,2016-12-26,2017-01-02,2016-12-28,1,2
182,313,4,2016-12-28,2017-01-04,2017-01-01,2,5
183,191,4,2016-12-29,2017-01-05,2016-12-30,3,8
184,50,4,2017-01-01,2017-01-08,2017-01-04,1,3
185,376,4,2017-01-03,2017-01-10,2017-01-08,2,6
186,222,4,2017-01-05,2017-01-12,2017-01-07,3,9
187,439,4,2017-01-06,2017-01-13,2017-01-12,1,4
188,106,4,2017-01-09,2017-01-16,2017-01-12,2,7
189,281,4,2017-01-11,2017-01-18,2017-01-15,3,10
190,168,4,2017-01-13,2017-01-20,2017-01-14,1,2
191,393,4,2017-01-15,2017-01-22,2017-01-17,2,6
192,22,4,2017-01-17,2017-01-24,2017-01-21,1,3
193,257,4,2017-01-18,2,,,
194,270,4,2018-03-01,2018-03-08,2018-03-03,1,2
195,473,4,2018-03-02,2018-03-09,2018-03-05,2,6
196,416,4,2018-03-03,2018-03-10,2018-03-04,3,9
197,232,4,2018-03-04,2018-03-11,2018-03-08,1,3
198,56,3,2018-03-05,2018-03-12,,2,7
199,141,4,2018-03-07,2018-03-14,2018-03-09,3,10
200,162,4,2018-03-08,2018-03-15,2018-03-11,1,2
201,28,4,2018-03-09,2018-03-16,2018-03-10,2,6
202,20,4,2018-03-10,2018-03-17,2018-03-14,3,9
203,168,4,2018-03-12,2018-03-19,2018-03-14,1,3
204,488,4,2018-03-13,2018-03-20,2018-03-16,2,7
205,354,4,2018-03-15,2018-03-22,2018-03-16,3,10
206,376,4,2018-03-16,2018-03-23,2018-03-20,1,2
207,120,4,2018-03-18,2018-03-25,2018-03-20,2,6
208,218,3,2018-03-20,2018-03-27,,3,9
209,237,4,2018-03-22,2018-03-29,2018-03-25,1,3
210,36,4,2018-03-24,2018-03-31,2018-03-25,2,7
211,78,4,2018-03-26,2018-04-02,2018-03-30,3,10
212,73,4,2018-03-28,2018-04-04,2018-03-30,1,2
213,478,4,2018-03-29,2018-04-05,2018-04-01,2,6
214,88,4,2018-04-01,2018-04-08,2018-04-02,3,9
215,396,4,2018-04-02,2018-04-09,2018-04-05,1,3
216,289,4,2018-04-03,2018-04-10,2018-04-05,2,7
217,39,4,2018-04-04,2018-04-11,2018-04-08,3,10
218,111,4,2018-04-05,2018-04-12,2018-04-07,1,2
219,346,4,2018-04-07,2018-04-14,2018-04-10,2,6
220,222,4,2018-04-08,2018-04-15,2018-04-09,3,9
221,215,4,2018-04-09,2018-04-16,2018-04-11,1,3
222,40,4,2018-04-10,2018-04-17,2018-04-12,2,7
223,45,3,2018-04-12,2018-04-19,,3,10
224,452,4,2018-04-13,2018-04-20,2018-04-15,1,2
225,98,4,2018-04-15,2018-04-22,2018-04-18,2,6
226,100,4,2018-04-16,2018-04-23,2018-04-17,3,9
227,186,4,2018-04-18,2018-04-25,2018-04-20,1,3
228,47,4,2018-04-20,2018-04-27,2018-04-23,2,7
229,412,4,2018-04-22,2018-04-29,2018-04-24,3,10
230,108,4,2018-04-24,2018-05-01,2018-04-27,1,2
231,497,4,2018-04-26,2018-05-03,2018-04-28,2,6
232,216,4,2018-04-28,2018-05-05,2018-04-29,3,9
233,23,4,2018-04-29,2018-05-06,2018-05-02,1,3
234,358,4,2018-05-01,2018-05-08,2018-05-03,2,7
235,383,4,2018-05-02,2018-05-09,2018-05-04,3,10
236,33,4,2018-05-03,2018-05-10,2018-05-06,1,2
237,456,4,2018-05-04,2018-05-11,2018-05-05,2,6
238,447,4,2018-05-05,2018-05-12,2018-05-09,3,9
239,400,3,2018-05-07,2018-05-14,,1,3
240,404,4,2018-05-08,2018-05-15,2018-05-10,2,7
241,319,4,2018-05-09,2018-05-16,2018-05-12,3,10
242,316,4,2018-05-10,2018-05-17,2018-05-11,1,2
243,110,4,2018-05-12,2018-05-19,2018-05-14,2,6
244,299,4,2018-05-13,2018-05-20,2018-05-16,3,9
245,258,4,2018-05-15,2018-05-22,2018-05-17,1,3
246,483,4,2018-05-16,2018-05-23,2018-05-19,2,7
247,129,4,2018-05-18,2018-05-25,2018-05-19,3,10
248,53,4,2018-05-20,2018-05-27,2018-05-24,1,2
249,398,4,2018-05-22,2018-05-29,2018-05-24,2,6
250,61,4,2018-05-24,2018-05-31,2018-05-27,3,9
251,349,4,2018-05-26,2018-06-02,2018-05-28,1,3
252,174,4,2018-05-28,2018-06-04,2018-05-29,2,7
253,189,4,2018-05-29,2018-06-05,2018-06-01,3,10
254,12,4,2018-06-01,2018-06-08,2018-06-03,1,2
255,305,4,2018-06-02,2018-06-09,2018-06-05,2,6
256,77,4,2018-06-03,2018-06-10,2018-06-04,3,9
257,141,4,2018-06-04,2018-06-11,2018-06-08,1,3
258,422,4,2018-06-05,2018-06-12,2018-06-07,2,7
259,199,4,2018-06-07,2018-06-14,2018-06-10,3,10
260,365,4,2018-06-08,2018-06-15,2018-06-09,1,2
261,91,3,2018-06-09,2018-06-16,,2,6
262,262,4,2018-06-10,2018-06-17,2018-06-12,3,9
263,14,4,2018-06-12,2018-06-19,2018-06-15,1,3
264,333,4,2018-06-13,2018-06-20,2018-06-14,2,7
265,150,4,2018-06-15,2018-06-22,2018-06-17,3,10
266,487,4,2018-06-16,2018-06-23,2018-06-19,1,2
267,205,4,2018-06-18,2018-06-25,2018-06-20,2,6
268,68,4,2018-06-20,2018-06-27,2018-06-21,3,9
269,391,4,2018-06-22,2018-06-29,2018-06-26,1,3
270,244,4,2018-06-24,2018-07-01,2018-06-26,2,7
271,17,4,2018-06-26,2018-07-03,2018-06-29,3,10
272,310,4,2018-06-28,2018-07-05,2018-06-30,1,2
273,126,4,2018-06-29,2018-07-06,2018-07-02,2,6
274,452,4,2018-07-01,2018-07-08,2018-07-02,3,9
275,81,4,2018-07-02,2018-07-09,2018-07-05,1,3
276,372,4,2018-07-03,2018-07-10,2018-07-05,2,7
277,498,4,2018-07-04,2018-07-11,2018-07-08,3,10
278,155,4,2018-07-05,2018-07-12,2018-07-07,1,2
279,26,4,2018-07-07,2018-07-14,2018-07-10,2,6
280,340,4,2018-07-08,2018-07-15,2018-07-09,3,9
281,213,4,2018-07-09,2018-07-16,2018-07-11,1,3
282,64,3,2018-07-10,2018-07-17,,2,7
283,437,4,2018-07-12,2018-07-19,2018-07-15,3,10
284,119,4,2018-07-13,2018-07-20,2018-07-14,1,2
285,288,4,2018-07-15,2018-07-22,2018-07-17,2,6
286,7,4,2018-07-16,2018-07-23,2018-07-19,3,9
287,461,4,2018-07-18,2018-07-25,2018-07-20,1,3
288,175,4,2018-07-20,2018-07-27,2018-07-21,2,7
289,329,4,2018-07-22,2018-07-29,2018-07-26,3,10
290,52,4,2018-07-24,2018-07-31,2018-07-26,1,2
291,404,4,2018-07-26,2018-08-02,2018-07-29,2,6
292,95,4,2018-07-28,2018-08-04,2018-07-30,3,9
293,276,4,2018-07-29,2018-08-05,2018-07-30,1,3
294,143,4,2018-08-01,2018-08-08,2018-08-04,2,7
295,390,4,2018-08-02,2018-08-09,2018-08-03,3,10
296,58,4,2018-08-03,2018-08-10,2018-08-05,1,2
297,222,4,2018-08-04,2018-08-11,2018-08-07,2,6
298,471,4,2018-08-05,2018-08-12,2018-08-06,3,9
299,35,4,2018-08-07,2018-08-14,2018-08-11,1,3
300,317,4,2018-08-08,2018-08-15,2018-08-10,2,7
301,102,3,2018-08-09,2018-08-16,,3,10
302,266,4,2018-08-10,2018-08-17,2018-08-13,1,2
303,449,4,2018-08-12,2018-08-19,2018-08-13,2,6
304,184,4,2018-08-13,2018-08-20,2018-08-15,3,9
305,9,4,2018-08-15,2018-08-22,2018-08-18,1,3
306,358,4,2018-08-16,2018-08-23,2018-08-17,2,7
307,230,4,2018-08-18,2018-08-25,2018-08-20,3,10
308,67,4,2018-08-20,2018-08-27,2018-08-23,1,2
309,401,4,2018-08-22,2018-08-29,2018-08-23,2,6
310,138,4,2018-08-24,2018-08-31,2018-08-27,3,9
311,495,4,2018-08-26,2018-09-02,2018-08-28,1,3
312,294,4,2018-08-28,2018-09-04,2018-08-30,2,7
313,46,4,2018-08-29,2018-09-05,2018-09-01,3,10
314,380,4,2018-09-01,2018-09-08,2018-09-02,1,2
315,171,4,2018-09-02,2018-09-09,2018-09-05,2,6
316,255,4,2018-09-03,2018-09-10,2018-09-05,3,9
317,18,4,2018-09-04,2018-09-11,2018-09-08,1,3
318,433,4,2018-09-05,2018-09-12,2018-09-07,2,7
319,109,4,2018-09-07,2018-09-14,2018-09-10,3,10
320,342,3,2018-09-08,2018-09-15,,1,2
321,76,4,2018-09-09,2018-09-16,2018-09-11,2,6
322,207,4,2018-09-10,2018-09-17,2018-09-12,3,9
323,464,4,2018-09-12,2018-09-19,2018-09-15,1,3
324,31,4,2018-09-13,2018-09-20,2018-09-14,2,7
325,298,4,2018-09-15,2018-09-22,2018-09-17,3,10
326,114,4,2018-09-16,2018-09-23,2018-09-19,1,2
327,367,4,2018-09-18,2018-09-25,2018-09-20,2,6
328,89,4,2018-09-20,2018-09-27,2018-09-21,3,9
329,236,4,2018-09-22,2018-09-29,2018-09-26,1,3
330,479,4,2018-09-24,2018-10-01,2018-09-26,2,7
331,152,4,2018-09-26,2018-10-03,2018-09-29,3,10
332,325,4,2018-09-28,2018-10-05,2018-09-30,1,2
333,50,4,2018-09-29,2018-10-06,2018-10-02,2,6
334,411,4,2018-10-01,2018-10-08,2018-10-03,3,9
335,128,4,2018-10-02,2018-10-09,2018-10-05,1,3
336,283,4,2018-10-03,2018-10-10,2018-10-04,2,7
337,60,4,2018-10-04,2018-10-11,2018-10-08,3,10
338,444,4,2018-10-05,2018-10-12,2018-10-07,1,2
339,193,4,2018-10-07,2018-10-14,2018-10-10,2,6
340,5,4,2018-10-08,2018-10-15,2018-10-09,3,9
341,356,3,2018-10-09,2018-10-16,,1,3
342,121,4,2018-10-10,2018-10-17,2018-10-12,2,7
343,469,4,2018-10-12,2018-10-19,2018-10-15,3,10
344,247,4,2018-10-13,2018-10-20,2018-10-14,1,2
345,83,4,2018-10-15,2018-10-22,2018-10-17,2,6
346,314,4,2018-10-16,2018-10-23,2018-10-19,3,9
347,160,4,2018-10-18,2018-10-25,2018-10-20,1,3
348,429,4,2018-10-20,2018-10-27,2018-10-21,2,7
349,42,4,2018-10-22,2018-10-29,2018-10-26,3,10
350,375,4,2018-10-24,2018-10-31,2018-10-26,1,2
351,196,4,2018-10-26,2018-11-02,2018-10-29,2,6
352,500,4,2018-10-28,2018-11-04,2018-10-30,3,9
353,105,2,2018-10-29,2018-11-05,,1,3
354,301,4,2018-11-01,2018-11-08,2018-11-03,2,7
355,70,4,2018-11-02,2018-11-09,2018-11-05,3,10
356,251,4,2018-11-03,2018-11-10,2018-11-04,1,2
357,418,4,2018-11-04,2018-11-11,2018-11-08,2,6
358,133,4,2018-11-05,2018-11-12,2018-11-07,3,9
359,22,4,2018-11-07,2018-11-14,2018-11-10,1,3
360,338,4,2018-11-08,2018-11-15,2018-11-09,2,7
361,485,3,2018-11-09,2018-11-16,,3,10
362,97,4,2018-11-10,2018-11-17,2018-11-12,1,2
363,259,4,2018-11-12,2018-11-19,2018-11-15,2,6
364,370,4,2018-11-13,2018-11-20,2018-11-14,3,9
365,41,4,2018-11-15,2018-11-22,2018-11-17,1,3
366,187,4,2018-11-16,2018-11-23,2018-11-19,2,7
367,455,4,2018-11-18,2018-11-25,2018-11-20,3,10
368,112,2,2018-11-20,2018-11-27,,1,2
369,306,4,2018-11-22,2018-11-29,2018-11-26,2,6
370,15,2,2018-11-24,2018-12-01,,3,9
371,224,2,2018-11-26,2018-12-03,,1,3
372,447,1,2018-11-28,2018-12-05,,2,7
373,168,2,2018-11-29,2018-12-06,,3,10
374,392,4,2018-12-01,2018-12-08,2018-12-03,1,2
375,72,4,2018-12-02,2018-12-09,2018-12-05,2,6
376,347,2,2018-12-03,2018-12-10,,3,9
377,123,4,2018-12-04,2018-12-11,2018-12-05,1,3
378,461,2,2018-12-05,2018-12-12,,2,7
379,236,2,2018-12-07,2018-12-14,,3,10
380,19,3,2018-12-08,2018-12-15,,1,2
381,284,2,2018-12-09,2018-12-16,,2,6
382,409,2,2018-12-10,2018-12-17,,3,9
383,154,2,2018-12-12,2018-12-19,,1,3
384,331,1,2018-12-13,2018-12-20,,2,7
385,66,2,2018-12-15,2018-12-22,,3,10
386,477,1,2018-12-16,2018-12-23,,1,2
387,203,1,2018-12-18,2018-12-25,,2,6
388,94,1,2018-12-20,2018-12-27,,3,9
389,360,1,2018-12-22,2018-12-29,,1,3
390,27,1,2018-12-24,2018-12-31,,2,7
391,442,1,2018-12-26,2019-01-02,,3,10
392,138,1,2018-12-28,2019-01-04,,1,2
393,257,1,2018-12-29,2019-01-05,,2,6
394,118,4,2018-04-01,2018-04-04,2018-04-03,1,2
395,305,4,2018-04-02,2018-04-05,2018-04-04,2,6
396,47,4,2018-04-04,2018-04-07,2018-04-05,3,8
397,422,4,2018-04-05,2018-04-08,2018-04-07,1,3
398,251,4,2018-04-07,2018-04-10,2018-04-08,2,7
399,89,4,2018-04-08,2018-04-11,2018-04-10,2,6
400,360,4,2018-04-10,2018-04-13,2018-04-12,3,9
401,15,4,2018-04-11,2018-04-14,2018-04-12,1,2
402,477,4,2018-04-13,2018-04-16,2018-04-14,3,8
403,198,4,2018-04-14,2018-04-17,2018-04-16,2,7
404,332,4,2018-04-16,2018-04-19,2018-04-17,1,3
405,64,4,2018-04-18,2018-04-21,2018-04-20,3,9
406,401,4,2018-04-19,2018-04-22,2018-04-20,2,6
407,226,4,2018-04-21,2018-04-24,2018-04-23,1,2
408,139,4,2018-04-22,2018-04-25,2018-04-24,3,8
409,288,3,2018-04-24,2018-04-27,,2,7
410,456,4,2018-04-26,2018-04-29,2018-04-27,1,3
411,73,4,2018-04-27,2018-04-30,2018-04-29,2,6
412,317,4,2018-04-29,2018-05-02,2018-05-01,3,9
413,172,4,2018-05-01,2018-05-04,2018-05-03,1,2
414,499,4,2018-05-02,2018-05-05,2018-05-04,2,7
415,29,4,2018-05-04,2018-05-07,2018-05-06,3,8
416,384,4,2018-05-06,2018-05-09,2018-05-07,1,3
417,210,4,2018-05-07,2018-05-10,2018-05-09,2,6
418,125,4,2018-05-09,2018-05-12,2018-05-10,3,9
419,443,4,2018-05-10,2018-05-13,2018-05-12,1,2
420,267,4,2018-05-12,2018-05-15,2018-05-13,2,7
421,58,4,2018-05-14,2018-05-17,2018-05-16,3,8
422,341,4,2018-05-15,2018-05-18,2018-05-17,1,3
423,108,4,2018-05-17,2018-05-20,2018-05-18,2,6
424,415,4,2018-05-19,2018-05-22,2018-05-21,3,9
425,236,4,2018-05-20,2018-05-23,2018-05-22,1,2
426,92,4,2018-05-22,2018-05-25,2018-05-23,2,7
427,370,3,2018-05-24,2018-05-27,,3,8
428,181,4,2018-05-25,2018-05-28,2018-05-27,1,3
429,468,4,2018-05-27,2018-05-30,2018-05-29,2,6
430,23,4,2018-05-29,2018-06-01,2018-05-31,3,9
431,299,4,2018-05-30,2018-06-02,2018-06-01,1,2
432,147,4,2018-06-01,2018-06-04,2018-06-03,2,7
433,433,4,2018-06-03,2018-06-06,2018-06-04,3,8
434,76,4,2018-06-04,2018-06-07,2018-06-06,1,3
435,325,4,2018-06-06,2018-06-09,2018-06-08,2,6
436,204,4,2018-06-08,2018-06-11,2018-06-09,3,9
437,488,4,2018-06-09,2018-06-12,2018-06-11,1,2
438,51,4,2018-06-11,2018-06-14,2018-06-12,2,7
439,376,4,2018-06-13,2018-06-16,2018-06-15,3,8
440,162,4,2018-06-14,2018-06-17,2018-06-16,1,3
441,409,4,2018-06-16,2018-06-19,2018-06-17,2,6
442,114,4,2018-06-18,2018-06-21,2018-06-20,3,9
443,271,4,2018-06-19,2018-06-22,2018-06-20,1,2
444,39,4,2018-06-21,2018-06-24,2018-06-23,2,7
445,350,4,2018-06-23,2018-06-26,2018-06-24,3,8
446,463,4,2018-06-24,2018-06-27,2018-06-26,1,3
447,85,4,2018-06-26,2018-06-29,2018-06-28,2,6
448,219,4,2018-06-28,2018-07-01,2018-06-29,3,9
449,394,4,2018-06-29,2018-07-02,2018-07-01,1,2
450,132,4,2018-07-01,2018-07-04,2018-07-03,2,7
451,257,4,2018-07-03,2018-07-06,2018-07-04,3,8
452,12,3,2018-07-05,2018-07-08,,1,3
453,428,4,2018-07-06,2018-07-09,2018-07-08,2,6
454,193,4,2018-07-08,2018-07-11,2018-07-09,3,9
455,306,4,2018-07-10,2018-07-13,2018-07-12,1,2
456,67,4,2018-07-11,2018-07-14,2018-07-13,2,7
457,481,4,2018-07-13,2018-07-16,2018-07-14,3,8
458,344,4,2018-07-15,2018-07-18,2018-07-16,1,3
459,155,4,2018-07-16,2018-07-19,2018-07-18,2,6
460,242,4,2018-07-18,2018-07-21,2018-07-20,3,9
461,98,4,2018-07-20,2018-07-23,2018-07-21,1,2
462,417,4,2018-07-21,2018-07-24,2018-07-23,2,7
463,28,4,2018-07-23,2018-07-26,2018-07-25,3,8
464,365,4,2018-07-25,2018-07-28,2018-07-26,1,3
465,213,4,2018-07-26,2018-07-29,2018-07-28,2,6
466,451,4,2018-07-28,2018-07-31,2018-07-30,3,9
467,121,4,2018-07-30,2018-08-02,2018-08-01,1,2
468,279,4,2018-07-31,2018-08-03,2018-08-02,2,7
469,60,4,2018-08-02,2018-08-05,2018-08-04,3,8
470,336,3,2018-08-04,2018-08-07,,1,3
471,187,4,2018-08-05,2018-08-08,2018-08-07,2,6
472,495,4,2018-08-07,2018-08-10,2018-08-08,3,9
473,44,4,2018-08-09,2018-08-12,2018-08-11,1,2
474,262,4,2018-08-10,2018-08-13,2018-08-12,2,7
475,390,4,2018-08-12,2018-08-15,2018-08-13,3,8
476,106,4,2018-08-14,2018-08-17,2018-08-16,1,3
477,437,4,2018-08-15,2018-08-18,2018-08-17,2,6
478,230,4,2018-08-17,2018-08-20,2018-08-18,3,9
479,71,4,2018-08-19,2018-08-22,2018-08-21,1,2
480,312,4,2018-08-20,2018-08-23,2018-08-22,2,7
481,174,3,2018-08-22,2018-08-25,,3,8
482,458,4,2018-08-24,2018-08-27,2018-08-26,1,3
483,35,4,2018-08-25,2018-08-28,2018-08-27,2,6
484,296,4,2018-08-27,2018-08-30,2018-08-29,3,9
485,142,4,2018-08-29,2018-09-01,2018-08-31,1,2
486,403,4,2018-08-30,2018-09-02,2018-09-01,2,7
487,81,4,2018-09-01,2018-09-04,2018-09-03,3,8
488,357,4,2018-09-03,2018-09-06,2018-09-04,1,3
489,223,4,2018-09-04,2018-09-07,2018-09-06,2,6
490,486,4,2018-09-06,2018-09-09,2018-09-07,3,9
491,167,2,2018-09-08,2018-09-11,,1,2
492,318,2,2018-09-09,2018-09-12,,2,7
493,52,2,2018-09-11,2018-09-14,,3,8
494,425,2,2018-09-13,2018-09-16,,1,3
495,244,1,2018-09-14,2018-09-17,,2,6
496,100,1,2018-09-16,2018-09-19,,3,9
497,379,1,2018-09-18,2018-09-21,,1,2
498,200,1,2018-09-19,2018-09-22,,2,7
499,471,1,2018-09-21,2018-09-24,,3,8
500,33,1,2018-09-23,2018-09-26,,1,3
