customer_id,store_id,first_name,last_name,email,address_id,activebool,create_date,last_update,active,_violation
1,999999999,Aditya,Desai,kiara.johnson6102@test.example.net,273,true,2025-09-15,2025-12-28 21:41:29,,store_id: dangling FK (999999999)
2,,Vivaan,Menon,reyansh.pillai3427@test.example.net,413,true,2025-12-14,2025-02-21 03:56:23,,store_id: NULL in NOT NULL column
3,1,,Desai,ananya.rao4643@mail.example.org,217,true,2025-12-09,2025-06-07 22:07:03,1,first_name: NULL in NOT NULL column
4,1,Priya,,,345,true,2025-06-26,2025-05-15 02:17:37,1,last_name: NULL in NOT NULL column
5,2,Ananya,Iyer,,999999999,true,2026-06-02,2025-07-09 17:31:44,1,address_id: dangling FK (999999999)
6,1,Kabir,Reddy,ananya.das7774@example.com,,true,2025-07-15,2026-01-16 01:28:41,1,address_id: NULL in NOT NULL column
7,1,Myra,Khan,sneha.chopra625@test.example.net,159,,2025-10-13,2025-09-10 03:43:58,,activebool: NULL in NOT NULL column
8,1,Kiara,Verma,,109,true,,2026-04-07 03:45:55,1,create_date: NULL in NOT NULL column
9,999999999,Suresh,Pillai,ira.nair7552@test.example.net,313,true,2025-02-11,2026-02-15 14:47:41,1,store_id: dangling FK (999999999)
10,,Sara,Menon,neha.nair2574@mail.example.org,475,true,2025-11-14,2026-02-25 00:53:41,0,store_id: NULL in NOT NULL column
11,1,,Verma,suresh.khan4201@test.example.net,335,true,2025-09-28,2025-08-13 05:45:13,,first_name: NULL in NOT NULL column
12,2,James,,,116,true,2026-03-28,2025-07-28 18:51:20,1,last_name: NULL in NOT NULL column
13,1,Lakshmi,Saxena,reyansh.rao4710@mail.example.org,999999999,true,2026-02-04,,,address_id: dangling FK (999999999)
14,1,Sara,Das,mary.kulkarni9499@mail.example.org,,true,2025-08-02,2025-06-02 17:38:23,1,address_id: NULL in NOT NULL column
15,1,Ananya,Das,reyansh.johnson9684@mail.example.org,426,,2025-05-30,2025-01-16 01:02:18,1,activebool: NULL in NOT NULL column
16,1,Myra,Pillai,priya.verma5264@example.com,378,true,,2025-09-09 08:23:33,1,create_date: NULL in NOT NULL column
17,999999999,Anjali,Mehta,vikram.smith4070@mail.example.org,153,true,2025-09-16,,1,store_id: dangling FK (999999999)
18,,Rahul,Patel,mary.pillai3879@test.example.net,287,true,2026-02-04,2025-12-04 00:44:48,1,store_id: NULL in NOT NULL column
19,1,,Iyer,ira.trivedi8575@mail.example.org,62,true,2025-08-07,2025-06-06 08:10:19,1,first_name: NULL in NOT NULL column
20,1,Ira,,meera.roy8705@example.com,238,true,2025-12-15,2026-05-09 03:58:06,,last_name: NULL in NOT NULL column
21,2,Neha,Roy,aditya.joshi9786@example.com,999999999,true,2025-03-08,2025-06-04 10:04:48,1,address_id: dangling FK (999999999)
22,1,Neha,Singh,priya.chatterjee6642@example.com,,true,2025-10-17,2026-04-01 05:48:44,1,address_id: NULL in NOT NULL column
23,1,John,Trivedi,arjun.kulkarni2345@example.com,440,,2026-03-17,2026-02-16 01:49:21,1,activebool: NULL in NOT NULL column
24,2,Aadhya,Smith,,114,true,,2025-03-01 23:50:30,1,create_date: NULL in NOT NULL column
25,999999999,James,Smith,sneha.roy2842@mail.example.org,176,true,2025-02-01,2026-01-03 11:57:06,1,store_id: dangling FK (999999999)
26,,Kabir,Iyer,anjali.sharma5513@test.example.net,434,true,2025-08-24,2025-01-08 05:55:57,,store_id: NULL in NOT NULL column
27,2,,Verma,james.singh9322@mail.example.org,33,true,2026-03-11,2025-01-09 03:50:43,1,first_name: NULL in NOT NULL column
28,1,Diya,,,172,true,2025-10-17,,1,last_name: NULL in NOT NULL column
29,2,Anjali,Chatterjee,,999999999,true,2025-10-18,2026-02-11 20:22:53,0,address_id: dangling FK (999999999)
30,1,Ira,Malhotra,aadhya.trivedi9523@test.example.net,,true,2026-06-09,2026-03-19 17:49:54,0,address_id: NULL in NOT NULL column
31,2,Ravi,Das,john.mukherjee6602@mail.example.org,498,,2025-02-15,2025-07-07 14:34:48,1,activebool: NULL in NOT NULL column
32,2,Diya,Sharma,reyansh.bhat1699@example.com,167,true,,2025-11-29 12:31:15,1,create_date: NULL in NOT NULL column
33,999999999,Rahul,Reddy,arjun.khan2553@mail.example.org,228,true,2026-04-30,2025-08-15 01:00:16,1,store_id: dangling FK (999999999)
34,,Sneha,Menon,diya.banerjee1657@mail.example.org,263,true,2026-04-06,2025-03-20 07:15:32,,store_id: NULL in NOT NULL column
35,1,,Bhat,sara.das6694@test.example.net,431,true,2025-08-10,2025-12-21 22:00:54,1,first_name: NULL in NOT NULL column
36,2,Karan,,kabir.khan7852@example.com,35,true,2025-04-18,,,last_name: NULL in NOT NULL column
37,2,Aditya,Rao,mary.rao1751@example.com,999999999,true,2025-07-01,2025-08-15 16:22:49,1,address_id: dangling FK (999999999)
38,1,Myra,Shah,karan.patel5672@mail.example.org,,true,2026-05-05,2025-04-19 10:24:33,1,address_id: NULL in NOT NULL column
39,2,Aditya,Joshi,john.desai6722@test.example.net,340,,2025-10-02,2025-09-02 07:11:19,1,activebool: NULL in NOT NULL column
40,1,Sneha,Menon,reyansh.chopra4868@example.com,420,true,,2025-12-13 05:00:29,1,create_date: NULL in NOT NULL column
41,999999999,Ishaan,Mukherjee,anjali.chopra870@example.com,152,false,2025-07-05,2025-05-24 17:43:23,0,store_id: dangling FK (999999999)
42,,Arjun,Singh,karan.roy761@test.example.net,14,true,2025-07-01,2025-05-12 15:54:11,1,store_id: NULL in NOT NULL column
43,2,,Banerjee,,352,false,2025-05-06,2025-06-12 01:08:28,,first_name: NULL in NOT NULL column
44,2,Rahul,,meera.reddy258@test.example.net,234,true,2025-02-28,2026-03-30 07:58:51,1,last_name: NULL in NOT NULL column
45,2,John,Joshi,aditya.johnson4431@example.com,999999999,true,2025-06-09,2026-04-16 11:32:42,1,address_id: dangling FK (999999999)
46,2,Suresh,Verma,john.nair8597@test.example.net,,true,2025-03-17,,1,address_id: NULL in NOT NULL column
47,1,Arjun,Saxena,james.rao2153@test.example.net,5,,2025-01-06,,0,activebool: NULL in NOT NULL column
48,1,Aarav,Mukherjee,aadhya.johnson8973@test.example.net,190,true,,2025-07-19 02:47:32,1,create_date: NULL in NOT NULL column
49,999999999,Mary,Smith,aadhya.patel7467@test.example.net,493,true,2025-04-21,2025-02-23 19:10:13,1,store_id: dangling FK (999999999)
50,,Rahul,Trivedi,myra.malhotra3659@example.com,85,false,2025-07-24,,1,store_id: NULL in NOT NULL column
51,2,,Singh,james.johnson6598@mail.example.org,311,true,2025-02-22,2025-01-27 10:53:22,1,first_name: NULL in NOT NULL column
52,1,Aarav,,,101,true,2025-10-07,2026-06-21 03:48:14,1,last_name: NULL in NOT NULL column
53,2,Aadhya,Iyer,vikram.trivedi6997@example.com,999999999,false,2026-06-17,2025-05-13 06:18:44,1,address_id: dangling FK (999999999)
54,2,Sara,Desai,meera.trivedi9850@example.com,,true,2025-01-17,2025-05-11 06:14:25,1,address_id: NULL in NOT NULL column
55,2,Sneha,Gupta,james.rao529@example.com,306,,2025-04-26,,,activebool: NULL in NOT NULL column
56,2,Karan,Sharma,kiara.sharma3581@example.com,268,true,,2026-04-13 05:20:46,1,create_date: NULL in NOT NULL column
57,999999999,Aarav,Reddy,karan.reddy6147@mail.example.org,96,true,2025-02-03,2025-07-18 15:20:43,1,store_id: dangling FK (999999999)
58,,Arjun,Malhotra,myra.pillai1292@test.example.net,489,true,2025-04-03,2025-11-24 07:03:18,1,store_id: NULL in NOT NULL column
59,2,,Rao,,423,true,2025-07-08,,1,first_name: NULL in NOT NULL column
60,1,Kiara,,sara.kapoor8341@test.example.net,41,true,2025-04-04,2026-02-12 17:29:37,1,last_name: NULL in NOT NULL column
61,2,Mary,Sharma,neha.singh3555@test.example.net,999999999,true,2025-02-02,2026-02-03 11:20:56,1,address_id: dangling FK (999999999)
62,1,Vivaan,Singh,mary.kapoor3346@test.example.net,,true,2025-12-12,2026-04-15 08:36:01,1,address_id: NULL in NOT NULL column
63,1,Meera,Malhotra,vikram.mehta1500@example.com,385,,2026-05-22,2026-03-30 23:39:42,1,activebool: NULL in NOT NULL column
64,2,Meera,Iyer,myra.desai7824@mail.example.org,41,true,,2026-06-16 11:41:54,1,create_date: NULL in NOT NULL column
65,999999999,Ravi,Trivedi,vikram.verma5767@mail.example.org,375,true,2025-09-30,2025-02-01 10:57:44,1,store_id: dangling FK (999999999)
66,,Kabir,Menon,kiara.joshi2848@mail.example.org,273,true,2026-02-14,2025-11-09 10:19:08,1,store_id: NULL in NOT NULL column
67,2,,Roy,vivaan.iyer1365@example.com,329,true,2025-08-10,2026-04-09 11:34:26,1,first_name: NULL in NOT NULL column
68,1,John,,vivaan.sharma7898@example.com,475,true,2025-10-24,2026-02-01 17:15:44,1,last_name: NULL in NOT NULL column
69,1,Arjun,Gupta,reyansh.banerjee6400@test.example.net,999999999,true,2025-04-03,2026-06-26 14:08:58,1,address_id: dangling FK (999999999)
70,2,Amit,Smith,aditya.bhat4069@mail.example.org,,true,2026-03-11,,1,address_id: NULL in NOT NULL column
71,1,Sneha,Patel,vivaan.johnson8174@mail.example.org,342,,2025-08-09,2025-04-29 06:13:21,1,activebool: NULL in NOT NULL column
72,1,Diya,Patel,vikram.kapoor8933@mail.example.org,273,true,,2025-02-27 10:56:42,0,create_date: NULL in NOT NULL column
73,999999999,Priya,Mukherjee,priya.saxena1096@example.com,273,true,2025-04-18,2025-07-31 09:10:52,0,store_id: dangling FK (999999999)
74,,Suresh,Smith,ira.singh7476@example.com,275,true,2025-08-28,2025-09-16 02:58:36,1,store_id: NULL in NOT NULL column
75,1,,Desai,lakshmi.reddy3838@example.com,221,true,2026-01-06,2025-01-27 01:39:39,0,first_name: NULL in NOT NULL column
76,2,Vikram,,mary.patel8344@example.com,21,true,2026-05-20,2025-03-01 22:25:57,1,last_name: NULL in NOT NULL column
77,2,Neha,Rao,anjali.sharma581@example.com,999999999,true,2026-03-21,2025-06-20 03:13:28,1,address_id: dangling FK (999999999)
78,1,James,Das,vivaan.johnson1195@test.example.net,,true,2025-07-15,2025-02-26 01:58:34,1,address_id: NULL in NOT NULL column
79,2,Suresh,Bhat,mary.pillai6156@example.com,267,,2025-07-15,2025-01-06 21:04:08,0,activebool: NULL in NOT NULL column
80,1,Mary,Rao,ravi.trivedi911@mail.example.org,128,false,,2025-07-29 19:09:10,1,create_date: NULL in NOT NULL column
81,999999999,Kabir,Malhotra,,154,true,2025-09-03,2026-02-11 23:27:45,1,store_id: dangling FK (999999999)
82,,Ravi,Khan,aadhya.mehta8447@example.com,326,true,2025-10-15,2025-01-04 16:01:28,,store_id: NULL in NOT NULL column
83,1,,Nair,neha.singh3583@example.com,21,true,2025-04-23,,1,first_name: NULL in NOT NULL column
84,1,Neha,,james.singh4422@mail.example.org,16,true,2026-06-02,2025-06-02 23:58:28,,last_name: NULL in NOT NULL column
85,2,Meera,Saxena,arjun.sharma4053@example.com,999999999,true,2025-10-15,,0,address_id: dangling FK (999999999)
86,2,Aadhya,Banerjee,suresh.saxena962@test.example.net,,true,2025-07-21,2025-11-06 20:39:10,1,address_id: NULL in NOT NULL column
87,2,Aditya,Kulkarni,reyansh.chopra216@mail.example.org,229,,2025-12-28,2026-02-11 19:10:22,1,activebool: NULL in NOT NULL column
88,2,Pooja,Nair,john.pillai56@example.com,456,true,,2025-02-09 09:45:08,1,create_date: NULL in NOT NULL column
89,999999999,Reyansh,Banerjee,rahul.desai6122@mail.example.org,51,true,2026-03-23,2025-11-30 18:36:12,1,store_id: dangling FK (999999999)
90,,Aditya,Singh,kiara.chatterjee7029@mail.example.org,114,true,2025-08-15,2025-09-17 23:50:28,1,store_id: NULL in NOT NULL column
91,2,,Chopra,mary.saxena4748@example.com,59,true,2025-04-19,2025-07-02 20:27:05,1,first_name: NULL in NOT NULL column
92,2,Aarav,,sneha.sharma3438@test.example.net,246,true,2025-06-15,2026-01-01 06:56:12,1,last_name: NULL in NOT NULL column
93,1,Pooja,Trivedi,sara.johnson9521@test.example.net,999999999,false,2025-01-19,2026-02-03 18:00:34,1,address_id: dangling FK (999999999)
94,2,Aadhya,Mehta,james.banerjee1475@mail.example.org,,true,2025-04-17,2026-01-25 08:35:12,1,address_id: NULL in NOT NULL column
95,2,Vikram,Kapoor,anjali.kapoor9352@test.example.net,412,,2026-02-02,2025-02-27 19:56:41,0,activebool: NULL in NOT NULL column
96,1,Kiara,Sharma,kiara.banerjee3997@test.example.net,467,true,,2026-06-30 21:18:45,,create_date: NULL in NOT NULL column
97,999999999,Priya,Singh,suresh.trivedi744@test.example.net,361,true,2026-05-29,2025-03-21 08:27:30,1,store_id: dangling FK (999999999)
98,,Ananya,Saxena,meera.gupta3170@test.example.net,222,true,2026-03-12,2025-06-28 06:13:21,0,store_id: NULL in NOT NULL column
99,2,,Roy,amit.pillai7730@test.example.net,476,false,2025-06-24,2026-05-13 13:12:33,1,first_name: NULL in NOT NULL column
100,2,Vivaan,,anjali.joshi9987@test.example.net,141,true,2026-01-29,2025-01-27 20:41:40,,last_name: NULL in NOT NULL column
101,2,Karan,Shah,aarav.menon9622@test.example.net,999999999,true,2025-09-28,2025-09-22 17:22:31,1,address_id: dangling FK (999999999)
102,2,Arjun,Johnson,reyansh.chopra7898@mail.example.org,,false,2025-10-01,2025-03-18 01:12:01,1,address_id: NULL in NOT NULL column
103,1,Lakshmi,Khan,meera.chopra8895@example.com,427,,2025-06-13,2025-11-11 18:18:06,1,activebool: NULL in NOT NULL column
104,2,Mary,Nair,sara.saxena1405@mail.example.org,455,true,,2025-04-03 18:35:13,1,create_date: NULL in NOT NULL column
105,999999999,Aditya,Das,john.reddy2525@mail.example.org,312,true,2025-06-15,2025-08-05 20:03:04,1,store_id: dangling FK (999999999)
106,,James,Roy,arjun.joshi602@mail.example.org,112,true,2025-10-02,2026-01-01 06:50:35,1,store_id: NULL in NOT NULL column
107,2,,Bhat,ishaan.malhotra34@test.example.net,81,true,2026-05-30,2025-06-25 02:58:02,,first_name: NULL in NOT NULL column
108,1,Kabir,,vivaan.reddy5870@mail.example.org,17,true,2026-03-21,2025-06-27 21:45:10,1,last_name: NULL in NOT NULL column
109,2,Sneha,Reddy,sara.khan1594@example.com,999999999,true,2025-09-13,2025-03-28 01:37:32,1,address_id: dangling FK (999999999)
110,1,Vikram,Reddy,karan.malhotra4690@example.com,,false,2025-10-14,2026-05-06 01:07:52,1,address_id: NULL in NOT NULL column
111,2,Reyansh,Bhat,,411,,2025-11-06,,1,activebool: NULL in NOT NULL column
112,2,Arjun,Johnson,aditya.iyer9881@mail.example.org,43,true,,2026-05-12 14:07:40,1,create_date: NULL in NOT NULL column
113,999999999,Suresh,Roy,ananya.saxena3020@test.example.net,160,true,2025-02-06,2026-04-09 03:15:35,1,store_id: dangling FK (999999999)
114,,Kabir,Bhat,arjun.shah673@test.example.net,475,true,2025-07-25,2025-09-02 08:38:17,1,store_id: NULL in NOT NULL column
115,2,,Saxena,ananya.singh811@mail.example.org,487,true,2025-09-26,2025-01-20 17:10:04,1,first_name: NULL in NOT NULL column
116,2,Ishaan,,sneha.das7920@example.com,219,true,2026-06-12,2025-01-31 04:27:47,1,last_name: NULL in NOT NULL column
117,2,Lakshmi,Mukherjee,suresh.gupta9663@example.com,999999999,true,2026-03-15,,1,address_id: dangling FK (999999999)
118,2,Vikram,Kulkarni,,,true,2025-01-19,,1,address_id: NULL in NOT NULL column
119,1,Sneha,Menon,kiara.smith8458@example.com,26,,2026-05-22,2026-01-18 04:17:14,1,activebool: NULL in NOT NULL column
120,1,Karan,Das,myra.mukherjee1484@test.example.net,418,true,,2025-04-05 05:26:20,,create_date: NULL in NOT NULL column
121,999999999,Lakshmi,Khan,pooja.patel3132@mail.example.org,395,true,2025-12-10,2025-03-12 23:28:17,1,store_id: dangling FK (999999999)
122,,James,Chopra,kabir.desai6154@mail.example.org,331,true,2025-02-05,2025-03-04 18:29:03,1,store_id: NULL in NOT NULL column
123,2,,Kapoor,neha.malhotra3960@example.com,237,true,2026-06-22,2025-06-23 02:19:40,1,first_name: NULL in NOT NULL column
124,2,Vikram,,rahul.nair3479@mail.example.org,217,true,2025-02-19,2025-11-09 06:05:17,,last_name: NULL in NOT NULL column
125,2,Neha,Sharma,arjun.rao557@example.com,999999999,true,2025-01-30,2025-01-31 23:19:59,,address_id: dangling FK (999999999)
126,2,Ravi,Nair,anjali.singh4548@example.com,,true,2025-07-10,2025-04-28 17:43:09,1,address_id: NULL in NOT NULL column
127,1,Diya,Shah,suresh.nair7097@mail.example.org,411,,2026-05-15,2025-05-11 22:07:40,1,activebool: NULL in NOT NULL column
128,2,Suresh,Joshi,,68,true,,2025-11-22 03:47:42,1,create_date: NULL in NOT NULL column
129,999999999,Vivaan,Singh,arjun.singh5015@example.com,425,true,2026-05-17,2025-09-11 05:35:26,0,store_id: dangling FK (999999999)
130,,Sneha,Trivedi,aditya.rao9139@example.com,286,true,2025-12-20,2025-05-13 02:36:05,1,store_id: NULL in NOT NULL column
131,2,,Joshi,,17,true,2025-06-22,2025-04-02 20:13:10,0,first_name: NULL in NOT NULL column
132,2,Aadhya,,aadhya.reddy6647@example.com,148,true,2025-09-26,2025-01-28 22:20:53,1,last_name: NULL in NOT NULL column
133,1,Lakshmi,Shah,myra.mehta6864@example.com,999999999,false,2026-04-26,2026-06-17 15:30:30,1,address_id: dangling FK (999999999)
134,2,Reyansh,Trivedi,mary.banerjee659@example.com,,true,2026-04-14,2026-03-14 11:52:08,1,address_id: NULL in NOT NULL column
135,1,Ravi,Johnson,kabir.nair617@test.example.net,198,,2025-05-11,2026-03-22 22:08:18,0,activebool: NULL in NOT NULL column
136,2,Ananya,Kapoor,reyansh.reddy8729@example.com,94,true,,2026-01-28 13:33:32,,create_date: NULL in NOT NULL column
137,999999999,James,Menon,kabir.smith4285@mail.example.org,147,true,2025-07-12,2025-05-04 16:23:53,,store_id: dangling FK (999999999)
138,,Ishaan,Malhotra,vivaan.pillai362@mail.example.org,397,true,2025-03-24,2025-01-10 16:19:08,1,store_id: NULL in NOT NULL column
139,2,,Rao,pooja.chatterjee3103@example.com,237,true,2026-01-21,2025-06-14 04:20:46,1,first_name: NULL in NOT NULL column
140,1,Amit,,pooja.saxena5553@mail.example.org,223,true,2026-04-06,2025-07-30 04:17:42,1,last_name: NULL in NOT NULL column
141,1,Ravi,Das,meera.smith3610@test.example.net,999999999,true,2026-02-26,2025-04-14 09:25:18,,address_id: dangling FK (999999999)
142,1,Priya,Singh,kabir.das1207@test.example.net,,false,2025-11-05,,1,address_id: NULL in NOT NULL column
143,1,Ira,Pillai,aadhya.singh3604@test.example.net,444,,2025-09-11,2026-02-22 06:02:48,,activebool: NULL in NOT NULL column
144,1,Reyansh,Pillai,reyansh.malhotra5483@example.com,494,false,,2025-09-14 10:46:08,1,create_date: NULL in NOT NULL column
145,999999999,Mary,Nair,vikram.iyer3679@example.com,236,true,2025-12-31,2025-04-28 04:08:13,1,store_id: dangling FK (999999999)
146,,Ananya,Rao,pooja.mehta8617@mail.example.org,499,true,2026-04-15,2025-09-25 08:56:08,1,store_id: NULL in NOT NULL column
147,1,,Verma,,248,false,2026-02-09,2025-10-07 14:57:31,1,first_name: NULL in NOT NULL column
148,2,Aditya,,priya.rao2950@test.example.net,81,true,2025-03-02,2025-06-02 17:39:32,1,last_name: NULL in NOT NULL column
149,2,Myra,Trivedi,ananya.roy9902@example.com,999999999,false,2025-04-16,2025-12-01 09:04:40,1,address_id: dangling FK (999999999)
150,2,Sneha,Joshi,meera.mukherjee8620@mail.example.org,,true,2025-07-10,2025-03-01 20:57:28,0,address_id: NULL in NOT NULL column
151,2,Anjali,Smith,anjali.banerjee3217@mail.example.org,324,,2025-05-23,,1,activebool: NULL in NOT NULL column
152,1,Lakshmi,Rao,aarav.iyer2508@test.example.net,384,true,,,1,create_date: NULL in NOT NULL column
153,999999999,Ravi,Trivedi,aadhya.das612@mail.example.org,43,true,2026-06-26,2025-01-31 04:05:01,1,store_id: dangling FK (999999999)
154,,Aditya,Johnson,kabir.patel4509@example.com,376,true,2026-03-13,,1,store_id: NULL in NOT NULL column
155,2,,Desai,kiara.rao3949@example.com,365,true,2025-04-26,2025-07-18 02:05:00,1,first_name: NULL in NOT NULL column
156,2,Aadhya,,,464,true,2026-04-13,2026-03-25 13:28:24,1,last_name: NULL in NOT NULL column
157,2,Pooja,Sharma,kiara.rao4972@example.com,999999999,true,2026-02-21,,1,address_id: dangling FK (999999999)
158,2,Suresh,Reddy,vikram.reddy1324@mail.example.org,,true,2025-02-26,,1,address_id: NULL in NOT NULL column
159,2,Myra,Trivedi,karan.joshi2268@mail.example.org,421,,2025-03-30,2026-01-06 21:34:41,1,activebool: NULL in NOT NULL column
160,1,Mary,Reddy,kiara.chatterjee7420@example.com,239,true,,2025-12-21 17:01:56,1,create_date: NULL in NOT NULL column
161,999999999,Myra,Reddy,rahul.roy8985@example.com,295,true,2025-06-17,2026-06-04 07:17:46,1,store_id: dangling FK (999999999)
162,,Aditya,Desai,karan.chopra3280@test.example.net,56,true,2025-01-22,2025-02-12 16:02:30,,store_id: NULL in NOT NULL column
163,1,,Shah,amit.chopra2312@mail.example.org,500,true,2025-02-02,2025-12-16 05:50:53,0,first_name: NULL in NOT NULL column
164,1,Karan,,kabir.pillai5445@test.example.net,61,false,2025-03-29,2026-03-30 00:13:12,1,last_name: NULL in NOT NULL column
165,1,Myra,Singh,diya.chatterjee9328@mail.example.org,999999999,true,2026-06-27,2026-01-23 07:40:51,1,address_id: dangling FK (999999999)
166,2,Lakshmi,Patel,meera.joshi9115@test.example.net,,true,2026-06-03,2025-06-14 09:54:46,,address_id: NULL in NOT NULL column
167,2,Lakshmi,Saxena,ira.roy1813@example.com,21,,2025-03-20,2025-11-24 20:07:12,1,activebool: NULL in NOT NULL column
168,2,Aarav,Singh,suresh.sharma509@example.com,478,true,,2026-06-03 14:09:26,1,create_date: NULL in NOT NULL column
169,999999999,Mary,Smith,anjali.kapoor5602@example.com,3,true,2025-07-26,2025-05-04 16:50:36,1,store_id: dangling FK (999999999)
170,,Ravi,Menon,aadhya.reddy5522@test.example.net,469,true,2025-06-05,2026-02-12 14:22:19,1,store_id: NULL in NOT NULL column
171,1,,Gupta,karan.pillai5093@mail.example.org,456,true,2025-04-16,2025-06-23 02:40:38,1,first_name: NULL in NOT NULL column
172,1,Aarav,,vivaan.pillai5802@example.com,267,true,2025-05-25,2026-07-01 05:46:45,,last_name: NULL in NOT NULL column
173,1,Sneha,Mukherjee,,999999999,true,2026-01-02,2025-12-20 09:46:04,0,address_id: dangling FK (999999999)
174,1,Rahul,Bhat,amit.trivedi9891@example.com,,true,2026-04-18,2025-06-16 02:38:04,,address_id: NULL in NOT NULL column
175,1,Aadhya,Sharma,john.saxena6354@test.example.net,240,,2026-03-11,2026-04-11 23:33:38,1,activebool: NULL in NOT NULL column
176,1,Karan,Desai,sara.khan4751@example.com,320,true,,2025-10-20 18:20:28,1,create_date: NULL in NOT NULL column
177,999999999,Sneha,Patel,vikram.saxena9833@example.com,370,true,2026-03-27,2026-01-03 16:51:25,1,store_id: dangling FK (999999999)
178,,Priya,Menon,kiara.kapoor1619@mail.example.org,90,true,2026-05-28,2025-07-25 11:36:46,1,store_id: NULL in NOT NULL column
179,2,,Joshi,vikram.gupta80@test.example.net,446,true,2025-04-12,2025-10-29 07:30:07,,first_name: NULL in NOT NULL column
180,1,Priya,,amit.roy9063@test.example.net,325,true,2025-03-13,2026-02-10 12:33:15,1,last_name: NULL in NOT NULL column
181,1,Ravi,Saxena,arjun.shah9921@mail.example.org,999999999,true,2025-01-20,2025-09-17 05:10:11,0,address_id: dangling FK (999999999)
182,2,Kiara,Chopra,meera.banerjee8@mail.example.org,,true,2026-01-12,2026-05-16 00:38:29,1,address_id: NULL in NOT NULL column
183,1,Pooja,Reddy,arjun.sharma3019@mail.example.org,393,,2025-01-30,2025-06-04 21:05:12,1,activebool: NULL in NOT NULL column
184,2,Sara,Roy,meera.shah3961@test.example.net,37,true,,2025-06-19 12:03:39,1,create_date: NULL in NOT NULL column
185,999999999,Rahul,Chopra,karan.chopra1451@mail.example.org,110,true,2026-04-27,2025-01-31 05:22:38,1,store_id: dangling FK (999999999)
186,,Rahul,Roy,ananya.patel6065@mail.example.org,239,true,2025-03-23,2025-06-16 22:49:23,1,store_id: NULL in NOT NULL column
187,1,,Nair,mary.chopra7480@test.example.net,394,true,2025-02-23,2025-12-30 10:07:41,1,first_name: NULL in NOT NULL column
188,2,Meera,,pooja.kapoor5575@example.com,290,true,2026-04-04,2025-04-24 20:28:38,,last_name: NULL in NOT NULL column
189,1,Meera,Saxena,,999999999,true,2025-12-20,2025-05-31 12:59:26,1,address_id: dangling FK (999999999)
190,2,Meera,Menon,suresh.bhat6010@example.com,,true,2025-07-14,2025-05-21 11:28:05,1,address_id: NULL in NOT NULL column
191,2,Neha,Mukherjee,pooja.khan3162@mail.example.org,109,,2025-09-17,2025-01-15 21:48:30,1,activebool: NULL in NOT NULL column
192,2,Kiara,Malhotra,suresh.das1514@test.example.net,221,true,,,1,create_date: NULL in NOT NULL column
193,999999999,Ananya,Roy,aarav.chopra3501@test.example.net,480,true,2026-05-31,2025-05-02 23:32:44,1,store_id: dangling FK (999999999)
194,,John,Chopra,rahul.malhotra2749@mail.example.org,125,true,2026-05-02,2026-06-21 16:42:38,1,store_id: NULL in NOT NULL column
195,1,,Das,priya.das3889@example.com,68,true,2025-12-07,2025-01-09 18:52:54,,first_name: NULL in NOT NULL column
196,2,Karan,,priya.smith7769@example.com,336,true,2026-02-06,2025-06-20 07:05:08,1,last_name: NULL in NOT NULL column
197,2,Vikram,Trivedi,mary.mukherjee4005@example.com,999999999,true,2026-04-20,2025-03-18 00:55:56,1,address_id: dangling FK (999999999)
198,1,Ananya,Pillai,kabir.reddy2860@mail.example.org,,true,2025-11-10,,1,address_id: NULL in NOT NULL column
199,2,John,Nair,vikram.shah7996@mail.example.org,170,,2026-05-29,2025-12-11 00:06:36,1,activebool: NULL in NOT NULL column
200,1,Anjali,Mehta,anjali.chopra1611@example.com,96,true,,2025-03-11 21:00:52,1,create_date: NULL in NOT NULL column
201,999999999,Kiara,Rao,neha.gupta851@mail.example.org,426,true,2026-04-21,2025-01-08 11:06:40,1,store_id: dangling FK (999999999)
202,,Ravi,Bhat,ravi.patel328@example.com,79,true,2025-08-16,2025-01-13 04:15:06,1,store_id: NULL in NOT NULL column
203,1,,Mehta,diya.nair2803@test.example.net,147,true,2026-06-08,2025-01-19 19:47:19,1,first_name: NULL in NOT NULL column
204,1,Priya,,james.pillai1516@test.example.net,482,true,2025-11-17,2025-05-18 23:28:27,1,last_name: NULL in NOT NULL column
205,2,Ishaan,Saxena,ishaan.kulkarni2751@example.com,999999999,true,2026-05-21,2026-06-14 15:23:30,1,address_id: dangling FK (999999999)
206,2,Rahul,Malhotra,kabir.chopra9078@test.example.net,,true,2026-01-23,2026-04-28 23:52:32,1,address_id: NULL in NOT NULL column
207,1,Aadhya,Verma,sneha.khan9863@mail.example.org,309,,2026-05-08,2026-06-23 11:39:28,1,activebool: NULL in NOT NULL column
208,2,Arjun,Gupta,vikram.shah6037@mail.example.org,381,true,,2025-05-25 13:19:13,1,create_date: NULL in NOT NULL column
209,999999999,Kabir,Das,suresh.kapoor7759@mail.example.org,123,true,2026-04-07,2025-01-28 10:53:44,1,store_id: dangling FK (999999999)
210,,Reyansh,Trivedi,meera.reddy8170@mail.example.org,482,true,2025-12-22,2025-12-24 15:02:33,1,store_id: NULL in NOT NULL column
211,1,,Iyer,kiara.saxena2416@example.com,186,true,2026-05-02,2025-10-29 21:40:25,1,first_name: NULL in NOT NULL column
212,2,Ira,,vivaan.malhotra4724@test.example.net,4,true,2025-07-26,2025-06-15 01:11:45,1,last_name: NULL in NOT NULL column
213,2,Kabir,Pillai,ravi.roy8689@test.example.net,999999999,true,2026-05-16,2025-01-26 18:27:30,1,address_id: dangling FK (999999999)
214,1,Ira,Verma,anjali.reddy5016@example.com,,true,2026-05-02,2025-01-25 10:11:23,1,address_id: NULL in NOT NULL column
215,1,Amit,Mehta,sara.mehta1519@test.example.net,197,,2025-08-03,2025-01-13 12:39:21,1,activebool: NULL in NOT NULL column
216,1,James,Smith,ishaan.gupta3988@example.com,111,true,,,1,create_date: NULL in NOT NULL column
217,999999999,Sara,Joshi,james.kulkarni2241@example.com,352,true,2025-07-23,2025-09-28 19:31:54,1,store_id: dangling FK (999999999)
218,,Aarav,Smith,arjun.pillai5524@test.example.net,325,true,2026-01-18,2025-07-16 00:21:50,1,store_id: NULL in NOT NULL column
219,2,,Menon,aarav.menon1087@mail.example.org,161,true,2026-05-15,2025-10-20 09:06:07,1,first_name: NULL in NOT NULL column
220,1,Karan,,lakshmi.mukherjee6800@example.com,246,true,2025-02-01,2025-01-20 11:53:35,1,last_name: NULL in NOT NULL column
221,2,Amit,Mukherjee,kabir.pillai8167@test.example.net,999999999,true,2025-02-26,2025-07-18 01:10:19,,address_id: dangling FK (999999999)
222,1,Myra,Johnson,myra.desai1509@test.example.net,,true,2026-02-10,2025-11-08 01:06:04,1,address_id: NULL in NOT NULL column
223,2,Vivaan,Trivedi,myra.pillai6298@mail.example.org,143,,2025-04-12,,,activebool: NULL in NOT NULL column
224,2,Vikram,Pillai,anjali.kapoor4229@mail.example.org,93,true,,2026-01-20 23:18:11,1,create_date: NULL in NOT NULL column
225,999999999,Vivaan,Banerjee,,226,true,2025-06-14,2025-03-23 13:48:55,0,store_id: dangling FK (999999999)
226,,Aarav,Verma,pooja.das3146@example.com,239,true,2025-08-30,2025-06-04 21:19:55,1,store_id: NULL in NOT NULL column
227,2,,Saxena,aarav.desai1923@example.com,158,true,2025-02-16,2026-01-26 12:52:44,1,first_name: NULL in NOT NULL column
228,1,Aarav,,ishaan.menon9194@mail.example.org,219,true,2025-04-23,,1,last_name: NULL in NOT NULL column
229,2,James,Chopra,sneha.desai4224@mail.example.org,999999999,true,2025-05-31,2025-12-03 08:10:03,1,address_id: dangling FK (999999999)
230,1,Myra,Nair,suresh.nair521@mail.example.org,,true,2025-02-04,2026-06-27 05:50:05,1,address_id: NULL in NOT NULL column
231,2,Anjali,Joshi,reyansh.desai2855@mail.example.org,416,,2025-12-13,2026-05-26 02:54:41,1,activebool: NULL in NOT NULL column
232,2,Lakshmi,Das,vivaan.smith1830@test.example.net,250,true,,2026-02-05 14:24:38,1,create_date: NULL in NOT NULL column
233,999999999,Myra,Shah,aadhya.malhotra322@mail.example.org,476,true,2026-06-02,2026-02-09 08:40:58,1,store_id: dangling FK (999999999)
234,,Ishaan,Trivedi,,327,true,2026-04-06,2026-06-29 02:30:52,1,store_id: NULL in NOT NULL column
235,1,,Nair,sara.singh9532@example.com,154,true,2026-01-08,2025-04-29 10:21:17,1,first_name: NULL in NOT NULL column
236,1,Sara,,reyansh.das6580@example.com,390,false,2025-03-28,2025-11-03 05:46:32,1,last_name: NULL in NOT NULL column
237,2,Anjali,Patel,sara.verma6321@mail.example.org,999999999,false,2025-03-17,2025-10-06 20:48:47,1,address_id: dangling FK (999999999)
238,1,Karan,Kulkarni,ravi.shah5507@example.com,,true,2025-04-18,2025-11-03 15:06:55,0,address_id: NULL in NOT NULL column
239,1,Ira,Mukherjee,karan.trivedi8659@mail.example.org,293,,2025-05-09,2025-10-29 21:07:05,1,activebool: NULL in NOT NULL column
240,2,Rahul,Kulkarni,pooja.trivedi3264@example.com,353,true,,2025-12-18 16:56:48,0,create_date: NULL in NOT NULL column
241,999999999,Vivaan,Joshi,,432,true,2025-01-28,2025-12-05 08:43:36,1,store_id: dangling FK (999999999)
242,,Priya,Johnson,kabir.trivedi6518@mail.example.org,273,true,2026-03-30,,1,store_id: NULL in NOT NULL column
243,2,,Khan,kabir.chatterjee9064@mail.example.org,306,true,2025-06-07,,,first_name: NULL in NOT NULL column
244,1,Ravi,,reyansh.desai6412@mail.example.org,109,true,2026-06-28,2025-03-10 17:23:40,1,last_name: NULL in NOT NULL column
245,2,James,Menon,ishaan.kapoor5694@mail.example.org,999999999,true,2026-02-23,2025-08-29 15:01:04,1,address_id: dangling FK (999999999)
246,1,Aditya,Mukherjee,ishaan.joshi9387@test.example.net,,false,2025-10-07,,,address_id: NULL in NOT NULL column
247,1,Sneha,Das,arjun.johnson3514@test.example.net,54,,2026-06-30,2026-04-08 00:27:47,0,activebool: NULL in NOT NULL column
248,2,Anjali,Rao,myra.sharma8379@example.com,198,true,,2025-10-02 14:36:52,1,create_date: NULL in NOT NULL column
249,999999999,Rahul,Joshi,arjun.kapoor1336@example.com,35,true,2025-07-17,2026-02-18 17:33:37,1,store_id: dangling FK (999999999)
250,,Ravi,Das,kabir.mukherjee7029@mail.example.org,472,true,2025-07-23,2026-06-16 04:22:41,1,store_id: NULL in NOT NULL column
251,1,,Das,ira.malhotra877@mail.example.org,283,false,2025-01-18,2026-03-18 06:38:04,1,first_name: NULL in NOT NULL column
252,2,Aditya,,ishaan.smith4236@mail.example.org,104,true,2026-05-13,2025-02-26 03:44:51,1,last_name: NULL in NOT NULL column
253,2,Meera,Khan,,999999999,true,2026-04-27,2025-11-20 15:58:29,1,address_id: dangling FK (999999999)
254,1,Sneha,Shah,ananya.johnson9753@test.example.net,,true,2025-11-23,,0,address_id: NULL in NOT NULL column
255,2,Suresh,Singh,ananya.pillai7963@example.com,307,,2025-07-01,2026-06-27 19:50:41,1,activebool: NULL in NOT NULL column
256,2,John,Malhotra,reyansh.rao6542@mail.example.org,400,true,,2026-03-03 08:01:15,1,create_date: NULL in NOT NULL column
257,999999999,Arjun,Kapoor,ira.mukherjee2729@example.com,316,true,2025-12-12,2025-11-14 07:30:36,1,store_id: dangling FK (999999999)
258,,Myra,Joshi,diya.chopra2086@mail.example.org,163,true,2025-06-25,,1,store_id: NULL in NOT NULL column
259,2,,Das,,69,true,2025-11-28,2025-09-13 06:00:06,1,first_name: NULL in NOT NULL column
260,2,Ananya,,vivaan.iyer3388@test.example.net,357,true,2025-09-15,2025-12-07 11:28:08,1,last_name: NULL in NOT NULL column
261,1,Aarav,Reddy,mary.iyer9043@example.com,999999999,true,2025-07-05,,1,address_id: dangling FK (999999999)
262,2,Priya,Bhat,sneha.pillai8494@mail.example.org,,true,2026-01-08,2025-10-16 13:51:20,1,address_id: NULL in NOT NULL column
263,1,John,Banerjee,,94,,2025-04-13,2026-05-31 14:48:21,1,activebool: NULL in NOT NULL column
264,1,Vikram,Kulkarni,anjali.johnson6982@mail.example.org,18,false,,2026-03-26 15:41:56,1,create_date: NULL in NOT NULL column
265,999999999,Sara,Reddy,kiara.trivedi5914@test.example.net,179,true,2026-06-02,,1,store_id: dangling FK (999999999)
266,,Diya,Mehta,reyansh.verma48@test.example.net,471,true,2025-06-16,2025-08-24 19:36:22,1,store_id: NULL in NOT NULL column
267,1,,Pillai,aadhya.sharma6090@example.com,499,true,2025-04-23,,1,first_name: NULL in NOT NULL column
268,1,Kabir,,reyansh.bhat7075@example.com,113,true,2025-12-26,,1,last_name: NULL in NOT NULL column
269,1,Lakshmi,Smith,reyansh.patel9873@example.com,999999999,true,2025-09-23,2026-02-01 09:22:36,1,address_id: dangling FK (999999999)
270,2,Aadhya,Saxena,ishaan.smith8393@mail.example.org,,true,2025-08-03,2025-01-30 16:39:00,1,address_id: NULL in NOT NULL column
271,1,Neha,Saxena,pooja.joshi4085@test.example.net,468,,2026-06-24,2026-02-18 01:38:42,1,activebool: NULL in NOT NULL column
272,1,James,Reddy,sneha.reddy5789@test.example.net,300,true,,2025-03-23 20:08:07,1,create_date: NULL in NOT NULL column
273,999999999,Anjali,Roy,arjun.banerjee897@example.com,278,false,2025-08-10,2026-01-30 13:00:27,,store_id: dangling FK (999999999)
274,,Myra,Khan,reyansh.smith4754@mail.example.org,339,true,2025-10-13,2026-06-24 05:52:00,,store_id: NULL in NOT NULL column
275,1,,Desai,kiara.joshi1492@mail.example.org,466,true,2026-06-22,,1,first_name: NULL in NOT NULL column
276,2,Ananya,,mary.menon1721@mail.example.org,321,true,2025-02-27,2025-07-18 08:27:02,1,last_name: NULL in NOT NULL column
277,2,Diya,Das,,999999999,true,2025-05-09,,0,address_id: dangling FK (999999999)
278,2,Sneha,Sharma,james.pillai4577@mail.example.org,,true,2025-01-03,2025-11-27 17:07:18,1,address_id: NULL in NOT NULL column
279,1,Ananya,Gupta,aadhya.roy3174@test.example.net,321,,2026-04-11,,1,activebool: NULL in NOT NULL column
280,1,Amit,Smith,ira.mukherjee7207@example.com,309,true,,2025-08-29 06:11:07,1,create_date: NULL in NOT NULL column
281,999999999,Sneha,Joshi,myra.khan6914@test.example.net,137,true,2026-01-04,2025-05-08 08:49:23,1,store_id: dangling FK (999999999)
282,,Diya,Gupta,sneha.reddy9988@mail.example.org,319,true,2025-12-25,2026-04-30 23:02:37,1,store_id: NULL in NOT NULL column
283,2,,Chatterjee,ananya.malhotra6740@test.example.net,395,true,2025-06-26,2025-01-23 03:25:32,0,first_name: NULL in NOT NULL column
284,2,Ira,,lakshmi.kapoor5184@test.example.net,421,true,2026-01-04,2025-06-09 15:20:56,1,last_name: NULL in NOT NULL column
285,1,Sneha,Shah,amit.trivedi6402@mail.example.org,999999999,true,2025-09-11,2025-02-21 03:04:48,1,address_id: dangling FK (999999999)
286,2,Vikram,Chatterjee,aadhya.chopra6838@mail.example.org,,false,2025-04-24,2026-03-10 21:58:40,1,address_id: NULL in NOT NULL column
287,1,Suresh,Pillai,arjun.kulkarni7540@example.com,45,,2025-05-22,2025-02-20 07:10:35,1,activebool: NULL in NOT NULL column
288,1,Kiara,Kapoor,priya.nair4389@example.com,148,true,,2026-01-01 11:04:59,0,create_date: NULL in NOT NULL column
289,999999999,Amit,Kulkarni,vivaan.khan4510@mail.example.org,482,true,2025-09-25,2025-11-03 10:55:20,1,store_id: dangling FK (999999999)
290,,Rahul,Pillai,anjali.das6808@mail.example.org,233,true,2025-02-25,2026-02-20 13:37:01,1,store_id: NULL in NOT NULL column
291,2,,Khan,amit.singh3479@mail.example.org,456,true,2025-04-21,2025-03-28 04:42:29,1,first_name: NULL in NOT NULL column
292,1,Ananya,,vivaan.menon5915@mail.example.org,348,true,2025-05-21,2025-10-22 20:49:41,1,last_name: NULL in NOT NULL column
293,2,Vivaan,Khan,kabir.banerjee8495@test.example.net,999999999,true,2026-01-20,2026-01-25 13:19:52,0,address_id: dangling FK (999999999)
294,1,Vivaan,Sharma,arjun.pillai4070@mail.example.org,,true,2025-07-19,2026-04-10 05:56:29,1,address_id: NULL in NOT NULL column
295,2,Myra,Saxena,john.trivedi74@example.com,337,,2026-04-16,2026-03-29 12:13:40,1,activebool: NULL in NOT NULL column
296,1,Ishaan,Malhotra,john.pillai9356@test.example.net,81,true,,2025-08-02 22:37:03,1,create_date: NULL in NOT NULL column
297,999999999,Pooja,Menon,james.gupta2000@mail.example.org,459,false,2026-03-09,2025-12-29 04:04:23,1,store_id: dangling FK (999999999)
298,,Ravi,Desai,rahul.johnson1704@mail.example.org,248,true,2025-12-21,2025-11-18 13:45:27,1,store_id: NULL in NOT NULL column
299,1,,Gupta,,152,true,2026-06-20,2025-09-05 02:36:11,,first_name: NULL in NOT NULL column
300,1,Pooja,,amit.shah5541@test.example.net,100,true,2025-08-18,2025-05-25 00:39:06,,last_name: NULL in NOT NULL column
301,1,Kiara,Patel,sara.desai8485@mail.example.org,999999999,true,2026-05-14,,0,address_id: dangling FK (999999999)
302,1,Ananya,Chopra,ravi.johnson9588@test.example.net,,true,2026-05-30,2025-01-27 15:15:09,1,address_id: NULL in NOT NULL column
303,2,Rahul,Johnson,meera.rao9251@test.example.net,115,,2026-02-28,2025-12-08 11:40:48,1,activebool: NULL in NOT NULL column
304,2,Arjun,Mukherjee,ira.nair7633@example.com,62,true,,2026-03-31 18:47:13,1,create_date: NULL in NOT NULL column
305,999999999,Aarav,Joshi,neha.das6530@test.example.net,55,true,2026-06-11,2025-11-06 22:03:47,0,store_id: dangling FK (999999999)
306,,Mary,Desai,aditya.saxena2037@example.com,482,true,2025-06-14,2026-06-30 00:27:52,1,store_id: NULL in NOT NULL column
307,1,,Roy,neha.banerjee3523@test.example.net,140,true,2025-01-17,2026-05-20 17:22:51,1,first_name: NULL in NOT NULL column
308,1,Neha,,ananya.rao2765@mail.example.org,160,true,2025-06-10,2026-07-01 11:06:43,1,last_name: NULL in NOT NULL column
309,1,Myra,Bhat,ananya.johnson4685@example.com,999999999,true,2025-09-22,2025-10-05 23:57:23,1,address_id: dangling FK (999999999)
310,2,Amit,Khan,reyansh.chatterjee2595@test.example.net,,true,2026-03-11,2025-07-24 06:26:20,,address_id: NULL in NOT NULL column
311,1,Arjun,Kulkarni,amit.gupta9385@mail.example.org,460,,2025-03-21,2025-10-24 06:59:47,1,activebool: NULL in NOT NULL column
312,1,Mary,Verma,,210,true,,2026-03-11 19:28:43,1,create_date: NULL in NOT NULL column
313,999999999,Arjun,Rao,meera.singh4498@example.com,52,true,2025-12-03,,1,store_id: dangling FK (999999999)
314,,Mary,Sharma,kabir.das3809@example.com,273,false,2025-01-25,2025-01-18 19:50:42,0,store_id: NULL in NOT NULL column
315,1,,Banerjee,kabir.banerjee5564@mail.example.org,131,true,2025-08-24,2025-06-17 02:17:02,1,first_name: NULL in NOT NULL column
316,1,Sneha,,lakshmi.saxena3569@example.com,176,true,2026-02-23,,1,last_name: NULL in NOT NULL column
317,2,Aditya,Das,aarav.trivedi88@test.example.net,999999999,true,2025-08-23,2025-10-29 01:37:08,0,address_id: dangling FK (999999999)
318,2,Ananya,Verma,pooja.chatterjee7004@example.com,,true,2025-05-21,2025-10-02 00:28:30,,address_id: NULL in NOT NULL column
319,1,Aarav,Bhat,rahul.menon6213@mail.example.org,192,,2025-03-03,2026-01-27 07:29:20,1,activebool: NULL in NOT NULL column
320,1,Ananya,Chatterjee,kabir.banerjee1302@mail.example.org,278,true,,,1,create_date: NULL in NOT NULL column
321,999999999,Ira,Singh,diya.verma9234@example.com,278,true,2025-02-10,,1,store_id: dangling FK (999999999)
322,,Sneha,Gupta,ishaan.patel3427@example.com,228,true,2025-09-17,2025-10-04 18:13:58,,store_id: NULL in NOT NULL column
323,1,,Reddy,ananya.mukherjee9914@mail.example.org,32,true,2025-12-19,2026-01-24 06:55:39,1,first_name: NULL in NOT NULL column
324,1,Sara,,anjali.johnson7507@test.example.net,167,false,2026-04-15,2025-09-24 06:18:17,1,last_name: NULL in NOT NULL column
325,1,Aadhya,Iyer,vikram.gupta5186@example.com,999999999,true,2025-01-26,2025-03-27 02:23:44,,address_id: dangling FK (999999999)
326,2,Vikram,Bhat,aditya.desai8807@test.example.net,,true,2025-07-11,2025-09-16 09:22:28,1,address_id: NULL in NOT NULL column
327,1,Rahul,Singh,kiara.roy909@mail.example.org,396,,2025-11-21,2025-10-25 14:24:24,1,activebool: NULL in NOT NULL column
328,1,Ananya,Bhat,sara.pillai4265@test.example.net,312,true,,2026-02-13 08:11:56,0,create_date: NULL in NOT NULL column
329,999999999,Suresh,Khan,,475,true,2025-08-11,2025-01-22 09:13:25,1,store_id: dangling FK (999999999)
330,,Suresh,Kapoor,,112,true,2026-06-26,2025-06-14 20:42:53,1,store_id: NULL in NOT NULL column
331,1,,Chatterjee,sneha.kapoor2270@test.example.net,441,false,2026-06-25,2025-09-24 10:31:15,1,first_name: NULL in NOT NULL column
332,2,Reyansh,,ira.saxena3887@mail.example.org,467,true,2025-08-20,2025-02-22 08:58:11,1,last_name: NULL in NOT NULL column
333,2,Neha,Desai,kiara.smith4760@example.com,999999999,true,2026-03-30,2025-06-24 08:00:08,1,address_id: dangling FK (999999999)
334,2,Anjali,Chatterjee,reyansh.joshi248@mail.example.org,,true,2025-07-27,2025-04-08 16:57:15,1,address_id: NULL in NOT NULL column
335,1,Pooja,Malhotra,vivaan.banerjee6505@mail.example.org,385,,2026-05-04,2025-11-10 15:56:00,1,activebool: NULL in NOT NULL column
336,2,John,Menon,ravi.kapoor9323@example.com,21,true,,,,create_date: NULL in NOT NULL column
337,999999999,Vikram,Desai,sneha.khan950@example.com,93,true,2025-02-10,,1,store_id: dangling FK (999999999)
338,,Karan,Sharma,myra.khan9394@test.example.net,334,true,2025-06-03,2025-04-20 14:35:15,1,store_id: NULL in NOT NULL column
339,1,,Pillai,,293,true,2026-04-30,2026-01-30 06:20:37,1,first_name: NULL in NOT NULL column
340,1,Kiara,,sara.pillai7862@example.com,79,true,2025-06-19,2026-05-19 22:35:33,1,last_name: NULL in NOT NULL column
341,1,Aarav,Johnson,mary.patel9412@test.example.net,999999999,true,2026-04-17,2025-08-12 19:31:17,1,address_id: dangling FK (999999999)
342,1,Ira,Shah,anjali.joshi4360@mail.example.org,,true,2026-04-08,,1,address_id: NULL in NOT NULL column
343,2,Ira,Roy,james.kapoor8838@example.com,179,,2025-06-09,2025-07-20 01:56:06,1,activebool: NULL in NOT NULL column
344,2,Myra,Kapoor,sneha.shah9502@test.example.net,435,true,,2025-03-31 03:00:23,1,create_date: NULL in NOT NULL column
345,999999999,Ira,Gupta,priya.kulkarni6742@test.example.net,107,false,2026-05-12,2025-02-08 05:24:40,1,store_id: dangling FK (999999999)
346,,Amit,Menon,ishaan.banerjee1186@example.com,402,true,2025-05-04,2025-01-02 06:24:29,0,store_id: NULL in NOT NULL column
347,1,,Mehta,myra.nair7339@mail.example.org,22,true,2025-10-05,2026-04-29 10:23:16,0,first_name: NULL in NOT NULL column
348,2,Ira,,rahul.bhat1514@mail.example.org,313,true,2026-03-22,2025-08-13 03:18:07,,last_name: NULL in NOT NULL column
349,2,Aditya,Banerjee,sneha.bhat4966@test.example.net,999999999,true,2025-09-23,2026-05-28 02:26:48,1,address_id: dangling FK (999999999)
350,2,Ishaan,Patel,james.desai6422@example.com,,true,2025-12-08,2025-01-26 00:28:15,1,address_id: NULL in NOT NULL column
351,1,Aadhya,Joshi,ira.trivedi7046@mail.example.org,167,,2026-01-01,2025-10-02 17:59:14,1,activebool: NULL in NOT NULL column
352,1,Neha,Banerjee,neha.sharma6796@mail.example.org,60,true,,2026-04-13 20:14:16,1,create_date: NULL in NOT NULL column
353,999999999,Meera,Gupta,ravi.menon5214@mail.example.org,152,true,2025-12-02,2026-02-27 01:55:35,1,store_id: dangling FK (999999999)
354,,Aditya,Saxena,aditya.shah4620@example.com,298,true,2025-12-22,,0,store_id: NULL in NOT NULL column
355,2,,Rao,suresh.verma8476@mail.example.org,359,true,2025-01-28,,,first_name: NULL in NOT NULL column
356,2,Meera,,aarav.kapoor6627@example.com,438,true,2026-03-14,,,last_name: NULL in NOT NULL column
357,1,Ishaan,Roy,vivaan.malhotra6331@mail.example.org,999999999,true,2025-03-11,2025-01-25 13:36:12,1,address_id: dangling FK (999999999)
358,2,Ananya,Patel,aarav.desai1683@mail.example.org,,true,2025-01-26,2026-05-29 02:42:28,1,address_id: NULL in NOT NULL column
359,2,Suresh,Verma,karan.khan1177@example.com,484,,2026-04-21,2025-06-18 00:04:42,1,activebool: NULL in NOT NULL column
360,1,Aarav,Gupta,amit.trivedi6208@mail.example.org,285,true,,2025-05-14 21:00:04,1,create_date: NULL in NOT NULL column
361,999999999,Pooja,Rao,,110,true,2026-04-24,2025-05-07 18:17:03,1,store_id: dangling FK (999999999)
362,,Vivaan,Das,ananya.desai7688@example.com,86,true,2025-05-13,2025-01-30 18:14:23,,store_id: NULL in NOT NULL column
363,2,,Iyer,rahul.bhat1704@mail.example.org,215,false,2025-09-02,,1,first_name: NULL in NOT NULL column
364,2,James,,sara.saxena856@mail.example.org,384,true,2025-03-25,2025-05-21 16:47:56,1,last_name: NULL in NOT NULL column
365,1,Vivaan,Gupta,meera.menon8528@example.com,999999999,true,2025-12-25,2025-01-17 03:07:38,1,address_id: dangling FK (999999999)
366,1,Sara,Trivedi,,,true,2025-01-22,2025-12-22 18:01:52,1,address_id: NULL in NOT NULL column
367,1,Ravi,Khan,,197,,2026-02-18,2026-01-02 03:01:22,1,activebool: NULL in NOT NULL column
368,2,Meera,Malhotra,john.reddy6838@example.com,77,true,,2026-05-21 02:08:17,1,create_date: NULL in NOT NULL column
369,999999999,Meera,Menon,rahul.reddy4425@test.example.net,297,true,2026-02-04,2025-04-06 16:23:54,1,store_id: dangling FK (999999999)
370,,Mary,Saxena,,455,true,2026-04-04,2025-04-25 08:43:03,1,store_id: NULL in NOT NULL column
371,1,,Johnson,john.johnson551@mail.example.org,44,true,2025-04-30,2026-03-20 19:05:52,1,first_name: NULL in NOT NULL column
372,1,Aadhya,,kiara.nair5677@mail.example.org,445,true,2025-10-21,2026-04-14 16:20:21,1,last_name: NULL in NOT NULL column
373,1,Myra,Iyer,mary.patel6339@test.example.net,999999999,true,2026-03-26,2025-08-26 16:25:48,1,address_id: dangling FK (999999999)
374,2,Ishaan,Khan,meera.khan2479@test.example.net,,true,2025-07-16,2025-05-03 16:32:38,1,address_id: NULL in NOT NULL column
375,2,Suresh,Khan,rahul.kapoor5029@test.example.net,193,,2025-05-26,,1,activebool: NULL in NOT NULL column
376,2,Anjali,Verma,amit.smith7256@mail.example.org,462,true,,2025-09-25 07:28:26,1,create_date: NULL in NOT NULL column
377,999999999,Suresh,Trivedi,sara.patel5417@mail.example.org,402,true,2025-05-15,2025-06-05 05:05:39,1,store_id: dangling FK (999999999)
378,,Priya,Pillai,amit.kulkarni8149@example.com,463,true,2025-03-18,2025-11-01 20:11:11,1,store_id: NULL in NOT NULL column
379,1,,Mukherjee,,497,true,2026-05-05,2026-01-27 03:31:26,1,first_name: NULL in NOT NULL column
380,2,Vivaan,,vivaan.banerjee4710@test.example.net,440,false,2025-08-27,2025-06-11 02:52:55,0,last_name: NULL in NOT NULL column
381,1,Mary,Bhat,sara.bhat9786@example.com,999999999,true,2026-02-11,2025-11-03 05:05:16,1,address_id: dangling FK (999999999)
382,1,Ravi,Mehta,myra.mehta6444@mail.example.org,,true,2025-04-10,2026-05-07 23:03:04,1,address_id: NULL in NOT NULL column
383,2,Suresh,Reddy,ira.reddy1367@example.com,432,,2025-04-11,,,activebool: NULL in NOT NULL column
384,2,Sara,Menon,myra.desai6049@example.com,329,true,,2026-04-04 20:16:44,1,create_date: NULL in NOT NULL column
385,999999999,Sara,Mehta,,15,false,2025-01-16,2026-02-26 09:13:50,0,store_id: dangling FK (999999999)
386,,Myra,Johnson,amit.khan4479@test.example.net,398,true,2026-05-25,2025-01-19 13:51:22,1,store_id: NULL in NOT NULL column
387,1,,Verma,ishaan.saxena7463@example.com,447,true,2025-05-22,2026-02-01 12:07:30,1,first_name: NULL in NOT NULL column
388,2,Kiara,,aadhya.johnson2391@mail.example.org,82,true,2026-06-21,2025-11-07 23:30:25,1,last_name: NULL in NOT NULL column
389,2,Amit,Patel,pooja.reddy7364@test.example.net,999999999,true,2025-12-31,2025-08-31 03:54:23,1,address_id: dangling FK (999999999)
390,1,Kabir,Das,meera.bhat9410@mail.example.org,,true,2025-09-26,2025-09-15 09:13:34,1,address_id: NULL in NOT NULL column
391,2,Mary,Roy,mary.kulkarni1263@mail.example.org,232,,2025-11-07,,1,activebool: NULL in NOT NULL column
392,2,Sneha,Bhat,anjali.smith3965@example.com,176,false,,2026-02-24 21:12:38,1,create_date: NULL in NOT NULL column
393,999999999,Pooja,Singh,vivaan.mukherjee4773@mail.example.org,182,true,2026-04-27,2026-04-11 23:17:07,1,store_id: dangling FK (999999999)
394,,Vivaan,Verma,john.kulkarni4534@example.com,243,true,2026-03-14,2026-01-06 10:26:20,1,store_id: NULL in NOT NULL column
395,2,,Kapoor,sneha.rao1486@example.com,77,false,2025-01-10,2026-03-05 20:55:44,,first_name: NULL in NOT NULL column
396,2,Neha,,,224,true,2025-11-07,,0,last_name: NULL in NOT NULL column
397,1,Amit,Malhotra,kabir.kulkarni8279@example.com,999999999,true,2025-08-25,2025-01-20 17:20:45,1,address_id: dangling FK (999999999)
398,2,Pooja,Kulkarni,ira.sharma8473@test.example.net,,true,2025-06-07,2026-06-22 23:29:30,1,address_id: NULL in NOT NULL column
399,2,Ishaan,Rao,priya.malhotra2406@example.com,396,,2025-03-24,2025-11-17 04:13:02,1,activebool: NULL in NOT NULL column
400,1,Mary,Shah,mary.smith1798@mail.example.org,457,true,,,1,create_date: NULL in NOT NULL column
401,999999999,Ishaan,Bhat,diya.chatterjee5968@mail.example.org,464,true,2025-02-25,2025-07-04 23:18:19,1,store_id: dangling FK (999999999)
402,,Aadhya,Iyer,ishaan.verma7838@mail.example.org,428,true,2025-04-22,,0,store_id: NULL in NOT NULL column
403,1,,Khan,ravi.gupta4315@test.example.net,270,true,2025-07-03,2025-06-29 01:24:33,1,first_name: NULL in NOT NULL column
404,1,James,,ravi.reddy3880@example.com,97,false,2025-07-05,2025-03-17 17:42:18,1,last_name: NULL in NOT NULL column
405,2,Neha,Desai,aadhya.kapoor34@example.com,999999999,true,2025-05-27,2025-07-01 14:28:58,1,address_id: dangling FK (999999999)
406,2,Kiara,Iyer,amit.iyer2663@test.example.net,,true,2025-06-22,2026-01-05 11:25:15,1,address_id: NULL in NOT NULL column
407,1,Kabir,Singh,aarav.singh1224@example.com,70,,2026-05-27,2026-03-01 12:36:28,1,activebool: NULL in NOT NULL column
408,1,Kiara,Roy,suresh.singh5769@test.example.net,57,true,,2025-08-26 10:34:15,1,create_date: NULL in NOT NULL column
409,999999999,Suresh,Johnson,,307,true,2025-01-03,2025-01-15 11:12:48,1,store_id: dangling FK (999999999)
410,,Lakshmi,Chopra,anjali.gupta6167@test.example.net,312,true,2025-08-28,,1,store_id: NULL in NOT NULL column
411,2,,Iyer,vikram.sharma3009@test.example.net,306,false,2025-01-05,2025-01-03 19:24:22,0,first_name: NULL in NOT NULL column
412,1,Ravi,,sneha.rao7707@test.example.net,56,true,2026-04-14,2025-07-05 05:24:39,1,last_name: NULL in NOT NULL column
413,1,Aadhya,Nair,reyansh.mukherjee6724@mail.example.org,999999999,true,2025-03-10,2026-02-19 14:04:39,1,address_id: dangling FK (999999999)
414,2,Myra,Chopra,meera.pillai9823@mail.example.org,,true,2025-09-20,2025-09-06 21:11:31,1,address_id: NULL in NOT NULL column
415,2,Kabir,Desai,myra.rao6633@example.com,355,,2025-10-07,2025-05-25 09:48:18,1,activebool: NULL in NOT NULL column
416,1,Meera,Pillai,ravi.banerjee9969@example.com,203,true,,2025-01-07 19:54:34,,create_date: NULL in NOT NULL column
417,999999999,Reyansh,Roy,ravi.patel8598@test.example.net,112,true,2026-05-27,2025-02-13 18:57:42,0,store_id: dangling FK (999999999)
418,,Ananya,Smith,sara.mukherjee811@example.com,219,true,2025-03-02,2025-04-10 01:06:53,1,store_id: NULL in NOT NULL column
419,2,,Bhat,kabir.desai1329@test.example.net,496,true,2026-05-29,2025-06-05 18:39:30,1,first_name: NULL in NOT NULL column
420,1,Neha,,karan.khan3284@test.example.net,446,true,2026-03-20,2026-06-10 23:32:44,1,last_name: NULL in NOT NULL column
421,2,Ravi,Das,lakshmi.smith3345@mail.example.org,999999999,true,2025-05-25,2025-04-27 16:52:12,1,address_id: dangling FK (999999999)
422,2,Sara,Reddy,mary.sharma5372@example.com,,true,2025-02-19,,0,address_id: NULL in NOT NULL column
423,2,Rahul,Desai,ananya.rao4064@example.com,38,,2026-02-11,2026-06-29 12:15:31,0,activebool: NULL in NOT NULL column
424,1,Ishaan,Patel,arjun.chatterjee1364@mail.example.org,464,false,,2026-04-01 17:52:18,,create_date: NULL in NOT NULL column
425,999999999,Karan,Chopra,myra.iyer8662@mail.example.org,229,true,2025-12-08,2026-06-26 13:52:32,1,store_id: dangling FK (999999999)
426,,Sara,Rao,vikram.mehta7659@example.com,280,false,2025-10-24,2025-08-01 17:29:29,1,store_id: NULL in NOT NULL column
427,2,,Roy,sneha.shah6853@test.example.net,474,true,2026-04-21,2025-04-24 05:57:05,1,first_name: NULL in NOT NULL column
428,1,Reyansh,,,172,true,2025-07-04,2026-02-27 17:56:26,1,last_name: NULL in NOT NULL column
429,2,Pooja,Desai,anjali.reddy8342@test.example.net,999999999,true,2026-04-03,2025-09-24 09:08:05,,address_id: dangling FK (999999999)
430,1,Meera,Kulkarni,ira.das452@example.com,,true,2025-09-05,2026-04-10 05:15:57,1,address_id: NULL in NOT NULL column
431,1,Mary,Kulkarni,reyansh.iyer4909@mail.example.org,248,,2026-05-13,2025-09-11 04:38:40,1,activebool: NULL in NOT NULL column
432,1,Kabir,Banerjee,lakshmi.sharma6434@example.com,377,true,,2025-08-25 02:47:38,1,create_date: NULL in NOT NULL column
433,999999999,Aditya,Singh,sneha.shah7346@mail.example.org,465,true,2025-12-16,2025-07-19 19:02:43,1,store_id: dangling FK (999999999)
434,,Mary,Singh,rahul.malhotra4149@mail.example.org,457,true,2025-11-18,,1,store_id: NULL in NOT NULL column
435,1,,Kapoor,amit.rao2363@mail.example.org,375,true,2026-06-25,2025-10-01 20:15:08,1,first_name: NULL in NOT NULL column
436,2,Amit,,james.verma4250@mail.example.org,156,true,2025-05-18,2025-12-29 09:36:48,0,last_name: NULL in NOT NULL column
437,1,Karan,Banerjee,sara.saxena4470@test.example.net,999999999,true,2026-04-10,2026-05-14 22:07:32,1,address_id: dangling FK (999999999)
438,2,Vivaan,Joshi,pooja.malhotra2974@mail.example.org,,true,2026-06-12,2025-06-30 12:56:00,1,address_id: NULL in NOT NULL column
439,1,Ira,Banerjee,ravi.singh5988@mail.example.org,163,,2025-04-04,2025-06-26 05:42:14,1,activebool: NULL in NOT NULL column
440,1,Ishaan,Saxena,ravi.joshi5968@mail.example.org,300,true,,2026-02-06 16:20:16,0,create_date: NULL in NOT NULL column
441,999999999,Aarav,Das,ira.smith6539@mail.example.org,92,true,2025-06-12,2025-02-01 06:50:23,1,store_id: dangling FK (999999999)
442,,Diya,Menon,reyansh.desai7426@example.com,283,true,2025-11-20,2025-08-03 07:29:08,1,store_id: NULL in NOT NULL column
443,2,,Chatterjee,john.banerjee8195@mail.example.org,91,true,2025-03-17,2025-07-14 05:23:50,0,first_name: NULL in NOT NULL column
444,2,James,,,495,true,2026-06-18,2025-06-20 18:28:32,1,last_name: NULL in NOT NULL column
445,1,Ananya,Menon,rahul.nair6708@test.example.net,999999999,true,2026-03-06,2025-03-16 03:07:24,1,address_id: dangling FK (999999999)
446,2,Pooja,Bhat,ishaan.kulkarni7452@test.example.net,,true,2026-04-21,2026-02-20 08:09:47,1,address_id: NULL in NOT NULL column
447,1,Anjali,Joshi,diya.das8849@test.example.net,13,,2025-12-15,2026-01-22 00:25:48,1,activebool: NULL in NOT NULL column
448,2,Vivaan,Mukherjee,pooja.singh2325@test.example.net,412,true,,2025-09-21 18:46:45,1,create_date: NULL in NOT NULL column
449,999999999,Anjali,Malhotra,james.reddy1005@test.example.net,40,true,2025-11-26,2025-05-06 18:43:52,1,store_id: dangling FK (999999999)
450,,Anjali,Menon,reyansh.malhotra6953@example.com,188,true,2025-02-23,2025-04-25 02:28:51,1,store_id: NULL in NOT NULL column
451,2,,Shah,myra.gupta6468@example.com,166,true,2025-04-30,2025-05-23 10:31:39,1,first_name: NULL in NOT NULL column
452,1,Myra,,priya.nair538@example.com,223,true,2026-02-12,2025-12-24 04:21:59,1,last_name: NULL in NOT NULL column
453,2,John,Smith,suresh.patel8172@mail.example.org,999999999,true,2025-03-22,2025-02-24 07:04:24,1,address_id: dangling FK (999999999)
454,1,Kiara,Shah,james.banerjee8203@test.example.net,,true,2025-11-18,2025-07-05 04:24:37,1,address_id: NULL in NOT NULL column
455,1,Sneha,Patel,amit.singh9400@example.com,51,,2025-09-17,2026-02-23 01:35:07,0,activebool: NULL in NOT NULL column
456,2,Rahul,Joshi,,371,true,,2026-04-26 03:44:33,1,create_date: NULL in NOT NULL column
457,999999999,Ishaan,Gupta,,480,true,2025-05-15,,1,store_id: dangling FK (999999999)
458,,Sara,Saxena,aditya.pillai6595@mail.example.org,251,true,2026-04-27,2025-10-13 12:31:58,1,store_id: NULL in NOT NULL column
459,1,,Bhat,neha.chatterjee9958@test.example.net,492,true,2026-03-20,,1,first_name: NULL in NOT NULL column
460,1,Vikram,,priya.bhat8127@example.com,307,false,2025-12-17,,0,last_name: NULL in NOT NULL column
461,1,Ira,Joshi,,999999999,true,2026-02-18,2025-07-25 06:58:14,1,address_id: dangling FK (999999999)
462,1,Mary,Menon,priya.kapoor5267@test.example.net,,true,2025-09-25,,1,address_id: NULL in NOT NULL column
463,1,Reyansh,Bhat,arjun.gupta8869@mail.example.org,234,,2026-02-20,,1,activebool: NULL in NOT NULL column
464,1,Ishaan,Rao,myra.singh403@mail.example.org,237,true,,2025-02-11 09:09:50,1,create_date: NULL in NOT NULL column
465,999999999,Vikram,Reddy,kabir.chatterjee7469@mail.example.org,319,true,2025-03-18,,0,store_id: dangling FK (999999999)
466,,James,Roy,priya.bhat9245@test.example.net,171,true,2026-06-16,2025-02-05 17:57:20,1,store_id: NULL in NOT NULL column
467,2,,Verma,priya.mukherjee5815@test.example.net,258,true,2025-12-19,2026-03-20 20:38:20,1,first_name: NULL in NOT NULL column
468,1,Ravi,,,239,true,2026-06-15,2025-08-17 03:21:08,1,last_name: NULL in NOT NULL column
469,2,Sneha,Verma,john.nair6288@test.example.net,999999999,true,2025-07-02,,1,address_id: dangling FK (999999999)
470,2,James,Chatterjee,mary.verma976@mail.example.org,,true,2025-05-15,2025-06-07 08:59:37,1,address_id: NULL in NOT NULL column
471,1,Lakshmi,Das,rahul.trivedi8800@mail.example.org,75,,2026-01-04,2025-03-16 15:28:04,1,activebool: NULL in NOT NULL column
472,1,Lakshmi,Smith,karan.johnson9041@example.com,28,true,,2025-10-20 01:41:22,1,create_date: NULL in NOT NULL column
473,999999999,John,Sharma,ishaan.kapoor4085@example.com,187,false,2026-05-28,,1,store_id: dangling FK (999999999)
474,,James,Mukherjee,priya.joshi3104@test.example.net,124,true,2025-06-05,2026-01-17 05:22:45,1,store_id: NULL in NOT NULL column
475,2,,Joshi,arjun.menon3827@mail.example.org,269,true,2025-09-01,2025-09-30 19:18:50,1,first_name: NULL in NOT NULL column
476,2,Amit,,,220,true,2025-05-25,2025-02-24 09:03:52,1,last_name: NULL in NOT NULL column
477,1,Reyansh,Banerjee,ishaan.joshi458@example.com,999999999,true,2026-05-19,,1,address_id: dangling FK (999999999)
478,1,Meera,Mehta,kabir.menon9234@test.example.net,,true,2025-09-23,2026-04-19 13:00:56,1,address_id: NULL in NOT NULL column
479,2,Neha,Roy,myra.nair5482@test.example.net,72,,2025-02-18,2026-01-30 12:09:36,,activebool: NULL in NOT NULL column
480,2,Ananya,Patel,karan.trivedi3994@test.example.net,393,true,,2025-09-24 07:22:25,1,create_date: NULL in NOT NULL column
481,999999999,Anjali,Singh,sneha.trivedi6780@example.com,347,true,2025-10-30,2025-03-26 08:51:54,1,store_id: dangling FK (999999999)
482,,Rahul,Menon,rahul.pillai2373@test.example.net,88,true,2025-09-21,,1,store_id: NULL in NOT NULL column
483,1,,Reddy,aditya.trivedi3676@example.com,16,true,2026-03-16,,1,first_name: NULL in NOT NULL column
484,2,Sara,,kabir.desai3808@mail.example.org,223,true,2025-06-26,2025-01-14 18:37:46,1,last_name: NULL in NOT NULL column
485,1,Suresh,Das,pooja.nair8985@test.example.net,999999999,false,2026-06-18,2025-07-18 06:59:25,1,address_id: dangling FK (999999999)
486,1,Vikram,Kapoor,amit.saxena9424@test.example.net,,true,2025-12-06,2026-01-11 14:09:07,1,address_id: NULL in NOT NULL column
487,2,Amit,Banerjee,aditya.kulkarni169@mail.example.org,404,,2025-03-29,2025-01-08 14:02:03,1,activebool: NULL in NOT NULL column
488,1,Pooja,Kulkarni,rahul.khan8036@mail.example.org,386,true,,2025-02-07 12:02:37,,create_date: NULL in NOT NULL column
489,999999999,Vivaan,Verma,ishaan.malhotra6099@example.com,369,true,2026-06-23,2025-02-13 02:02:45,0,store_id: dangling FK (999999999)
490,,Ira,Trivedi,,89,true,2025-07-30,,1,store_id: NULL in NOT NULL column
491,2,,Gupta,rahul.menon7619@example.com,123,true,2025-01-23,2026-05-07 02:28:19,1,first_name: NULL in NOT NULL column
492,2,Diya,,ira.mukherjee3645@mail.example.org,233,true,2026-03-06,2025-09-06 12:55:27,1,last_name: NULL in NOT NULL column
493,2,James,Das,kabir.johnson8150@example.com,999999999,true,2026-01-19,,1,address_id: dangling FK (999999999)
494,1,Aadhya,Chopra,,,true,2025-08-19,2026-02-12 04:05:58,1,address_id: NULL in NOT NULL column
495,2,Diya,Iyer,john.khan5242@example.com,234,,2025-07-29,2026-02-18 14:14:32,1,activebool: NULL in NOT NULL column
496,2,Ira,Kapoor,diya.iyer6562@example.com,428,true,,2025-01-19 10:13:32,1,create_date: NULL in NOT NULL column
497,999999999,Myra,Pillai,ira.sharma9300@example.com,318,true,2025-07-05,2026-05-01 23:26:32,1,store_id: dangling FK (999999999)
498,,Reyansh,Kulkarni,meera.chatterjee1178@example.com,386,false,2025-07-11,2025-05-12 21:22:37,1,store_id: NULL in NOT NULL column
499,2,,Kapoor,amit.chopra1208@test.example.net,452,true,2025-04-30,2026-04-29 11:32:16,1,first_name: NULL in NOT NULL column
500,2,Mary,,rahul.rao5644@example.com,365,true,2025-04-13,2026-05-28 14:08:53,1,last_name: NULL in NOT NULL column