prod_id,quan_in_stock,sales
194,0,0
377,1,1
88,2147483647,2147483647
289,0,0
231,1,1
297,2147483647,2147483647
177,0,0
245,1,1
238,2147483647,2147483647
245,0,0
330,1,1
109,2147483647,2147483647
342,0,0
406,1,1
310,2147483647,2147483647
69,0,0
166,1,1
88,2147483647,2147483647
437,0,0
50,1,1
266,2147483647,2147483647
378,0,0
140,1,1
15,2147483647,2147483647
250,0,0
35,1,1
396,2147483647,2147483647
239,0,0
118,1,1
310,2147483647,2147483647
281,0,0
264,1,1
420,2147483647,2147483647
490,0,0
86,1,1
2,2147483647,2147483647
413,0,0
395,1,1
262,2147483647,2147483647
41,0,0
137,1,1
119,2147483647,2147483647
404,0,0
232,1,1
66,2147483647,2147483647
144,0,0
312,1,1
366,2147483647,2147483647
367,0,0
483,1,1
247,2147483647,2147483647
430,0,0
456,1,1
352,2147483647,2147483647
428,0,0
182,1,1
98,2147483647,2147483647
30,0,0
254,1,1
312,2147483647,2147483647
139,0,0
485,1,1
485,2147483647,2147483647
362,0,0
489,1,1
122,2147483647,2147483647
398,0,0
36,1,1
151,2147483647,2147483647
259,0,0
318,1,1
500,2147483647,2147483647
381,0,0
375,1,1
406,2147483647,2147483647
497,0,0
402,1,1
430,2147483647,2147483647
301,0,0
453,1,1
188,2147483647,2147483647
279,0,0
21,1,1
185,2147483647,2147483647
101,0,0
370,1,1
105,2147483647,2147483647
339,0,0
111,1,1
390,2147483647,2147483647
149,0,0
11,1,1
74,2147483647,2147483647
95,0,0
472,1,1
485,2147483647,2147483647
172,0,0
166,1,1
450,2147483647,2147483647
373,0,0
113,1,1
166,2147483647,2147483647
86,0,0
291,1,1
450,2147483647,2147483647
351,0,0
402,1,1
419,2147483647,2147483647
348,0,0
360,1,1
123,2147483647,2147483647
130,0,0
206,1,1
114,2147483647,2147483647
480,0,0
79,1,1
282,2147483647,2147483647
412,0,0
169,1,1
454,2147483647,2147483647
474,0,0
358,1,1
92,2147483647,2147483647
100,0,0
255,1,1
444,2147483647,2147483647
201,0,0
416,1,1
32,2147483647,2147483647
21,0,0
309,1,1
194,2147483647,2147483647
66,0,0
315,1,1
437,2147483647,2147483647
101,0,0
39,1,1
18,2147483647,2147483647
98,0,0
122,1,1
470,2147483647,2147483647
450,0,0
199,1,1
249,2147483647,2147483647
167,0,0
253,1,1
115,2147483647,2147483647
132,0,0
345,1,1
237,2147483647,2147483647
241,0,0
488,1,1
268,2147483647,2147483647
32,0,0
448,1,1
256,2147483647,2147483647
326,0,0
59,1,1
73,2147483647,2147483647
275,0,0
489,1,1
164,2147483647,2147483647
117,0,0
110,1,1
241,2147483647,2147483647
202,0,0
170,1,1
262,2147483647,2147483647
224,0,0
36,1,1
248,2147483647,2147483647
372,0,0
67,1,1
12,2147483647,2147483647
142,0,0
113,1,1
217,2147483647,2147483647
461,0,0
439,1,1
316,2147483647,2147483647
209,0,0
317,1,1
110,2147483647,2147483647
459,0,0
100,1,1
349,2147483647,2147483647
413,0,0
258,1,1
307,2147483647,2147483647
172,0,0
329,1,1
286,2147483647,2147483647
127,0,0
246,1,1
114,2147483647,2147483647
186,0,0
231,1,1
68,2147483647,2147483647
248,0,0
169,1,1
120,2147483647,2147483647
183,0,0
160,1,1
122,2147483647,2147483647
391,0,0
22,1,1
216,2147483647,2147483647
413,0,0
331,1,1
229,2147483647,2147483647
45,0,0
282,1,1
64,2147483647,2147483647
93,0,0
414,1,1
112,2147483647,2147483647
281,0,0
204,1,1
385,2147483647,2147483647
286,0,0
248,1,1
413,2147483647,2147483647
311,0,0
195,1,1
120,2147483647,2147483647
344,0,0
465,1,1
467,2147483647,2147483647
385,0,0
401,1,1
321,2147483647,2147483647
94,0,0
93,1,1
62,2147483647,2147483647
456,0,0
358,1,1
242,2147483647,2147483647
274,0,0
146,1,1
303,2147483647,2147483647
437,0,0
158,1,1
209,2147483647,2147483647
498,0,0
438,1,1
367,2147483647,2147483647
7,0,0
264,1,1
460,2147483647,2147483647
118,0,0
54,1,1
28,2147483647,2147483647
214,0,0
141,1,1
418,2147483647,2147483647
429,0,0
303,1,1
29,2147483647,2147483647
468,0,0
169,1,1
305,2147483647,2147483647
166,0,0
242,1,1
398,2147483647,2147483647
366,0,0
425,1,1
159,2147483647,2147483647
91,0,0
52,1,1
247,2147483647,2147483647
108,0,0
388,1,1
277,2147483647,2147483647
302,0,0
465,1,1
317,2147483647,2147483647
370,0,0
144,1,1
80,2147483647,2147483647
28,0,0
11,1,1
387,2147483647,2147483647
32,0,0
23,1,1
39,2147483647,2147483647
144,0,0
246,1,1
226,2147483647,2147483647
49,0,0
370,1,1
482,2147483647,2147483647
240,0,0
236,1,1
188,2147483647,2147483647
43,0,0
495,1,1
288,2147483647,2147483647
43,0,0
81,1,1
40,2147483647,2147483647
18,0,0
96,1,1
365,2147483647,2147483647
359,0,0
192,1,1
106,2147483647,2147483647
203,0,0
378,1,1
59,2147483647,2147483647
83,0,0
222,1,1
473,2147483647,2147483647
203,0,0
34,1,1
51,2147483647,2147483647
484,0,0
292,1,1
500,2147483647,2147483647
232,0,0
211,1,1
207,2147483647,2147483647
52,0,0
399,1,1
336,2147483647,2147483647
90,0,0
458,1,1
470,2147483647,2147483647
304,0,0
215,1,1
139,2147483647,2147483647
350,0,0
107,1,1
93,2147483647,2147483647
332,0,0
464,1,1
191,2147483647,2147483647
470,0,0
90,1,1
453,2147483647,2147483647
181,0,0
200,1,1
200,2147483647,2147483647
182,0,0
256,1,1
487,2147483647,2147483647
382,0,0
227,1,1
22,2147483647,2147483647
76,0,0
48,1,1
401,2147483647,2147483647
257,0,0
15,1,1
382,2147483647,2147483647
374,0,0
370,1,1
235,2147483647,2147483647
327,0,0
366,1,1
441,2147483647,2147483647
87,0,0
400,1,1
216,2147483647,2147483647
256,0,0
485,1,1
392,2147483647,2147483647
282,0,0
95,1,1
226,2147483647,2147483647
79,0,0
442,1,1
479,2147483647,2147483647
285,0,0
478,1,1
136,2147483647,2147483647
87,0,0
362,1,1
281,2147483647,2147483647
50,0,0
79,1,1
270,2147483647,2147483647
74,0,0
498,1,1
482,2147483647,2147483647
267,0,0
152,1,1
233,2147483647,2147483647
227,0,0
126,1,1
141,2147483647,2147483647
148,0,0
54,1,1
495,2147483647,2147483647
68,0,0
236,1,1
37,2147483647,2147483647
84,0,0
464,1,1
215,2147483647,2147483647
269,0,0
331,1,1
469,2147483647,2147483647
203,0,0
372,1,1
275,2147483647,2147483647
222,0,0
25,1,1
149,2147483647,2147483647
59,0,0
462,1,1
390,2147483647,2147483647
382,0,0
254,1,1
134,2147483647,2147483647
153,0,0
286,1,1
375,2147483647,2147483647
93,0,0
472,1,1
468,2147483647,2147483647
24,0,0
172,1,1
438,2147483647,2147483647
271,0,0
114,1,1
16,2147483647,2147483647
406,0,0
478,1,1
381,2147483647,2147483647
93,0,0
152,1,1
161,2147483647,2147483647
105,0,0
134,1,1
497,2147483647,2147483647
48,0,0
184,1,1
66,2147483647,2147483647
94,0,0
99,1,1
119,2147483647,2147483647
484,0,0
130,1,1
161,2147483647,2147483647
364,0,0
105,1,1
447,2147483647,2147483647
264,0,0
349,1,1
66,2147483647,2147483647
446,0,0
254,1,1
77,2147483647,2147483647
397,0,0
327,1,1
38,2147483647,2147483647
43,0,0
45,1,1
498,2147483647,2147483647
348,0,0
186,1,1
375,2147483647,2147483647
85,0,0
157,1,1
59,2147483647,2147483647
418,0,0
161,1,1
153,2147483647,2147483647
349,0,0
230,1,1
174,2147483647,2147483647
66,0,0
312,1,1
302,2147483647,2147483647
356,0,0
356,1,1
11,2147483647,2147483647
161,0,0
240,1,1
347,2147483647,2147483647
47,0,0
438,1,1
303,2147483647,2147483647
387,0,0
298,1,1
270,2147483647,2147483647
472,0,0
95,1,1
4,2147483647,2147483647
365,0,0
57,1,1
494,2147483647,2147483647
430,0,0
258,1,1
2,2147483647,2147483647
449,0,0
429,1,1
102,2147483647,2147483647
37,0,0
471,1,1