order_id,product_id,unit_price,quantity,discount
11168,52,7,20,0
11168,55,24,10,0
11168,51,53,5,0.1
11168,44,19.45,12,0
11168,21,10,15,0
11419,52,7,30,0.05
11419,55,24,8,0
11419,51,53,6,0
11419,44,19.45,20,0.1
11419,21,10,25,0
11092,52,7,15,0
11092,55,24,12,0.15
11092,51,53,3,0
11092,44,19.45,10,0
11092,21,10,18,0.05
11191,52,7,40,0
11191,55,24,5,0
11191,51,53,8,0.05
11191,44,19.45,16,0
11191,21,10,30,0.1
11148,77,13,12,0
11148,75,7.75,20,0.05
11148,69,36,6,0
11148,9,97,2,0
11148,35,18,15,0.1
11333,77,13,24,0
11333,75,7.75,18,0
11333,69,36,10,0.1
11333,9,97,3,0.05
11333,35,18,20,0
11294,77,13,8,0.15
11294,75,7.75,30,0
11294,69,36,4,0
11294,9,97,1,0
11294,35,18,12,0
11159,77,13,16,0
11159,75,7.75,14,0.05
11159,69,36,12,0
11159,9,97,2,0.1
11159,35,18,25,0
11070,50,16.25,10,0
11070,29,123.79,2,0
11070,22,21,15,0.05
11070,24,4.5,30,0
11070,61,28.5,8,0
11036,50,16.25,20,0.1
11036,29,123.79,1,0
11036,22,21,8,0
11036,24,4.5,40,0
11036,61,28.5,12,0.05
11498,50,16.25,15,0
11498,29,123.79,3,0.1
11498,22,21,20,0
11498,24,4.5,25,0
11498,61,28.5,6,0
11200,50,16.25,25,0.05
11200,29,123.79,2,0
11200,22,21,12,0.1
11200,24,4.5,50,0
11200,61,28.5,10,0
11066,42,14,18,0
11066,6,25,10,0.05
11066,3,10,25,0
11066,63,43.9,4,0
11066,48,12.75,16,0.1
11374,42,14,30,0
11374,6,25,8,0
11374,3,10,20,0.05
11374,63,43.9,6,0
11374,48,12.75,24,0
11035,42,14,12,0.1
11035,6,25,15,0
11035,3,10,30,0
11035,63,43.9,3,0
11035,48,12.75,10,0
11227,42,14,22,0
11227,6,25,6,0.05
11227,3,10,18,0
11227,63,43.9,8,0.1
11227,48,12.75,20,0
11198,64,33.25,8,0
11198,36,19,20,0.05
11198,71,21.5,15,0
11198,38,263.5,1,0
11198,65,21.05,10,0.1
11111,64,33.25,12,0
11111,36,19,25,0
11111,71,21.5,8,0.05
11111,38,263.5,2,0
11111,65,21.05,18,0
11024,64,33.25,6,0.1
11024,36,19,14,0
11024,71,21.5,20,0
11024,38,263.5,1,0.05
11024,65,21.05,12,0
11274,64,33.25,10,0
11274,36,19,30,0.05
11274,71,21.5,12,0
11274,38,263.5,3,0.1
11274,65,21.05,16,0
11251,17,39,5,0
11251,60,34,10,0.05
11251,45,9.5,25,0
11251,39,18,15,0
11251,59,55,4,0.1
11161,17,39,8,0
11161,60,34,12,0
11161,45,9.5,30,0.05
11161,39,18,20,0
11161,59,55,6,0
11014,17,39,10,0.1
11014,60,34,6,0
11014,45,9.5,18,0
11014,39,18,25,0.05
11014,59,55,3,0
11218,17,39,4,0
11218,60,34,15,0.05
11218,45,9.5,35,0
11218,39,18,12,0
11218,59,55,8,0.1
11136,32,32,10,0
11136,57,19.5,15,0.05
11136,43,46,6,0
11136,26,31.23,8,0
11136,8,40,4,0.1
11149,32,32,14,0
11149,57,19.5,20,0
11149,43,46,10,0.05
11149,26,31.23,5,0
11149,8,40,6,0
11283,32,32,8,0.1
11283,57,19.5,12,0
11283,43,46,4,0
11283,26,31.23,10,0.05
11283,8,40,3,0
11015,32,32,16,0
11015,57,19.5,25,0.05
11015,43,46,8,0
11015,26,31.23,6,0
11015,8,40,5,0.1
11357,56,38,6,0
11357,33,2.5,40,0.05
11357,34,14,15,0
11357,14,23.25,10,0
11357,28,45.6,4,0.1
11196,56,38,10,0
11196,33,2.5,50,0
11196,34,14,20,0.05
11196,14,23.25,8,0
11196,28,45.6,6,0
11088,56,38,4,0.1
11088,33,2.5,30,0
11088,34,14,12,0
11088,14,23.25,15,0.05
11088,28,45.6,3,0
11207,56,38,8,0
11207,33,2.5,60,0.05
11207,34,14,18,0
11207,14,23.25,6,0
11207,28,45.6,5,0.1
11336,4,22,12,0
11336,5,21.35,10,0.05
11336,2,19,15,0
11336,23,9,25,0
11336,19,9.2,20,0.1
11278,4,22,18,0
11278,5,21.35,8,0
11278,2,19,20,0.05
11278,23,9,30,0
11278,19,9.2,12,0
11337,4,22,6,0.1
11337,5,21.35,15,0
11337,2,19,10,0
11337,23,9,40,0.05
11337,19,9.2,25,0
11276,4,22,14,0
11276,5,21.35,12,0.05
11276,2,19,18,0
11276,23,9,20,0
11276,19,9.2,16,0.1
11195,68,12.5,20,0
11195,46,12,15,0.05
11195,27,43.9,5,0
11195,25,14,18,0
11195,70,15,10,0.1
11338,68,12.5,30,0
11338,46,12,20,0
11338,27,43.9,8,0.05
11338,25,14,12,0
11338,70,15,15,0
11500,68,12.5,15,0.1
11500,46,12,25,0
11500,27,43.9,4,0
11500,25,14,20,0.05
11500,70,15,8,0
11138,68,12.5,25,0
11138,46,12,10,0.05
11138,27,43.9,6,0
11138,25,14,16,0
11138,70,15,12,0.1
11439,49,20,18,0
11439,75,7.75,25,0.1
11439,66,17,12,0
11439,3,10,20,0
11439,35,18,15,0.05
11339,49,20,10,0
11339,75,7.75,30,0
11339,66,17,8,0.1
11339,3,10,16,0
11339,35,18,12,0
11483,49,20,24,0.05
11483,75,7.75,20,0
11483,66,17,15,0
11483,3,10,25,0.1
11483,35,18,10,0
11373,49,20,12,0
11373,75,7.75,18,0.05
11373,66,17,20,0
11373,3,10,14,0
11373,35,18,22,0.1
11389,49,20,16,0
11389,75,7.75,35,0
11389,66,17,10,0.05
11389,3,10,18,0
11389,35,18,14,0
11198,49,20,30,0.1
11198,75,7.75,12,0
11198,66,17,18,0
11198,3,10,20,0.05
11198,35,18,8,0
11111,49,20,15,0
11111,75,7.75,22,0
11111,66,17,14,0.1
11111,3,10,30,0
11111,35,18,16,0.05
11437,49,20,20,0
11437,75,7.75,15,0.05
11437,66,17,25,0
11437,3,10,10,0
11437,35,18,18,0.1
11343,49,20,8,0
11343,75,7.75,28,0.1
11343,66,17,16,0
11343,3,10,22,0
11343,35,18,12,0.05
11340,49,20,14,0.05
11340,75,7.75,20,0
11340,66,17,12,0
11340,3,10,16,0.1
11340,35,18,25,0
11153,49,20,18,0
11153,75,7.75,10,0
11153,66,17,22,0.05
11153,3,10,24,0
11153,35,18,15,0.1
11106,49,20,25,0.1
11106,75,7.75,16,0
11106,66,17,8,0
11106,3,10,18,0.05
11106,35,18,20,0
11346,49,20,12,0
11346,75,7.75,24,0.05
11346,66,17,18,0
11346,3,10,15,0
11346,35,18,10,0.1
11273,49,20,22,0
11273,75,7.75,14,0
11273,66,17,20,0.1
11273,3,10,12,0
11273,35,18,18,0.05
11086,49,20,16,0.05
11086,75,7.75,30,0
11086,66,17,10,0
11086,3,10,25,0.1
11086,35,18,14,0
11008,49,20,10,0
11008,75,7.75,20,0.1
11008,66,17,15,0
11008,3,10,18,0.05
11008,35,18,22,0
11125,49,20,28,0
11125,75,7.75,12,0
11125,66,17,16,0.05
11125,3,10,20,0
11125,35,18,8,0.1
11024,49,20,18,0.1
11024,75,7.75,25,0
11024,66,17,12,0
11024,3,10,14,0.05
11024,35,18,20,0
11447,49,20,15,0
11447,75,7.75,18,0.05
11447,66,17,24,0
11447,3,10,10,0
11447,35,18,16,0.1
11316,49,20,20,0
11316,75,7.75,14,0
11316,66,17,18,0.1
11316,3,10,22,0
11316,35,18,12,0.05
11197,49,20,12,0.05
11197,75,7.75,26,0
11197,66,17,10,0
11197,3,10,16,0.1
11197,35,18,24,0
11315,49,20,24,0
11315,75,7.75,10,0.1
11315,66,17,20,0
11315,3,10,18,0.05
11315,35,18,14,0
11419,49,20,16,0
11419,75,7.75,22,0
11419,66,17,14,0.05
11419,3,10,25,0
11419,35,18,10,0.1
11120,49,20,18,0.1
11120,75,7.75,15,0
11120,66,17,22,0
11120,3,10,12,0.05
11120,35,18,20,0
11121,49,20,10,0
11121,75,7.75,28,0.05
11121,66,17,16,0
11121,3,10,20,0.1
11121,35,18,15,0
11053,49,20,25,0
11053,75,7.75,12,0
11053,66,17,18,0.1
11053,3,10,14,0
11053,35,18,22,0.05
11460,49,20,14,0.05
11460,75,7.75,20,0
11460,66,17,12,0
11460,3,10,24,0.1
11460,35,18,16,0
11146,49,20,20,0
11146,75,7.75,16,0.1
11146,66,17,25,0
11146,3,10,10,0.05
11146,35,18,18,0
11303,49,20,12,0
11303,75,7.75,24,0.05
11303,66,17,14,0
11303,3,10,20,0
11303,35,18,10,0.1
11070,49,20,22,0.1
11070,75,7.75,18,0
11070,66,17,10,0
11070,3,10,16,0.05
11070,35,18,25,0
11243,49,20,16,0
11243,75,7.75,30,0
11243,66,17,18,0.05
11243,3,10,12,0
11243,35,18,14,0.1
11375,49,20,24,0.05
11375,75,7.75,14,0
11375,66,17,20,0
11375,3,10,18,0.1
11375,35,18,12,0
11044,49,20,10,0
11044,75,7.75,22,0.1
11044,66,17,16,0
11044,3,10,25,0.05
11044,35,18,8,0
11239,49,20,18,0
11239,75,7.75,12,0
11239,66,17,24,0.1
11239,3,10,14,0
11239,35,18,20,0.05
11098,49,20,15,0.1
11098,75,7.75,26,0
11098,66,17,12,0
11098,3,10,20,0.05
11098,35,18,16,0
11066,49,20,20,0
11066,75,7.75,18,0.05
11066,66,17,15,0
11066,3,10,10,0.1
11066,35,18,22,0
11393,49,20,12,0
11393,75,7.75,20,0
11393,66,17,18,0.1
11393,3,10,24,0
11393,35,18,14,0.05
11026,49,20,25,0.05
11026,75,7.75,10,0
11026,66,17,14,0
11026,3,10,18,0.1
11026,35,18,20,0
11258,49,20,12,0
11258,75,7.75,20,0.1
11258,66,17,8,0
11258,3,10,15,0
11258,35,18,10,0.05
11072,49,20,18,0
11072,75,7.75,24,0
11072,66,17,10,0.1
11072,3,10,12,0
11072,35,18,16,0
11149,49,20,10,0.05
11149,75,7.75,30,0
11149,66,17,14,0
11149,3,10,20,0.1
11149,35,18,8,0
11336,49,20,16,0
11336,75,7.75,18,0.05
11336,66,17,12,0
11336,3,10,25,0
11336,35,18,10,0.1
11014,49,20,8,0
11014,75,7.75,16,0
11014,66,17,6,0.05
11014,3,10,18,0
11014,35,18,12,0
11289,49,20,22,0.1
11289,75,7.75,12,0
11289,66,17,18,0
11289,3,10,10,0.05
11289,35,18,20,0
11248,49,20,14,0
11248,75,7.75,28,0.1
11248,66,17,10,0
11248,3,10,16,0
11248,35,18,14,0.05
11262,49,20,20,0
11262,75,7.75,15,0
11262,66,17,16,0.1
11262,3,10,22,0
11262,35,18,6,0
11043,49,20,12,0.05
11043,75,7.75,20,0
11043,66,17,8,0
11043,3,10,14,0.1
11043,35,18,18,0
11278,49,20,24,0
11278,75,7.75,10,0
11278,66,17,12,0.05
11278,3,10,30,0
11278,35,18,9,0
11480,49,20,10,0
11480,75,7.75,22,0.1
11480,66,17,20,0
11480,3,10,12,0
11480,35,18,15,0.05
11218,49,20,18,0
11218,75,7.75,14,0.05
11218,66,17,10,0
11218,3,10,24,0
11218,35,18,12,0.1
11282,49,20,16,0.1
11282,75,7.75,26,0
11282,66,17,14,0
11282,3,10,8,0.05
11282,35,18,20,0
11116,49,20,8,0
11116,75,7.75,18,0
11116,66,17,6,0.1
11116,3,10,20,0
11116,35,18,16,0
11225,49,20,20,0.05
11225,75,7.75,12,0
11225,66,17,18,0
11225,3,10,15,0
11225,35,18,10,0.1
11449,49,20,14,0
11449,75,7.75,24,0.05
11449,66,17,10,0
11449,3,10,18,0.1
11449,35,18,14,0
11387,49,20,12,0
11387,75,7.75,16,0
11387,66,17,8,0.05
11387,3,10,26,0
11387,35,18,18,0
11259,49,20,22,0.1
11259,75,7.75,20,0
11259,66,17,16,0
11259,3,10,10,0
11259,35,18,12,0.05
11082,49,20,10,0
11082,75,7.75,30,0.1
11082,66,17,12,0
11082,3,10,16,0.05
11082,35,18,20,0
11187,49,20,18,0
11187,75,7.75,14,0
11187,66,17,20,0.1
11187,3,10,12,0
11187,35,18,8,0.05
11196,49,20,16,0.05
11196,75,7.75,22,0
11196,66,17,10,0
11196,3,10,20,0.1
11196,35,18,14,0
11403,49,20,24,0
11403,75,7.75,18,0.05
11403,66,17,14,0
11403,3,10,8,0
11403,35,18,16,0.1
