id,author_id,created,title,body,_violation
1,999999999,2025-03-16 00:01:36,Pulse ember signal,Alpha delta willow vertex flux alpha orbit vertex pulse vector.,author_id: dangling FK (999999999)
2,,2024-11-06 05:33:13,Pillow delta willow,Zenith alpha vertex flux flux matrix harbor matrix.,author_id: NULL in NOT NULL column
3,1,,Bmber matrix orbit,Vertex signal signal signal cascade vertex cascade zenith.,created: NULL in NOT NULL column
4,5,2024-11-26 03:03:04,,Beacon vertex summit cascade orbit summit pulse ember willow nova.,title: NULL in NOT NULL column
5,5,2025-02-10 23:10:34,XXXXXXXXXXXXXXXXXXXXXXXXXXXXXXXXXXXXXXXXXXXXXXXXXXXXXXXXXXXXXXXXXXXXXXXXXXXXXXXXXXXXXXXXXXXXXXXXXXXXXXXXXXXXXXXXXXXXXXXXXXXXXXXXXX,Prism summit orbit zenith willow signal meridian beacon zenith ember.,title: exceeds max length 120
6,1,2024-11-19 13:12:10,Srism vector cascade,,body: NULL in NOT NULL column
7,999999999,2024-12-11 15:16:17,Zulse signal prism,Harbor beacon prism vector quartz nova beacon.,author_id: dangling FK (999999999)
8,,2024-11-03 01:17:14,Sarbor beacon cascade,Harbor delta pulse alpha summit summit orbit.,author_id: NULL in NOT NULL column
9,1,,Aatrix meridian flux,Pulse pulse flux orbit quartz zenith zenith signal quartz prism beacon prism.,created: NULL in NOT NULL column
10,1,2025-02-19 15:30:36,,Prism signal matrix pulse signal prism nova prism.,title: NULL in NOT NULL column
11,1,2025-02-13 15:02:25,XXXXXXXXXXXXXXXXXXXXXXXXXXXXXXXXXXXXXXXXXXXXXXXXXXXXXXXXXXXXXXXXXXXXXXXXXXXXXXXXXXXXXXXXXXXXXXXXXXXXXXXXXXXXXXXXXXXXXXXXXXXXXXXXXX,Willow zenith pulse beacon ember willow beacon delta nova harbor willow matrix.,title: exceeds max length 120
12,1,2025-02-07 20:53:59,Melta beacon willow,,body: NULL in NOT NULL column
13,999999999,2025-01-03 17:35:26,Zeacon signal prism,Harbor prism willow pulse quartz alpha vertex harbor summit meridian beacon delta.,author_id: dangling FK (999999999)
14,,2024-11-27 13:05:27,Oova alpha orbit,Flux summit vector vector pulse signal ember zenith delta.,author_id: NULL in NOT NULL column
15,1,,Prism nova ember,Ember ember harbor zenith nova alpha nova.,created: NULL in NOT NULL column
16,5,2024-11-13 20:20:18,,Vertex quartz matrix summit flux vertex meridian vector signal vector ember.,title: NULL in NOT NULL column
17,3,2025-02-04 12:15:11,XXXXXXXXXXXXXXXXXXXXXXXXXXXXXXXXXXXXXXXXXXXXXXXXXXXXXXXXXXXXXXXXXXXXXXXXXXXXXXXXXXXXXXXXXXXXXXXXXXXXXXXXXXXXXXXXXXXXXXXXXXXXXXXXXX,Signal signal flux meridian alpha quartz prism.,title: exceeds max length 120
18,1,2025-03-31 18:39:42,Eatrix cascade meridian,,body: NULL in NOT NULL column
19,999999999,2025-03-16 19:35:10,Eignal flux ember,Meridian vector prism harbor signal beacon quartz beacon prism beacon zenith prism.,author_id: dangling FK (999999999)
20,,2025-04-01 10:30:37,Heacon signal pulse,Meridian delta orbit harbor vector summit summit pulse.,author_id: NULL in NOT NULL column