emp_no,title,from_date,to_date
31,title_1,2025-06-20,2026-03-04
195,title_2,2025-03-09,2025-06-02
138,title_3,2025-11-25,2025-05-02
49,title_4,2025-03-22,2025-12-29
87,title_5,2026-02-26,2025-12-17
90,title_6,2025-07-19,2026-05-10
69,title_7,2025-02-04,2025-10-16
133,title_8,2025-08-22,2025-08-02
102,title_9,2025-03-28,2026-01-24
166,title_10,2026-05-13,2026-03-21
70,title_11,2025-08-19,2025-08-29
137,title_12,2025-05-23,2025-02-02
7,title_13,2026-05-21,2025-04-09
6,title_14,2026-02-14,2025-03-17
169,title_15,2026-01-26,2025-05-05
19,title_16,2025-04-17,2025-07-30
144,title_17,2026-04-30,2026-06-09
138,title_18,2025-07-04,2026-02-20
62,title_19,2025-12-16,2025-09-21
105,title_20,2025-12-26,2025-06-28
38,title_21,2025-11-24,2026-01-04
126,title_22,2026-01-11,2025-08-09
4,title_23,2025-02-17,2025-08-26
50,title_24,2026-02-21,2026-03-28
112,title_25,2025-05-01,2025-10-22
183,title_26,2025-10-04,2026-03-26
45,title_27,2026-06-05,2025-11-30
197,title_28,2026-04-19,2025-11-17
43,title_29,2025-04-29,2026-06-25
110,title_30,2025-03-18,2025-08-10
107,title_31,2025-10-06,2025-12-13
52,title_32,2025-04-15,2025-05-24
3,title_33,2025-03-02,2025-09-06
51,title_34,2026-04-14,2026-04-27
117,title_35,2025-11-02,2025-08-24
60,title_36,2025-05-03,2025-08-05
31,title_37,2026-06-07,2026-03-11
102,title_38,2025-10-25,2025-01-14
51,title_39,2025-05-01,2025-02-26
63,title_40,2026-03-20,2026-01-18
5,title_41,2025-03-17,2026-02-11
35,title_42,2025-08-17,2025-03-03
13,title_43,2025-11-15,2026-04-01
86,title_44,2025-09-03,2026-02-27
25,title_45,2025-12-11,2025-02-06
149,title_46,2026-02-22,2026-01-19
132,title_47,2026-04-16,2025-07-26
40,title_48,2026-04-26,2025-12-18
98,title_49,2026-01-01,2025-09-03
7,title_50,2026-06-23,2026-01-10
184,title_51,2025-11-14,2026-04-11
195,title_52,2025-02-17,2025-05-26
195,title_53,2025-06-07,2025-12-25
187,title_54,2026-01-21,2026-06-29
104,title_55,2025-06-19,2026-04-11
97,title_56,2025-10-02,2026-01-25
101,title_57,2025-03-18,2026-05-11
42,title_58,2026-02-16,2025-05-01
23,title_59,2025-05-04,2025-04-15
141,title_60,2025-07-24,2026-04-08
166,title_61,2025-08-08,2025-03-26
109,title_62,2025-12-22,2025-11-16
58,title_63,2026-01-12,2025-07-13
148,title_64,2025-03-03,2025-04-26
70,title_65,2026-05-17,2026-03-16
108,title_66,2025-05-22,2026-03-22
154,title_67,2026-02-13,2025-07-30
99,title_68,2026-02-10,2026-02-22
125,title_69,2025-07-09,2025-02-18
16,title_70,2025-08-30,2026-03-22
66,title_71,2025-02-02,2026-05-29
196,title_72,2025-09-30,2026-05-20
42,title_73,2026-05-13,2025-01-28
3,title_74,2025-09-21,2026-03-16
64,title_75,2026-05-08,2025-12-21
107,title_76,2026-06-04,2025-12-07
108,title_77,2025-02-25,2025-08-15
90,title_78,2026-01-19,2025-03-30
130,title_79,2025-01-27,2026-04-07
101,title_80,2025-08-11,2025-05-08
106,title_81,2025-09-29,2025-01-07
178,title_82,2025-03-06,2026-01-20
105,title_83,2026-06-21,2025-01-31
190,title_84,2025-02-18,2026-02-14
84,title_85,2025-09-13,2025-05-26
8,title_86,2026-02-21,2026-02-18
192,title_87,2025-10-03,2025-01-31
124,title_88,2025-03-09,2025-05-28
93,title_89,2025-01-23,2025-09-02
191,title_90,2025-02-01,2025-06-04
188,title_91,2025-04-15,2025-01-08
80,title_92,2025-11-22,2026-01-11
170,title_93,2025-10-27,2025-03-11
171,title_94,2026-05-02,2026-06-28
107,title_95,2025-05-07,2025-12-20
195,title_96,2026-05-20,2025-08-11
157,title_97,2026-05-25,2025-05-28
23,title_98,2026-06-19,2025-11-30
20,title_99,2026-03-12,2025-01-11
50,title_100,2025-06-23,2025-03-23
63,title_101,2026-03-16,2025-04-12
171,title_102,2026-01-28,2025-11-26
46,title_103,2025-10-01,2026-03-06
180,title_104,2025-12-15,2025-06-05
63,title_105,2026-06-12,2025-07-07
35,title_106,2026-02-12,2025-06-14
74,title_107,2026-06-26,2025-11-07
173,title_108,2026-03-11,2026-03-09
20,title_109,2025-01-22,2025-04-02
139,title_110,2026-04-18,2025-06-06
7,title_111,2026-03-29,2025-06-15
68,title_112,2025-10-09,2026-01-11
52,title_113,2025-11-18,2026-01-01
160,title_114,2025-10-04,2025-05-23
171,title_115,2025-01-08,2025-03-06
158,title_116,2025-07-20,2025-08-27
151,title_117,2026-03-25,2025-09-12
124,title_118,2025-08-07,2025-05-18
31,title_119,2026-06-18,2025-01-12
16,title_120,2026-06-20,2025-05-14
39,title_121,2025-05-01,2026-02-07
33,title_122,2025-10-08,2025-05-01
166,title_123,2026-06-15,2025-11-09
177,title_124,2025-12-27,2025-08-12
198,title_125,2026-03-31,2025-04-17
87,title_126,2026-01-23,2026-04-22
93,title_127,2025-06-26,2025-02-26
106,title_128,2026-04-02,2026-01-21
91,title_129,2025-12-01,2025-09-02
56,title_130,2025-10-08,2025-07-31
171,title_131,2025-03-09,2025-05-04
49,title_132,2026-04-08,2026-04-04
135,title_133,2026-03-14,2025-07-20
122,title_134,2025-03-19,2025-07-14
115,title_135,2025-05-26,2025-06-28
163,title_136,2025-01-28,2026-04-08
100,title_137,2025-08-30,2026-03-20
188,title_138,2026-03-19,2025-12-17
76,title_139,2025-03-01,2025-08-17
30,title_140,2025-08-29,2025-06-05
147,title_141,2026-06-17,2025-01-17
198,title_142,2026-06-06,2025-05-10
89,title_143,2025-09-18,2025-05-12
175,title_144,2026-06-21,2025-10-10
20,title_145,2025-06-11,2026-06-17
94,title_146,2026-06-01,2026-01-17
35,title_147,2025-12-26,2025-05-20
53,title_148,2025-09-12,2025-01-25
38,title_149,2026-06-07,2026-03-13
103,title_150,2026-06-10,2026-06-20
56,title_151,2026-02-25,2026-01-14
184,title_152,2025-07-01,2025-05-18
145,title_153,2025-06-09,2025-08-05
87,title_154,2025-03-13,2025-11-01
104,title_155,2025-09-25,2025-08-02
150,title_156,2025-10-30,2025-11-23
75,title_157,2026-02-03,2026-04-27
181,title_158,2025-07-18,2026-06-11
69,title_159,2025-07-27,2025-09-30
10,title_160,2026-04-13,2025-11-09
25,title_161,2025-07-04,2025-07-24
124,title_162,2025-07-02,2026-03-13
136,title_163,2025-04-08,2026-04-13
42,title_164,2025-09-03,2026-01-10
77,title_165,2025-06-04,2026-01-22
49,title_166,2025-03-05,2025-10-06
70,title_167,2025-08-13,2026-04-20
51,title_168,2026-03-11,2025-09-29
28,title_169,2026-01-15,2025-03-06
150,title_170,2025-09-25,2025-05-10
111,title_171,2025-06-08,2025-08-15
146,title_172,2025-07-15,2025-02-03
142,title_173,2025-11-30,2026-04-17
17,title_174,2025-01-17,2026-04-17
183,title_175,2026-04-20,2026-02-03
134,title_176,2025-09-04,2026-03-01
13,title_177,2025-07-18,2026-03-31
37,title_178,2025-02-22,2025-09-11
174,title_179,2025-09-03,2025-11-22
10,title_180,2025-01-05,2026-03-09
57,title_181,2026-04-30,2025-01-03
46,title_182,2025-07-16,2026-06-10
7,title_183,2026-04-13,2025-09-12
85,title_184,2026-05-01,2025-06-26
68,title_185,2026-04-14,2025-01-15
136,title_186,2026-02-15,2026-03-05
113,title_187,2025-01-03,2025-02-07
16,title_188,2026-02-20,2025-01-04
144,title_189,2026-02-19,2025-11-18
110,title_190,2026-04-09,2025-07-14
147,title_191,2026-06-10,2025-09-29
113,title_192,2026-04-26,2026-04-29
18,title_193,2025-06-22,2025-02-13
157,title_194,2025-05-21,2026-03-05
195,title_195,2025-09-29,2025-09-17
100,title_196,2025-02-11,2025-02-05
55,title_197,2026-04-15,2025-12-06
127,title_198,2025-12-28,2025-02-12
195,title_199,2025-04-29,2025-07-07
194,title_200,2025-09-14,2025-03-20