employee_id,last_name,first_name,title,title_of_courtesy,birth_date,hire_date,address,city,region,postal_code,country,home_phone,extension,photo,notes,reports_to,photo_path
1,Brandon Nunez,Angela Vel,Phased foreground help-desk,Extended object-oriented ,2024-03-29,2025-12-06,3334 Jermaine Village,Port Christine,Single build ba,87457,Lithuania,+1-408-607-5957x947,info,,Seek campaign moment institution vote allow girl.,8,Lead build million.
2,Adam Craig,Brian Ward,,,2026-04-12,2024-04-03,47955 Victor Fords Suite 556,Shannonshire,Without rather ,,Saint Helena,938-466-3227x026,walk,,Military result size feel no nothing huge real art sport live.,1,Benefit seat employee growth newspaper.
3,Hailey Jenkins,Michael Ja,,Re-engineered object-orie,2025-08-22,2024-03-20,5877 Patrick Heights Suite 225,Welchshire,Support author ,42034,Palau,249-464-7598x7622,shou,,Product wait red bag cold billion as.,4,Nature ago however share.
4,Dennis Moore,Stacey Par,Fully-configurable user-facing,Organic responsive capaci,,2024-02-01,05577 Dunn Dale,New Carla,See theory itse,46005,Liberia,+1-631-274-5642,a,,Spring summer gas light across two water local across involve.,5,Others someone nature.
5,Stephen Kim,Miguel Bre,Multi-tiered directional firmw,Configurable interactive ,2024-05-30,2025-12-26,8463 Ian Highway Apt. 797,Jackiefort,Fly charge wide,03401,Colombia,244-927-0312,dire,,Inside size marriage he recent all bag seek.,1,Argue simply author.
6,Corey Skinner,Sandra Mar,Visionary transitional encrypt,Networked zero administra,2024-06-07,2026-09-05,1837 Maldonado Inlet,Ericton,Minute educatio,87886,Cuba,836-550-2491,act,,Ok real read choice side.,2,Citizen before peace.
7,Yolanda Garrett,Matthew Mi,Customer-focused clear-thinkin,Focused foreground open a,2026-01-22,2025-12-18,306 Ramsey Glen Apt. 778,,My majority not,71754,Guernsey,974-298-2182x74485,stan,,Here control affect task simply draw return probably much.,5,Couple raise she child.
8,Jason Morris,Matthew Wi,De-engineered context-sensitiv,Exclusive bi-directional ,2024-04-08,2023-10-15,789 Williams Forges Apt. 037,South Laurieton,Newspaper voice,93356,Azerbaijan,+1-848-501-4138x113,data,,Prevent now way next newspaper second short office purpose reflect.,9,Third coach Congress husband.
9,Christopher Murillo,Harold Edw,Inverse holistic installation,,2025-12-26,2024-12-25,398 Nicholas Plaza Suite 577,Smithton,Other military ,40063,Albania,233-950-4888x9921,hear,,Catch happen old do specific begin.,9,Notice design baby foot.
