state_id,state_name,state_abbr,state_region
1,Steven Salazar,MO,OK
2,Leah Mullins,,IA
3,Theresa Green,OR,NV
4,,LA,IN
5,Debra Ortiz,AK,NC
6,Sara Lyons,GA,FL
7,Kevin Mason,DC,PA
8,Misty Robinson,OK,TN
9,Maria Khan,OR,PR
10,,KY,
11,Christopher Coffey,MH,WV
12,Betty Vazquez,DE,VI
13,Andrew Murphy,MH,PR
14,Cheryl Mccoy,WY,MT
15,,MN,MA
16,Kevin Villarreal,DC,AZ
17,Andrew Ramirez,NE,PR
18,Timothy Hernandez,RI,IN
19,Samantha Thomas,WA,VI
20,Chad Wilson,VA,VI
21,Scott Lin,NC,VT
22,Cheryl Aguilar,SC,TX
23,Tracey Peters,NE,AS
24,Kenneth Robinson,CA,
25,Isaac Evans,KS,
26,Jennifer Walker,,CA
27,Joshua Watson,,FM
28,Steve Lee,MT,
29,Michael Taylor,PR,IA
30,Jim White,MT,IL
31,Alicia Hall,NV,VT
32,Kathy Steele,AS,TN
33,Roberto Guerra,AZ,OH
34,Virginia Curtis,VT,VT
35,Laura Ramirez,WV,OR
36,Brittany Ballard,CO,SD
37,Katherine Small,CA,NH
38,Wyatt Turner,,MP
39,Christopher Herrera,WY,MP
40,Anthony Martin,OH,
41,,RI,KY
42,George West,MA,VA
43,Tammy Moore,ID,DC
44,Brittany Mcguire,AL,DC
45,Gary Berry,CT,IL
46,,IL,FM
47,Alex Gonzalez,MT,NH
48,Nicholas Martinez,MH,NE
49,Holly Cabrera,NV,PR
50,Ricardo Lynch,MI,WV
51,Danielle Goodman,HI,KY
