purchase_line_id,purchase_id,item_id,qty,purchase_date
1,182,325,1,2025-12-13
2,233,123,4,2025-01-02
3,292,30,2,2025-12-19
4,93,274,3,2025-08-05
5,411,487,2,2025-12-07
6,154,425,1,2025-06-16
7,86,377,3,2025-03-18
8,185,193,4,2025-03-09
9,411,105,1,2025-10-09
10,482,169,2,2025-08-17
11,227,215,5,2025-05-03
12,500,5,4,2025-05-24
13,168,210,4,2025-03-23
14,125,342,5,2025-08-27
15,73,160,3,2025-02-02
16,467,179,1,2025-12-02
17,217,323,1,2025-03-25
18,73,130,3,2025-01-30
19,138,173,5,2025-09-14
20,192,31,5,2025-07-08
21,194,268,5,2025-09-02
22,460,64,2,2025-04-07
23,472,108,3,2025-01-14
24,19,281,1,2025-08-27
25,479,474,3,2025-02-25
26,232,500,3,2025-04-01
27,350,373,2,2025-04-24
28,96,353,3,2025-08-07
29,401,429,5,2025-05-22
30,224,118,1,2025-11-28
31,119,42,4,2025-06-29
32,437,488,5,2025-12-07
33,88,415,5,2025-08-03
34,63,112,4,2025-09-09
35,48,283,2,2025-05-11
36,424,242,3,2025-04-26
37,436,201,3,2025-03-24
38,187,72,3,2025-10-04
39,274,389,1,2025-01-31
40,338,337,1,2025-04-02
41,61,34,1,2025-01-25
42,69,60,4,2025-10-10
43,148,129,4,2025-05-15
44,387,330,1,2025-05-08
45,51,110,4,2025-09-14
46,171,332,3,2025-03-11
47,385,7,1,2025-12-21
48,225,99,1,2025-04-26
49,88,403,3,2025-11-02
50,243,76,2,2025-12-11
51,410,183,3,2025-07-08
52,73,195,5,2025-07-26
53,330,249,5,2025-07-20
54,41,205,3,2025-04-20
55,390,401,3,2025-02-27
56,96,175,2,2025-02-13
57,204,498,5,2025-07-16
58,453,10,2,2025-01-13
59,47,341,2,2025-10-27
60,468,280,2,2025-10-17
61,233,394,5,2025-10-28
62,196,235,4,2025-10-14
63,376,289,5,2025-12-14
64,320,191,2,2025-01-11
65,88,436,5,2025-04-14
66,49,441,1,2025-05-10
67,463,195,1,2025-06-20
68,13,274,3,2025-02-02
69,106,190,3,2025-12-09
70,184,362,3,2025-02-24
71,461,101,3,2025-01-05
72,371,123,5,2025-01-10
73,4,485,3,2025-12-31
74,465,24,3,2025-10-10
75,280,429,3,2025-10-01
76,69,431,2,2025-01-22
77,437,99,2,2025-06-06
78,252,346,4,2025-12-28
79,376,482,3,2025-02-05
80,374,449,1,2025-03-25
81,38,57,2,2025-07-08
82,263,144,3,2025-09-07
83,467,194,5,2025-02-06
84,195,273,5,2025-09-09
85,428,423,4,2025-08-11
86,257,442,2,2025-06-13
87,473,399,2,2025-02-14
88,290,402,2,2025-05-25
89,468,447,3,2025-06-13
90,79,337,4,2025-05-15
91,144,313,1,2025-05-25
92,191,194,5,2025-06-05
93,395,474,2,2025-03-25
94,294,93,3,2025-12-02
95,233,311,1,2025-03-11
96,53,49,3,2025-03-24
97,391,184,5,2025-10-21
98,495,371,3,2025-04-29
99,1,139,5,2025-03-31
100,347,40,1,2025-05-11
101,31,381,2,2025-01-25
102,417,410,2,2025-06-18
103,96,219,1,2025-07-05
104,121,130,4,2025-07-22
105,218,121,1,2025-11-28
106,71,3,4,2025-02-23
107,70,58,2,2025-09-14
108,358,448,4,2025-10-28
109,284,41,1,2025-07-12
110,305,498,1,2025-08-05
111,451,297,4,2025-05-11
112,446,431,5,2025-11-19
113,284,110,4,2025-07-16
114,34,44,4,2025-01-21
115,330,399,2,2025-08-16
116,341,208,2,2025-04-29
117,154,203,4,2025-01-31
118,127,125,3,2025-10-14
119,101,290,3,2025-06-06
120,50,94,4,2025-07-26
121,307,382,5,2025-06-25
122,295,402,2,2025-06-16
123,155,343,1,2025-09-02
124,161,425,1,2025-10-11
125,74,21,4,2025-09-24
126,121,411,5,2025-09-09
127,332,270,4,2025-12-24
128,233,82,1,2025-08-10
129,430,464,5,2025-10-23
130,121,77,1,2025-09-25
131,370,308,5,2025-01-03
132,83,487,4,2025-06-11
133,372,338,5,2025-09-20
134,53,295,1,2025-04-07
135,335,500,1,2025-01-14
136,167,164,2,2025-04-23
137,220,368,2,2025-08-31
138,341,374,5,2025-10-24
139,97,422,1,2025-02-01
140,180,492,5,2025-02-23
141,281,14,2,2025-02-24
142,133,65,4,2025-05-26
143,408,472,1,2025-04-14
144,321,127,3,2025-02-02
145,267,24,3,2025-11-11
146,481,136,1,2025-10-18
147,92,290,4,2025-04-23
148,414,96,2,2025-03-29
149,466,30,2,2025-12-24
150,111,255,4,2025-02-20
151,331,243,5,2025-04-23
152,75,243,3,2025-09-27
153,5,444,3,2025-07-25
154,471,409,5,2025-08-03
155,412,417,2,2025-10-04
156,320,174,5,2025-08-11
157,384,367,1,2025-04-30
158,347,342,5,2025-04-26
159,298,398,3,2025-10-29
160,337,53,1,2025-08-06
161,65,221,2,2025-08-17
162,196,133,1,2025-05-18
163,284,181,4,2025-05-10
164,294,160,3,2025-07-22
165,407,29,3,2025-04-04
166,101,303,4,2025-11-12
167,146,361,5,2025-10-21
168,329,54,3,2025-07-25
169,119,16,4,2025-09-06
170,70,40,3,2025-11-07
171,366,32,2,2025-02-05
172,477,411,3,2025-06-06
173,43,183,2,2025-02-02
174,57,455,2,2025-05-11
175,352,364,4,2025-03-01
176,59,37,2,2025-08-22
177,231,298,4,2025-05-16
178,113,381,3,2025-07-24
179,129,140,2,2025-06-20
180,251,468,5,2025-11-11
181,373,61,2,2025-06-28
182,127,442,1,2025-12-19
183,118,302,3,2025-04-04
184,226,238,4,2025-12-23
185,82,33,2,2025-08-03
186,456,394,5,2025-07-08
187,481,8,5,2025-12-02
188,307,295,3,2025-12-07
189,61,495,2,2025-06-26
190,185,219,2,2025-06-14
191,71,107,3,2025-06-26
192,334,228,3,2025-06-30
193,152,455,1,2025-04-24
194,254,69,5,2025-10-11
195,48,315,5,2025-03-30
196,12,361,3,2025-07-02
197,355,369,2,2025-08-12
198,403,148,2,2025-04-24
199,233,328,1,2025-12-19
200,431,205,2,2025-01-13
201,342,130,5,2025-08-30
202,200,398,3,2025-09-14
203,343,66,1,2025-07-16
204,306,389,2,2025-12-11
205,440,9,3,2025-11-17
206,393,305,1,2025-07-08
207,474,29,2,2025-03-23
208,262,267,5,2025-12-07
209,23,481,3,2025-05-08
210,349,42,4,2025-05-14
211,486,468,1,2025-02-06
212,255,290,5,2025-03-23
213,11,350,4,2025-11-04
214,441,132,1,2025-03-30
215,497,53,5,2025-08-29
216,213,355,2,2025-03-01
217,353,210,1,2025-08-12
218,340,245,4,2025-03-30
219,479,16,1,2025-11-23
220,219,91,3,2025-11-25
221,128,32,4,2025-08-02
222,263,15,1,2025-02-24
223,84,373,2,2025-10-25
224,270,218,1,2025-04-28
225,461,387,2,2025-10-17
226,285,196,1,2025-08-04
227,292,225,1,2025-08-26
228,294,195,2,2025-03-18
229,132,352,1,2025-05-10
230,218,487,2,2025-08-10
231,147,50,3,2025-05-06
232,9,493,3,2025-03-04
233,67,230,3,2025-06-03
234,190,270,5,2025-07-17
235,384,434,3,2025-11-12
236,337,67,1,2025-04-05
237,358,93,2,2025-09-24
238,160,97,5,2025-02-19
239,305,485,3,2025-06-28
240,66,363,5,2025-04-20
241,80,393,5,2025-11-16
242,36,313,5,2025-08-16
243,357,295,5,2025-04-20
244,110,10,4,2025-04-20
245,14,389,2,2025-07-16
246,101,83,3,2025-08-21
247,30,197,4,2025-04-07
248,68,149,4,2025-10-28
249,29,425,3,2025-12-18
250,34,436,3,2025-04-23
251,427,450,3,2025-09-12
252,478,460,1,2025-05-10
253,131,289,4,2025-06-10
254,154,90,1,2025-08-26
255,481,283,2,2025-05-18
256,160,30,1,2025-02-27
257,383,440,1,2025-10-04
258,193,165,4,2025-01-21
259,470,223,2,2025-09-12
260,33,198,4,2025-07-12
261,32,91,4,2025-12-13
262,262,75,4,2025-04-29
263,150,269,3,2025-10-21
264,372,226,5,2025-10-25
265,392,261,5,2025-02-27
266,28,254,1,2025-07-29
267,6,172,2,2025-12-02
268,72,437,4,2025-11-03
269,321,191,4,2025-03-06
270,72,466,1,2025-04-19
271,488,405,4,2025-11-22
272,353,168,3,2025-10-20
273,496,134,5,2025-03-30
274,228,289,1,2025-04-30
275,348,447,4,2025-03-13
276,238,499,2,2025-02-25
277,133,87,1,2025-07-16
278,131,300,5,2025-11-30
279,34,493,5,2025-10-17
280,93,293,5,2025-02-25
281,238,317,5,2025-04-29
282,434,54,1,2025-02-27
283,164,26,1,2025-11-28
284,283,186,1,2025-07-25
285,500,12,5,2025-03-30
286,174,486,2,2025-01-17
287,473,31,5,2025-01-21
288,426,271,1,2025-10-19
289,207,253,4,2025-06-19
290,255,271,5,2025-05-11
291,325,411,5,2025-03-23
292,42,377,4,2025-12-04
293,32,420,2,2025-09-20
294,370,134,3,2025-10-13
295,272,377,1,2025-12-27
296,3,97,4,2025-03-31
297,189,89,2,2025-08-26
298,159,490,4,2025-05-29
299,246,460,4,2025-03-19
300,270,315,1,2025-09-16
301,338,253,4,2025-08-16
302,322,498,1,2025-03-20
303,339,156,5,2025-11-11
304,100,301,3,2025-04-24
305,350,155,4,2025-10-10
306,408,49,1,2025-08-04
307,169,75,3,2025-10-02
308,182,185,1,2025-08-30
309,499,309,4,2025-05-25
310,84,99,1,2025-01-22
311,213,323,2,2025-12-23
312,1,150,3,2025-05-11
313,485,151,5,2025-11-09
314,59,42,2,2025-10-01
315,115,54,4,2025-09-12
316,296,148,2,2025-07-25
317,397,96,2,2025-01-28
318,41,62,5,2025-07-28
319,398,201,5,2025-03-06
320,102,445,2,2025-03-09
321,423,66,1,2025-04-20
322,347,106,5,2025-09-07
323,448,338,3,2025-01-06
324,300,408,5,2025-02-15
325,25,10,2,2025-08-16
326,36,249,4,2025-09-10
327,444,454,3,2025-08-30
328,189,464,1,2025-10-02
329,30,118,1,2025-05-08
330,462,85,1,2025-01-21
331,251,285,4,2025-11-02
332,246,367,3,2025-10-28
333,426,89,5,2025-10-13
334,127,353,5,2025-01-08
335,487,76,5,2025-05-15
336,238,493,3,2025-04-20
337,421,468,3,2025-10-11
338,419,191,1,2025-01-21
339,404,102,1,2025-01-30
340,109,69,4,2025-01-21
341,130,213,2,2025-05-18
342,436,330,5,2025-07-15
343,244,444,5,2025-10-17
344,180,120,3,2025-03-11
345,191,143,4,2025-09-12
346,320,474,1,2025-11-12
347,285,275,3,2025-11-19
348,188,73,3,2025-10-24
349,340,128,5,2025-08-26
350,33,131,2,2025-12-23
351,83,23,5,2025-11-12
352,48,5,3,2025-09-01
353,254,3,5,2025-12-18
354,201,246,1,2025-03-20
355,434,97,4,2025-06-16
356,98,61,4,2025-09-02
357,404,72,1,2025-04-01
358,277,7,5,2025-10-04
359,418,363,5,2025-11-10
360,442,174,3,2025-11-03
361,488,7,2,2025-01-06
362,111,496,2,2025-07-23
363,300,45,2,2025-01-05
364,191,339,3,2025-02-01
365,421,209,3,2025-03-21
366,124,163,5,2025-10-11
367,244,259,4,2025-08-29
368,211,130,5,2025-09-11
369,312,499,4,2025-10-10
370,496,235,1,2025-03-01
371,189,61,1,2025-01-11
372,11,270,2,2025-10-31
373,436,144,3,2025-06-16
374,21,345,4,2025-12-02
375,113,290,3,2025-02-27
376,125,372,2,2025-06-25
377,474,283,5,2025-05-14
378,171,238,4,2025-02-27
379,365,457,1,2025-11-02
380,242,398,1,2025-10-05
381,382,322,1,2025-07-24
382,214,367,2,2025-06-18
383,466,221,3,2025-03-30
384,166,192,3,2025-08-13
385,496,135,5,2025-06-16
386,173,339,1,2025-05-18
387,332,304,2,2025-10-12
388,239,6,4,2025-05-06
389,78,335,4,2025-07-06
390,360,313,4,2025-01-03
391,452,441,5,2025-08-27
392,301,87,1,2025-05-11
393,178,188,1,2025-03-18
394,278,141,1,2025-05-11
395,208,305,2,2025-03-18
396,78,272,2,2025-04-08
397,346,450,2,2025-04-22
398,21,476,1,2025-02-24
399,347,288,3,2025-04-15
400,7,438,4,2025-05-21
401,243,156,3,2025-03-18
402,45,243,2,2025-11-28
403,104,479,4,2025-05-24
404,275,136,3,2025-12-08
405,248,473,5,2025-08-27
406,432,233,1,2025-06-18
407,264,5,5,2025-04-17
408,65,435,2,2025-09-12
409,302,190,2,2025-03-15
410,67,476,5,2025-11-10
411,320,344,4,2025-08-02
412,378,292,1,2025-11-07
413,324,242,4,2025-07-15
414,115,349,5,2025-07-06
415,388,253,1,2025-04-29
416,272,479,5,2025-04-05
417,262,185,4,2025-02-24
418,425,160,5,2025-04-29
419,289,85,3,2025-09-01
420,23,441,1,2025-08-11
421,392,123,1,2025-09-25
422,177,246,5,2025-07-22
423,8,471,5,2025-06-22
424,285,224,4,2025-09-12
425,235,182,1,2025-05-16
426,30,461,3,2025-06-16
427,54,497,3,2025-06-08
428,166,182,5,2025-06-14
429,323,29,5,2025-07-13
430,434,181,3,2025-05-26
431,76,460,2,2025-04-02
432,170,359,5,2025-02-27
433,368,28,1,2025-06-11
434,374,417,2,2025-10-27
435,355,481,5,2025-12-23
436,44,60,4,2025-04-20
437,295,104,4,2025-09-18
438,94,325,2,2025-03-03
439,301,169,5,2025-11-28
440,242,2,1,2025-02-22
441,333,455,1,2025-06-11
442,444,338,2,2025-04-19
443,245,152,3,2025-12-09
444,60,199,3,2025-03-09
445,290,417,4,2025-12-02
446,310,72,2,2025-04-02
447,163,206,2,2025-10-01
448,199,340,1,2025-09-25
449,239,329,1,2025-03-15
450,362,266,1,2025-07-22
451,368,456,5,2025-01-07
452,40,181,4,2025-03-30
453,14,141,5,2025-07-24
454,193,225,2,2025-12-07
455,308,396,2,2025-02-19
456,228,192,2,2025-09-19
457,112,397,1,2025-03-16
458,218,143,4,2025-09-12
459,2,149,4,2025-06-24
460,302,384,5,2025-09-18
461,214,423,5,2025-04-29
462,100,181,2,2025-02-13
463,247,375,3,2025-04-19
464,43,173,1,2025-12-31
465,161,463,3,2025-09-18
466,35,445,3,2025-01-05
467,452,4,5,2025-03-23
468,238,56,3,2025-03-31
469,5,166,5,2025-03-24
470,471,416,4,2025-01-10
471,360,288,3,2025-11-06
472,81,5,3,2025-09-17
473,24,450,5,2025-03-16
474,235,481,4,2025-09-06
475,451,18,4,2025-09-19
476,422,282,5,2025-09-14
477,16,109,5,2025-12-21
478,192,351,4,2025-06-28
479,153,461,2,2025-01-26
480,334,81,5,2025-12-05
481,202,273,1,2025-02-02
482,320,13,1,2025-03-19
483,158,323,4,2025-05-15
484,191,93,4,2025-01-22
485,375,420,1,2025-01-02
486,411,247,1,2025-01-31
487,31,351,3,2025-04-24
488,18,205,1,2025-05-31
489,362,220,3,2025-12-21
490,1,172,2,2025-07-06
491,268,239,2,2025-03-18
492,291,418,1,2025-09-25
493,398,155,5,2025-10-02
494,294,223,4,2025-08-30
495,388,16,4,2025-04-19
496,330,427,3,2025-04-19
497,211,349,4,2025-01-06
498,137,20,1,2025-12-02
499,195,356,5,2025-02-23
500,412,58,5,2025-10-10