invoice_id,customer_id,invoice_date,billing_address,billing_city,billing_state,billing_country,billing_postal_code,total
1,144,2025-11-05 07:24:30,pulse,meridian,vertex,summit,alpha,5388.66
2,183,2025-08-24 05:11:52,zenith,flux,delta,vertex,pulse,4713.22
3,91,2025-04-16 22:10:16,flux,matrix,beacon,prism,vertex,7361.07
4,102,2026-01-21 05:31:24,zenith,vertex,meridian,vertex,nova,4813.28
5,156,2025-12-19 06:50:34,flux,ember,vector,prism,beacon,3812.73
6,50,2025-04-14 08:19:24,pulse,matrix,vertex,harbor,nova,5762
7,12,2026-06-13 15:41:06,nova,meridian,ember,signal,harbor,2540.22
8,35,2025-07-12 01:27:18,nova,pulse,summit,pulse,harbor,6398.75
9,57,2025-03-05 16:23:58,delta,cascade,meridian,willow,matrix,8115.44
10,54,2025-02-28 20:25:39,zenith,harbor,alpha,beacon,pulse,5688.1
11,118,2025-10-23 18:20:53,meridian,vertex,quartz,matrix,harbor,5310.69
12,123,2026-05-17 13:46:15,vector,harbor,signal,cascade,prism,183.47
13,19,2025-09-20 02:31:30,alpha,vector,matrix,vertex,zenith,4771.81
14,164,2026-02-22 17:53:21,zenith,zenith,vector,alpha,quartz,1472.92
15,107,2025-03-15 17:59:57,delta,nova,nova,summit,nova,5089.19
16,93,2025-11-09 21:30:23,vector,harbor,cascade,vector,beacon,6451.24
17,106,2026-02-21 23:16:17,ember,meridian,willow,meridian,summit,8572.67
18,101,2026-03-01 04:41:14,cascade,cascade,delta,summit,signal,4446.89
19,188,2026-06-11 13:27:31,harbor,willow,delta,vector,prism,666.78
20,10,2025-07-27 18:50:39,vector,pulse,nova,summit,vertex,8721.95
21,67,2026-03-01 09:18:55,pulse,summit,zenith,signal,nova,8800.39
22,92,2025-08-15 07:19:44,vector,prism,cascade,meridian,meridian,2219.82
23,187,2025-10-13 04:14:43,ember,zenith,willow,zenith,ember,2336.35
24,72,2025-04-06 16:16:56,quartz,willow,pulse,summit,willow,5767.29
25,93,2026-05-02 11:48:28,prism,meridian,meridian,ember,ember,7927.51
26,145,2025-12-01 05:08:38,summit,ember,nova,beacon,flux,1721.27
27,42,2026-05-21 14:53:01,delta,delta,zenith,prism,beacon,3560.13
28,29,2025-01-09 14:54:04,nova,orbit,beacon,matrix,flux,3161.58
29,100,2025-09-27 02:51:44,meridian,matrix,quartz,alpha,willow,4396.72
30,125,2026-05-20 00:14:07,cascade,prism,pulse,alpha,meridian,1960.62
31,53,2025-01-27 14:18:05,quartz,zenith,matrix,meridian,vector,1930.78
32,32,2025-07-30 04:38:22,summit,flux,prism,summit,orbit,3335.14
33,30,2026-05-31 18:40:34,meridian,cascade,summit,flux,delta,6335.81
34,62,2025-06-07 21:30:18,cascade,willow,harbor,beacon,signal,9744.67
35,184,2026-06-09 13:15:57,signal,orbit,signal,quartz,vector,7660.52
36,145,2025-08-03 16:41:42,quartz,prism,matrix,prism,vertex,6288.45
37,115,2025-11-12 11:51:11,delta,harbor,quartz,orbit,harbor,4554.75
38,49,2025-06-04 04:38:43,cascade,zenith,vector,harbor,flux,3812.43
39,143,2025-07-13 19:53:27,zenith,vector,orbit,flux,zenith,2018.05
40,26,2026-04-29 03:49:53,vector,quartz,flux,flux,ember,6427.3
41,3,2025-10-02 07:58:22,harbor,delta,vertex,summit,harbor,8883.71
42,27,2025-02-07 16:11:30,willow,orbit,vertex,orbit,pulse,3437.02
43,146,2025-04-27 00:15:19,quartz,delta,vector,zenith,ember,4340.41
44,50,2026-06-15 01:51:42,zenith,harbor,vertex,ember,vector,2539.3
45,33,2026-06-26 09:19:03,flux,alpha,ember,willow,pulse,1044.96
46,48,2025-06-22 10:49:05,vertex,orbit,orbit,quartz,orbit,675.26
47,2,2025-11-27 11:08:23,vertex,vector,alpha,orbit,cascade,367.21
48,179,2026-04-28 08:20:35,vector,alpha,vertex,pulse,delta,9433.54
49,128,2026-01-20 21:50:19,pulse,harbor,prism,flux,harbor,6479.3
50,108,2026-05-10 14:12:29,nova,signal,flux,ember,beacon,1273.69
51,60,2025-02-25 14:10:17,flux,alpha,cascade,willow,nova,9665.65
52,57,2025-08-31 10:29:00,meridian,delta,cascade,pulse,willow,8107.1
53,190,2026-04-05 23:49:52,vertex,cascade,quartz,zenith,signal,6102.19
54,141,2025-10-25 22:21:18,harbor,delta,zenith,signal,vertex,742.18
55,12,2025-11-11 08:12:35,harbor,nova,summit,prism,beacon,8243.75
56,12,2025-12-13 21:24:20,beacon,vertex,alpha,vertex,quartz,9192.48
57,58,2025-05-10 07:48:26,flux,delta,zenith,zenith,orbit,6253.08
58,177,2025-06-07 15:11:36,orbit,delta,zenith,flux,cascade,72.94
59,138,2025-10-20 23:29:30,prism,harbor,matrix,vector,prism,6596.48
60,52,2025-02-14 04:01:07,alpha,meridian,matrix,cascade,meridian,3468.57
61,200,2026-01-27 03:48:41,delta,matrix,nova,matrix,orbit,3531.87
62,156,2025-02-15 03:21:09,nova,alpha,quartz,vector,signal,5407.85
63,91,2025-02-03 16:06:27,prism,prism,delta,harbor,zenith,624.85
64,138,2025-06-22 20:53:01,cascade,ember,quartz,delta,alpha,1690.07
65,92,2025-01-30 20:02:46,vertex,matrix,harbor,quartz,harbor,8430.67
66,54,2026-02-11 21:19:19,harbor,meridian,summit,pulse,prism,1677.26
67,152,2026-03-07 11:54:03,harbor,zenith,vertex,orbit,vector,3887.2
68,14,2025-06-30 07:50:04,quartz,flux,meridian,summit,pulse,2573.68
69,84,2026-06-02 23:19:30,vertex,flux,nova,vector,ember,9093.59
70,49,2026-03-23 17:48:19,alpha,signal,cascade,prism,zenith,9177.27
71,134,2025-07-08 20:02:57,delta,orbit,zenith,alpha,meridian,4863.99
72,19,2025-01-07 20:39:22,matrix,signal,willow,matrix,quartz,8845.88
73,12,2025-08-23 09:00:54,meridian,summit,harbor,pulse,flux,4710.26
74,108,2026-06-21 02:42:55,orbit,summit,vertex,vertex,zenith,3898.07
75,73,2025-09-04 01:43:35,ember,ember,cascade,signal,vertex,2407.19
76,79,2026-01-12 12:20:07,orbit,cascade,harbor,alpha,orbit,3554.92
77,143,2025-03-28 17:25:48,harbor,meridian,harbor,beacon,quartz,2724.7
78,57,2025-01-16 00:22:44,quartz,pulse,delta,quartz,summit,7592.48
79,114,2025-02-02 08:26:58,ember,pulse,vector,signal,alpha,1926.61
80,92,2026-02-04 16:27:20,ember,signal,willow,matrix,cascade,6808.29
81,121,2025-08-11 04:49:37,harbor,prism,prism,delta,vertex,6192.21
82,34,2025-01-14 05:12:19,harbor,nova,summit,ember,summit,3878.87
83,167,2025-11-09 16:07:17,nova,summit,nova,harbor,pulse,6631.63
84,2,2025-04-13 22:53:12,vertex,ember,prism,vector,beacon,5713.38
85,25,2026-03-11 16:33:46,quartz,delta,orbit,matrix,alpha,3589.81
86,67,2025-09-20 14:41:12,prism,cascade,quartz,beacon,nova,4758.61
87,55,2025-12-14 10:13:13,harbor,cascade,vertex,beacon,summit,3998.05
88,183,2025-02-18 22:00:25,delta,meridian,orbit,vertex,beacon,1220.65
89,158,2025-06-04 03:18:34,delta,ember,matrix,summit,orbit,9796.27
90,117,2026-04-29 15:22:52,signal,prism,flux,signal,ember,6376.08
91,167,2026-05-04 07:39:38,quartz,matrix,flux,vector,ember,1018.54
92,104,2025-05-09 00:16:13,orbit,beacon,prism,willow,beacon,7515.11
93,140,2025-02-27 03:19:08,willow,zenith,harbor,vertex,matrix,5592.89
94,41,2025-04-17 17:08:21,nova,flux,prism,meridian,delta,6125.56
95,34,2025-12-13 22:51:24,quartz,orbit,harbor,quartz,delta,576.83
96,132,2026-01-02 19:50:19,ember,summit,matrix,matrix,vertex,1682.08
97,172,2025-01-04 22:16:39,flux,summit,beacon,summit,zenith,2183.14
98,3,2025-02-08 01:39:57,ember,beacon,alpha,orbit,delta,2925.38
99,187,2025-08-24 22:04:53,vertex,ember,vector,ember,alpha,1023.85
100,8,2025-02-16 07:00:31,orbit,vertex,vertex,prism,flux,5290.61
101,1,2025-04-07 03:58:16,zenith,cascade,willow,beacon,alpha,5550.11
102,124,2025-10-17 18:45:39,beacon,summit,zenith,meridian,quartz,3089.55
103,93,2025-05-15 09:05:38,zenith,vector,meridian,cascade,alpha,8934.21
104,192,2026-01-21 11:49:37,willow,signal,cascade,cascade,willow,3562.95
105,171,2025-10-29 10:24:48,willow,signal,ember,meridian,matrix,833.16
106,192,2025-07-07 06:21:15,zenith,alpha,vector,orbit,alpha,5781.15
107,28,2026-01-04 20:24:11,pulse,orbit,prism,flux,prism,2579.49
108,122,2025-11-11 14:10:42,pulse,pulse,harbor,nova,matrix,1045.64
109,66,2025-05-20 09:36:39,ember,delta,summit,beacon,summit,4132.4
110,116,2026-04-18 13:47:38,matrix,harbor,flux,ember,orbit,8212.63
111,34,2025-08-24 16:49:55,ember,signal,willow,signal,nova,160.58
112,6,2025-10-05 18:58:13,signal,harbor,quartz,quartz,signal,7669.15
113,173,2025-10-31 13:58:21,zenith,willow,harbor,flux,beacon,6635.23
114,177,2025-03-12 21:25:43,beacon,matrix,prism,vector,nova,689.16
115,50,2025-04-17 22:18:55,alpha,alpha,vector,vertex,flux,8273.04
116,105,2025-11-01 04:20:01,pulse,prism,quartz,quartz,prism,4523.27
117,83,2025-08-18 04:25:52,vertex,alpha,prism,meridian,flux,8985.7
118,23,2025-11-06 16:17:57,harbor,zenith,harbor,beacon,meridian,1982.34
119,176,2025-12-12 13:36:40,cascade,vertex,delta,meridian,flux,9057.69
120,135,2026-03-24 09:39:15,signal,cascade,ember,ember,zenith,7633.82
121,22,2025-03-30 22:08:08,signal,flux,delta,nova,zenith,4868.01
122,19,2026-04-03 16:58:42,alpha,flux,vector,harbor,summit,4037.79
123,199,2025-04-12 12:53:26,willow,cascade,willow,zenith,vertex,799.35
124,61,2026-05-27 23:55:07,prism,cascade,orbit,matrix,cascade,1663.81
125,22,2025-06-12 03:40:25,signal,beacon,quartz,vertex,summit,273.72
126,113,2025-07-01 08:03:33,meridian,matrix,delta,flux,cascade,7792.11
127,163,2025-01-09 06:31:53,summit,cascade,matrix,cascade,orbit,945.96
128,120,2025-11-30 02:20:17,vertex,cascade,cascade,pulse,alpha,7573.29
129,94,2026-05-07 02:31:32,nova,signal,willow,signal,ember,9542.35
130,111,2025-09-30 05:55:37,delta,vertex,signal,zenith,prism,6696.96
131,9,2025-06-08 18:18:01,meridian,beacon,pulse,quartz,beacon,9387.32
132,10,2025-08-06 15:14:22,flux,pulse,beacon,vector,quartz,3124.25
133,28,2025-01-22 02:18:09,summit,delta,vertex,nova,summit,8935.79
134,99,2025-10-22 09:40:07,matrix,beacon,alpha,zenith,alpha,629.24
135,137,2026-06-30 23:19:32,nova,alpha,willow,vector,zenith,6642.61
136,180,2026-04-11 13:33:28,quartz,delta,meridian,matrix,quartz,1634.08
137,111,2025-05-21 13:17:18,ember,harbor,vector,zenith,nova,7466.9
138,184,2026-06-22 10:14:25,willow,matrix,signal,vertex,beacon,6006.72
139,91,2025-11-30 04:10:21,vector,pulse,quartz,zenith,quartz,1409.62
140,34,2026-05-08 21:31:11,quartz,alpha,flux,ember,meridian,8342.84
141,55,2025-11-12 05:59:38,delta,harbor,signal,zenith,harbor,1225.97
142,20,2025-08-19 16:16:49,alpha,harbor,quartz,prism,alpha,8347.67
143,8,2025-04-20 18:34:29,vector,ember,signal,meridian,orbit,3905.84
144,144,2025-08-19 00:49:31,vertex,ember,signal,vector,signal,842.73
145,51,2026-06-17 20:02:33,meridian,nova,matrix,matrix,nova,7838.55
146,75,2026-05-19 09:02:38,willow,cascade,vector,meridian,matrix,4163.65
147,33,2025-01-17 00:55:54,beacon,matrix,zenith,ember,vector,6601.27
148,46,2025-11-13 11:22:13,delta,flux,vertex,vertex,harbor,7625.76
149,43,2025-02-10 02:44:23,alpha,flux,beacon,alpha,meridian,4382.31
150,6,2025-07-15 12:33:03,prism,ember,vector,cascade,prism,8541.56
151,58,2025-11-19 06:15:23,harbor,alpha,pulse,summit,beacon,1564.24
152,123,2025-12-09 22:57:52,pulse,ember,vertex,signal,quartz,2742.9
153,135,2026-05-07 06:04:49,nova,delta,summit,quartz,summit,1291.77
154,182,2026-06-18 05:20:09,nova,pulse,matrix,flux,zenith,6342.67
155,141,2025-09-09 01:44:32,flux,alpha,willow,beacon,prism,265.92
156,188,2026-05-06 06:40:30,delta,delta,alpha,zenith,quartz,9904.34
157,167,2026-04-03 22:55:31,vertex,harbor,pulse,meridian,summit,7737
158,85,2026-01-08 10:23:53,ember,alpha,orbit,summit,orbit,3555.06
159,145,2025-12-13 18:10:17,pulse,vertex,nova,summit,quartz,6702.98
160,2,2025-02-01 05:14:22,orbit,orbit,ember,meridian,prism,8124.11
161,182,2025-04-17 20:01:25,harbor,summit,beacon,willow,summit,4139.51
162,183,2025-08-31 22:41:14,cascade,signal,orbit,nova,pulse,7694.97
163,153,2026-05-21 13:51:50,signal,willow,orbit,orbit,cascade,9331.83
164,18,2025-09-08 18:32:09,prism,cascade,vector,delta,vertex,975.84
165,188,2025-07-29 09:40:58,meridian,prism,prism,alpha,willow,7876.82
166,83,2026-01-04 20:10:28,vertex,flux,flux,summit,quartz,4979.96
167,85,2025-02-01 09:34:59,flux,vector,vector,matrix,flux,3743.87
168,92,2025-09-18 12:44:00,orbit,harbor,ember,vertex,summit,2892.65
169,115,2025-05-05 22:46:45,harbor,willow,prism,quartz,harbor,490.49
170,20,2025-03-16 12:18:28,pulse,signal,ember,zenith,matrix,8473.18
171,143,2025-06-25 03:49:02,matrix,ember,nova,matrix,vertex,112.46
172,158,2025-03-26 05:18:36,cascade,zenith,ember,quartz,summit,9244.23
173,65,2025-06-26 03:45:36,nova,matrix,ember,pulse,willow,6400.4
174,199,2025-04-02 16:52:26,vector,pulse,quartz,meridian,delta,517.68
175,140,2026-02-07 21:20:12,harbor,matrix,vertex,signal,zenith,6051.94
176,195,2025-02-15 22:03:40,vector,vertex,ember,ember,orbit,6560.71
177,26,2025-06-10 18:15:09,alpha,harbor,willow,prism,signal,4953.27
178,81,2026-04-24 15:49:55,matrix,vector,alpha,matrix,orbit,1314.92
179,45,2026-01-04 18:18:16,meridian,beacon,ember,ember,alpha,2654.28
180,142,2025-02-27 08:25:33,cascade,cascade,matrix,flux,willow,5126.42
181,118,2026-02-15 12:11:48,nova,pulse,ember,harbor,pulse,4784.45
182,78,2025-09-03 16:41:22,cascade,summit,meridian,harbor,prism,3169.16
183,55,2026-02-13 05:09:16,matrix,ember,alpha,zenith,flux,4718.91
184,151,2025-09-22 05:30:12,zenith,vector,cascade,signal,meridian,1630.84
185,77,2025-06-06 07:45:39,zenith,matrix,signal,delta,alpha,2295.49
186,195,2026-04-22 16:53:00,signal,cascade,pulse,ember,nova,8344.48
187,27,2025-01-23 17:11:48,vertex,cascade,ember,nova,delta,1072.89
188,134,2026-01-23 09:11:10,ember,vector,willow,alpha,vertex,743.69
189,186,2025-11-25 14:01:03,willow,pulse,prism,summit,beacon,2511.07
190,100,2025-07-02 13:20:16,cascade,vertex,harbor,nova,summit,9098.48
191,96,2025-07-15 03:47:45,summit,nova,beacon,vertex,ember,9557.14
192,135,2025-05-18 19:19:10,ember,summit,harbor,nova,ember,7419.33
193,72,2026-01-21 11:38:52,alpha,nova,cascade,quartz,ember,5390.39
194,183,2026-03-24 15:20:59,vector,vertex,flux,orbit,cascade,9329.62
195,70,2025-07-29 09:57:15,ember,ember,alpha,matrix,zenith,437.75
196,62,2025-05-05 09:52:16,zenith,willow,summit,meridian,signal,1037.87
197,164,2025-06-17 05:00:47,cascade,zenith,orbit,willow,alpha,6502.86
198,90,2025-10-15 00:31:22,delta,alpha,vertex,prism,flux,1717.31
199,30,2026-01-22 01:46:27,orbit,quartz,vertex,alpha,signal,2049.44
200,18,2025-07-24 12:39:14,harbor,delta,summit,ember,vector,4669.69