track_id,name,album_id,media_type_id,genre_id,composer,milliseconds,bytes,unit_price
1,nova,136,63,49,summit,291,925,2059.26
2,prism,187,89,175,vector,535,326,4776.77
3,cascade,183,108,77,orbit,766,714,7730.45
4,beacon,191,181,64,nova,910,429,3575.56
5,vector,13,92,194,beacon,475,999,7227.52
6,orbit,177,144,57,alpha,28,781,8989.27
7,cascade,86,2,120,meridian,732,139,1715.94
8,delta,138,97,50,harbor,850,122,6541.13
9,flux,34,87,158,zenith,270,934,5009.06
10,willow,28,141,13,vertex,999,314,9682.81
11,cascade,86,178,30,beacon,646,299,9555.69
12,flux,102,110,102,ember,188,881,3841.62
13,summit,29,96,182,willow,445,544,1696.06
14,matrix,12,51,20,prism,120,536,1532.06
15,orbit,86,125,163,prism,142,396,9686.04
16,vertex,27,97,78,nova,131,482,601.52
17,flux,45,7,101,pulse,668,669,5454.6
18,summit,1,138,91,pulse,446,3,7182.36
19,pulse,80,189,34,prism,53,383,2075.57
20,nova,153,12,33,flux,594,32,6010.32
21,willow,70,66,60,zenith,846,641,1486.32
22,vector,80,63,32,alpha,759,362,4675.74
23,beacon,32,141,102,delta,675,148,7363.45
24,beacon,94,94,49,zenith,927,524,7505.71
25,beacon,78,34,114,pulse,667,69,8214.33
26,vertex,114,7,28,orbit,690,102,6478.55
27,summit,19,15,198,harbor,84,335,3401.12
28,signal,182,104,172,prism,952,394,4719.16
29,orbit,151,61,178,prism,784,65,7473.95
30,willow,86,119,16,matrix,693,698,1330.03
31,meridian,14,161,190,prism,375,774,4467.28
32,ember,122,165,2,vector,249,249,2691.78
33,vertex,73,195,163,delta,696,36,6325.31
34,flux,179,35,72,signal,646,346,7920.62
35,orbit,88,169,194,nova,55,332,6110.62
36,beacon,195,170,135,meridian,219,967,2988.64
37,ember,102,161,19,orbit,870,879,6875.19
38,ember,20,169,122,alpha,54,688,4626.8
39,alpha,133,118,77,zenith,604,846,1572.41
40,vertex,116,186,67,signal,666,318,4373.91
41,beacon,71,55,73,willow,148,878,8342.42
42,quartz,77,50,35,alpha,797,983,3223.55
43,pulse,158,24,63,harbor,789,332,6284.11
44,quartz,26,108,98,signal,467,413,5296.6
45,matrix,181,124,82,signal,227,65,9490.85
46,nova,150,56,132,vector,999,607,7311.64
47,delta,80,9,95,vector,983,477,3164.48
48,meridian,109,194,134,vector,689,613,1768.81
49,prism,107,87,39,vertex,582,571,853.18
50,signal,142,6,108,nova,559,55,2543.77
51,delta,126,11,27,vertex,59,748,8029.63
52,pulse,96,170,57,delta,127,63,3840.25
53,prism,68,44,151,delta,222,293,9468.9
54,orbit,190,34,142,zenith,821,472,9127.72
55,pulse,48,55,97,meridian,965,481,108.65
56,nova,40,61,22,flux,807,475,6924.86
57,vertex,58,29,24,orbit,501,333,8491.54
58,willow,184,37,93,harbor,907,894,6405.03
59,vector,170,19,109,cascade,306,572,1284.06
60,harbor,99,49,137,willow,988,546,4831
61,vertex,7,156,63,nova,168,574,9410.21
62,harbor,86,74,112,zenith,142,665,2695.88
63,orbit,176,99,174,vertex,978,571,4789.91
64,meridian,194,107,68,matrix,687,53,875.46
65,meridian,176,89,195,orbit,75,920,1482.33
66,vector,190,107,165,vertex,95,939,2539.65
67,beacon,82,160,30,beacon,130,824,6510.02
68,vector,43,38,13,willow,396,230,2387.93
69,cascade,164,68,194,flux,244,990,6314.15
70,nova,28,175,41,pulse,418,346,1988.13
71,summit,17,33,97,flux,677,224,6077.52
72,zenith,87,59,114,quartz,242,226,909.73
73,vertex,37,91,159,alpha,720,36,6302.02
74,vector,58,30,128,alpha,462,157,8390.65
75,beacon,111,127,160,beacon,310,152,4730.36
76,prism,141,104,61,nova,301,376,7606.9
77,quartz,72,158,151,flux,632,444,1896.89
78,willow,94,77,126,vertex,391,807,3439.09
79,matrix,182,126,73,beacon,758,702,7713.69
80,willow,38,9,93,flux,297,967,2317.41
81,prism,25,164,184,meridian,563,0,6000.3
82,prism,61,61,143,prism,418,268,3604.03
83,vector,178,37,93,pulse,763,18,3388.27
84,pulse,145,110,29,delta,548,193,9866.62
85,cascade,62,126,94,matrix,689,165,5030.77
86,pulse,98,134,17,quartz,320,470,7087.29
87,signal,100,43,98,nova,390,256,5625.85
88,meridian,156,52,173,ember,997,434,8584.74
89,matrix,98,55,106,prism,267,52,942.85
90,delta,181,149,42,ember,921,671,6902.44
91,vertex,185,191,116,ember,295,690,1610.48
92,matrix,23,167,56,flux,248,582,3405.54
93,vector,109,53,75,meridian,76,530,9750.18
94,pulse,191,123,55,delta,886,659,4822.98
95,cascade,187,167,173,quartz,648,114,3488.41
96,flux,22,62,181,harbor,848,619,2747.29
97,willow,163,65,99,harbor,558,261,579.7
98,meridian,139,74,198,ember,154,20,753.69
99,orbit,175,154,179,quartz,67,914,337.49
100,nova,164,158,27,zenith,365,61,4980.1
101,vertex,163,198,43,vertex,780,715,6704.48
102,vertex,128,71,42,nova,451,92,7510.23
103,vector,160,1,108,vertex,927,140,9009.42
104,nova,89,112,79,vertex,730,708,2105.15
105,quartz,73,193,70,flux,419,594,218.09
106,cascade,23,172,138,willow,940,884,9941.95
107,vector,7,194,93,flux,497,250,7651.36
108,signal,153,8,125,beacon,888,942,1434.11
109,matrix,139,32,27,harbor,285,573,1027.21
110,vertex,86,70,183,quartz,767,550,8837.81
111,delta,46,126,169,flux,161,264,6780.61
112,signal,128,23,104,pulse,262,443,8678.68
113,summit,21,96,104,vector,738,649,8846.33
114,zenith,74,69,28,beacon,607,392,8985.2
115,alpha,118,102,62,matrix,950,421,876.3
116,beacon,17,183,29,beacon,417,328,8298.99
117,nova,163,8,190,vertex,52,1,9693.11
118,cascade,149,148,86,matrix,593,1000,6615.05
119,vertex,47,128,129,cascade,194,896,4854.18
120,meridian,43,147,109,willow,121,986,1607.22
121,orbit,166,152,82,prism,341,295,2107.86
122,orbit,174,187,70,vector,442,993,1320.79
123,summit,153,123,103,meridian,102,500,9043.48
124,delta,183,169,174,quartz,948,984,3005.73
125,vertex,101,198,149,summit,312,374,1813.03
126,matrix,9,90,29,ember,599,577,7980.84
127,flux,5,57,168,cascade,5,50,18.74
128,meridian,60,163,60,cascade,296,487,6283.29
129,ember,126,142,169,meridian,560,7,43.54
130,pulse,76,158,46,vector,862,664,8218.64
131,flux,140,83,33,flux,733,938,1802.67
132,orbit,126,150,71,orbit,23,412,2271.39
133,quartz,176,147,102,delta,911,485,1925.3
134,summit,64,161,149,vertex,33,498,1269.42
135,alpha,146,117,64,ember,339,264,4238.51
136,meridian,20,45,127,willow,72,785,6157.12
137,signal,55,130,161,meridian,165,604,6994.35
138,matrix,149,155,198,orbit,356,766,8640.06
139,flux,61,14,71,zenith,24,703,5500.27
140,vector,128,139,96,signal,795,341,8518.87
141,matrix,166,53,177,cascade,776,397,3213.13
142,delta,56,128,72,pulse,508,535,1659.99
143,ember,114,129,27,zenith,690,741,9833.47
144,pulse,148,147,165,meridian,672,494,3758.43
145,prism,115,114,96,delta,994,161,6509.1
146,pulse,86,188,135,quartz,998,179,7736.04
147,prism,95,182,138,matrix,7,852,8907.01
148,vector,38,141,111,vertex,388,596,2657.71
149,summit,151,76,182,cascade,648,725,1313.96
150,quartz,149,160,90,prism,813,746,7125.63
151,nova,188,199,127,harbor,861,35,3229.42
152,delta,184,182,199,zenith,409,815,9057.4
153,willow,1,119,173,signal,688,306,9141.27
154,pulse,82,9,155,pulse,163,130,190.16
155,prism,110,158,92,vertex,203,283,3506.3
156,flux,180,74,75,flux,904,957,3961.11
157,cascade,15,61,191,quartz,310,192,857.83
158,willow,124,83,132,beacon,433,145,5282.15
159,matrix,66,176,81,vertex,958,892,5297.66
160,harbor,75,111,48,nova,607,468,4767.68
161,flux,30,80,62,nova,429,169,6287.4
162,pulse,86,105,86,summit,881,787,7739.36
163,vertex,63,133,145,vector,842,926,3996.05
164,summit,160,194,112,orbit,580,849,8375.35
165,nova,42,5,48,cascade,749,27,6821.43
166,alpha,130,61,56,meridian,539,692,9120.89
167,flux,186,192,135,harbor,149,141,8744.2
168,quartz,81,52,184,pulse,849,728,8452.5
169,delta,160,65,64,delta,217,536,4748.16
170,summit,6,138,175,cascade,465,452,6680.51
171,meridian,70,31,152,zenith,101,909,604.72
172,pulse,52,192,51,quartz,646,9,4224.05
173,quartz,185,192,22,cascade,127,223,6173.64
174,orbit,21,112,84,pulse,610,434,2748.88
175,signal,50,99,179,prism,982,672,3137.49
176,delta,60,73,42,flux,366,389,2444.06
177,nova,22,125,199,alpha,43,820,8986.98
178,prism,96,114,122,vector,205,670,1523.48
179,summit,57,63,117,vector,652,685,7676.54
180,cascade,101,171,81,prism,773,477,8669.66
181,ember,28,181,105,matrix,257,733,7606.29
182,matrix,29,58,118,delta,95,572,998.69
183,willow,20,110,109,pulse,140,686,9386.18
184,vector,86,68,39,cascade,627,629,7988.83
185,vector,43,170,53,quartz,842,428,1611.14
186,vertex,39,163,87,pulse,127,544,3546.08
187,orbit,91,113,164,summit,211,85,4966.01
188,beacon,64,174,165,alpha,728,135,9152.93
189,willow,139,139,165,nova,32,222,1572.7
190,pulse,84,156,5,willow,607,349,364.18
191,orbit,82,56,34,orbit,853,293,5205.39
192,meridian,33,7,40,matrix,188,595,8313.43
193,willow,99,146,31,vector,964,213,5862.91
194,nova,51,138,48,ember,172,752,8402.8
195,pulse,104,56,16,summit,688,924,3509.15
196,meridian,53,27,112,harbor,466,845,2134.6
197,zenith,182,162,109,vector,708,178,8829.9
198,beacon,95,20,87,alpha,158,659,3005.61
199,meridian,76,124,44,cascade,445,985,7113.65
200,harbor,146,23,47,quartz,679,951,6037.19