orderid,orderdate,customerid,netamount,tax,totalamount
1,2025-11-27,96,146.56,14.656,161.216
2,2025-04-19,154,92.78,9.278,102.058
3,2025-03-15,15,6.34,0.634,6.974
4,2025-05-16,445,446.1,44.61000000000001,490.71000000000004
5,2025-12-17,497,213.58,21.358000000000004,234.93800000000002
6,2025-05-14,296,474.14,47.414,521.554
7,2025-12-28,108,389.89,38.989000000000004,428.879
8,2025-05-14,457,220.5,22.05,242.55
9,2025-02-02,400,189.05,18.905,207.955
10,2025-12-23,250,153.77,15.377000000000002,169.14700000000002
11,2025-07-12,473,69.43,6.943000000000001,76.373
12,2025-05-11,104,183.41,18.341,201.751
13,2025-02-14,293,21.98,2.198,24.178
14,2025-10-02,176,81.17,8.117,89.287
15,2025-08-04,253,324.75,32.475,357.225
16,2025-06-01,118,118.15,11.815000000000001,129.965
17,2025-02-01,259,135.33,13.533000000000001,148.863
18,2025-12-19,213,146.82,14.682,161.50199999999998
19,2025-11-22,467,442.07,44.207,486.277
20,2025-01-10,151,253.14,25.314,278.454
21,2025-02-01,338,257.39,25.739,283.12899999999996
22,2025-06-20,42,267.49,26.749000000000002,294.23900000000003
23,2025-02-03,86,93.34,9.334000000000001,102.674
24,2025-06-16,189,371.66,37.166000000000004,408.826
25,2025-03-29,268,135.54,13.554,149.094
26,2025-12-01,168,489.44,48.944,538.384
27,2025-11-19,18,86.8,8.68,95.47999999999999
28,2025-08-21,297,172.5,17.25,189.75
29,2025-04-27,73,49.64,4.964,54.604
30,2025-09-29,165,44.24,4.424,48.664
31,2025-06-25,118,367.6,36.760000000000005,404.36
32,2025-04-07,12,12.32,1.2320000000000002,13.552
33,2025-02-04,4,77.07,7.707,84.77699999999999
34,2025-10-24,193,272.16,27.216000000000005,299.37600000000003
35,2025-11-28,316,159.51,15.951,175.46099999999998
36,2025-12-13,68,212.94,21.294,234.234
37,2025-08-13,75,220.24,22.024,242.264
38,2025-07-05,91,410.25,41.025000000000006,451.275
39,2025-05-21,180,177.47,17.747,195.21699999999998
40,2025-07-03,385,21,2.1,23.1
41,2025-12-02,325,99.35,9.935,109.285
42,2025-03-09,422,143.06,14.306000000000001,157.366
43,2025-01-01,358,341.96,34.196,376.15599999999995
44,2025-05-19,215,429.73,42.973000000000006,472.70300000000003
45,2025-08-23,476,319.48,31.948000000000004,351.428
46,2025-06-22,233,21.84,2.184,24.024
47,2025-12-08,4,281.28,28.128,309.40799999999996
48,2025-08-30,363,473.88,47.388000000000005,521.268
49,2025-10-08,346,410.53,41.053,451.58299999999997
50,2025-11-22,480,345.08,34.508,379.58799999999997
51,2025-02-17,47,119.22,11.922,131.142
52,2025-06-01,169,330.5,33.050000000000004,363.55
53,2025-04-25,272,360.79,36.079,396.869
54,2025-10-10,265,347.52,34.752,382.272
55,2025-02-12,146,55.03,5.503,60.533
56,2025-09-18,202,65.41,6.541,71.951
57,2025-04-19,384,13.01,1.3010000000000002,14.311
58,2025-11-05,364,141.6,14.16,155.76
59,2025-10-31,106,470.52,47.052,517.572
60,2025-10-25,226,41.05,4.1049999999999995,45.154999999999994
61,2025-09-22,131,325.79,32.579,358.369
62,2025-05-20,317,445.09,44.509,489.599
63,2025-09-27,33,62.23,6.223,68.453
64,2025-05-12,415,213.34,21.334000000000003,234.674
65,2025-06-19,223,250.97,25.097,276.067
66,2025-03-09,365,53.51,5.351,58.861
67,2025-12-09,140,139.39,13.939,153.32899999999998
68,2025-12-13,56,231.49,23.149,254.639
69,2025-05-11,318,75.48,7.548000000000001,83.028
70,2025-10-20,445,128.51,12.850999999999999,141.361
71,2025-10-29,105,451.5,45.150000000000006,496.65
72,2025-03-19,439,62.75,6.275,69.025
73,2025-05-01,417,52.69,5.269,57.958999999999996
74,2025-01-14,114,296.39,29.639,326.029
75,2025-05-29,297,384.01,38.401,422.411
76,2025-09-15,173,275.41,27.541000000000004,302.951
77,2025-12-01,41,205.77,20.577,226.347
78,2025-10-02,286,119.01,11.901000000000002,130.911
79,2025-01-22,161,464.85,46.48500000000001,511.33500000000004
80,2025-08-01,173,135.21,13.521,148.731
81,2025-12-09,378,333.21,33.321,366.53099999999995
82,2025-05-30,500,187.49,18.749000000000002,206.239
83,2025-01-19,156,460.62,46.062000000000005,506.682
84,2025-05-03,332,279.01,27.901,306.911
85,2025-01-29,73,376.02,37.602,413.62199999999996
86,2025-01-28,413,238.25,23.825000000000003,262.075
87,2025-11-08,278,101.03,10.103000000000002,111.13300000000001
88,2025-11-10,180,404.26,40.426,444.686
89,2025-08-11,496,91.78,9.178,100.958
90,2025-04-19,102,43.77,4.377000000000001,48.147000000000006
91,2025-05-25,412,155.52,15.552000000000001,171.072
92,2025-04-28,144,51.86,5.186,57.046
93,2025-04-19,95,305.27,30.527,335.79699999999997
94,2025-08-01,259,140.63,14.063,154.69299999999998
95,2025-11-13,375,215.1,21.51,236.60999999999999
96,2025-09-05,269,214.82,21.482,236.302
97,2025-03-01,68,159.52,15.952000000000002,175.472
98,2025-04-14,397,405.5,40.550000000000004,446.05
99,2025-08-13,388,5.15,0.515,5.665
100,2025-05-22,441,485.75,48.575,534.325
101,2025-07-02,49,178.63,17.863,196.493
102,2025-08-01,388,323.18,32.318000000000005,355.498
103,2025-01-06,413,117.27,11.727,128.99699999999999
104,2025-09-16,13,431.46,43.146,474.606
105,2025-09-11,367,467.86,46.786,514.646
106,2025-11-15,370,149.98,14.998,164.97799999999998
107,2025-05-08,386,279.62,27.962000000000003,307.582
108,2025-08-19,441,404.71,40.471000000000004,445.181
109,2025-05-30,35,271.57,27.157,298.727
110,2025-05-10,169,37.89,3.789,41.679
111,2025-03-20,270,265.54,26.554000000000002,292.09400000000005
112,2025-02-04,375,27.77,2.777,30.547
113,2025-11-04,202,265.41,26.541000000000004,291.951
114,2025-05-03,54,257.58,25.758,283.33799999999997
115,2025-09-29,483,302.7,30.27,332.96999999999997
116,2025-01-25,120,306.27,30.627,336.897
117,2025-12-04,331,68.69,6.869,75.559
118,2025-04-03,461,462.59,46.259,508.849
119,2025-09-04,232,336.28,33.628,369.90799999999996
120,2025-10-29,28,360.82,36.082,396.902
121,2025-01-18,266,429.86,42.986000000000004,472.846
122,2025-09-08,45,339.69,33.969,373.659
123,2025-02-04,297,480.97,48.09700000000001,529.067
124,2025-03-08,96,493.65,49.365,543.015
125,2025-11-26,113,498.23,49.82300000000001,548.053
126,2025-02-14,79,402.39,40.239000000000004,442.629
127,2025-09-22,243,319.14,31.914,351.054
128,2025-12-29,335,341.36,34.136,375.49600000000004
129,2025-02-10,378,254.2,25.42,279.62
130,2025-01-17,413,127.22,12.722000000000001,139.942
131,2025-04-02,82,101.34,10.134,111.474
132,2025-11-22,183,499.53,49.953,549.483
133,2025-09-19,333,318.66,31.866000000000003,350.526
134,2025-07-25,194,307.82,30.782,338.602
135,2025-01-04,387,94.7,9.47,104.17
136,2025-01-04,137,464.96,46.496,511.45599999999996
137,2025-12-24,186,228.89,22.889,251.779
138,2025-07-04,89,403.75,40.375,444.125
139,2025-10-09,151,191.38,19.138,210.518
140,2025-03-21,438,230.79,23.079,253.869
141,2025-06-19,326,127.52,12.752,140.272
142,2025-10-06,143,176.55,17.655,194.205
143,2025-02-13,108,435.73,43.57300000000001,479.303
144,2025-01-27,18,371.67,37.167,408.837
145,2025-04-24,433,92.28,9.228,101.508
146,2025-07-19,123,486.27,48.627,534.8969999999999
147,2025-08-24,129,148.32,14.832,163.152
148,2025-02-23,188,293.6,29.360000000000003,322.96000000000004
149,2025-09-03,350,418.54,41.854000000000006,460.394
150,2025-08-08,312,213.23,21.323,234.553
151,2025-10-08,305,49.36,4.936,54.296
152,2025-07-28,308,475.58,47.558,523.138
153,2025-05-23,325,198.82,19.882,218.702
154,2025-09-13,487,397.99,39.79900000000001,437.789
155,2025-08-10,326,135.94,13.594000000000001,149.534
156,2025-03-16,149,178.39,17.839,196.22899999999998
157,2025-10-27,7,369.74,36.974000000000004,406.714
158,2025-02-15,314,453.46,45.346000000000004,498.806
159,2025-11-10,179,347.3,34.730000000000004,382.03000000000003
160,2025-01-30,487,224.42,22.442,246.862
161,2025-12-07,394,167.2,16.72,183.92
162,2025-05-30,278,276.74,27.674000000000003,304.414
163,2025-10-22,394,308.51,30.851,339.361
164,2025-12-01,255,174.1,17.41,191.51
165,2025-10-10,155,160.39,16.038999999999998,176.42899999999997
166,2025-06-13,204,183.11,18.311000000000003,201.42100000000002
167,2025-05-11,19,341.71,34.171,375.881
168,2025-10-23,391,337.94,33.794000000000004,371.734
169,2025-03-12,355,484.39,48.439,532.829
170,2025-08-09,457,439.91,43.99100000000001,483.901
171,2025-08-26,264,351.5,35.15,386.65
172,2025-04-11,431,256.04,25.604000000000003,281.644
173,2025-10-26,442,482.03,48.203,530.233
174,2025-02-19,150,111.64,11.164000000000001,122.804
175,2025-11-29,67,83.05,8.305,91.35499999999999
176,2025-03-25,439,415.09,41.509,456.599
177,2025-06-28,357,365.11,36.511,401.62100000000004
178,2025-02-06,200,53.97,5.397,59.367
179,2025-07-21,356,459.8,45.980000000000004,505.78000000000003
180,2025-05-18,207,148.15,14.815000000000001,162.965
181,2025-02-26,491,5.63,0.5630000000000001,6.193
182,2025-08-07,126,135.63,13.563,149.19299999999998
183,2025-05-23,264,74.75,7.4750000000000005,82.225
184,2025-11-01,178,174.49,17.449,191.93900000000002
185,2025-10-19,173,274.99,27.499000000000002,302.48900000000003
186,2025-10-13,256,303.79,30.379000000000005,334.16900000000004
187,2025-09-24,194,209.62,20.962000000000003,230.582
188,2025-07-27,222,176.68,17.668000000000003,194.348
189,2025-02-22,274,153.54,15.354,168.894
190,2025-04-15,376,429.77,42.977000000000004,472.74699999999996
191,2025-07-14,309,343.76,34.376,378.13599999999997
192,2025-01-29,320,258.73,25.873000000000005,284.603
193,2025-05-26,419,324.9,32.49,357.39
194,2025-03-02,106,300.2,30.02,330.21999999999997
195,2025-05-18,201,134.91,13.491,148.401
196,2025-10-21,123,330.56,33.056000000000004,363.616
197,2025-05-02,229,296.52,29.652,326.17199999999997
198,2025-03-28,76,471.38,47.138000000000005,518.518
199,2025-06-22,424,393.93,39.393,433.323
200,2025-08-02,147,21.18,2.118,23.298
201,2025-06-18,44,126.2,12.620000000000001,138.82
202,2025-01-21,483,459.2,45.92,505.12
203,2025-05-20,80,31.93,3.193,35.123
204,2025-12-27,475,362.82,36.282000000000004,399.102
205,2025-11-03,381,493.63,49.363,542.9929999999999
206,2025-10-12,10,163.61,16.361,179.971
207,2025-02-22,82,260.62,26.062,286.682
208,2025-07-13,246,206.67,20.667,227.337
209,2025-12-03,66,145.65,14.565000000000001,160.215
210,2025-12-10,482,305.28,30.528,335.808
211,2025-09-07,281,283.61,28.361000000000004,311.971
212,2025-09-16,345,15.49,1.5490000000000002,17.039
213,2025-08-05,76,272.05,27.205000000000002,299.255
214,2025-10-16,190,151.24,15.124000000000002,166.364
215,2025-05-10,500,61.97,6.197,68.167
216,2025-05-13,495,389.11,38.911,428.021
217,2025-01-03,64,495.41,49.541000000000004,544.951
218,2025-10-26,454,443.4,44.34,487.74
219,2025-04-02,221,160.05,16.005000000000003,176.055
220,2025-07-04,446,421.65,42.165,463.815
221,2025-02-18,352,384.46,38.446,422.90599999999995
222,2025-10-05,178,49.19,4.9190000000000005,54.108999999999995
223,2025-11-20,342,260.11,26.011000000000003,286.12100000000004
224,2025-01-03,246,51.37,5.1370000000000005,56.507
225,2025-07-02,207,61.45,6.1450000000000005,67.595
226,2025-02-03,339,65.58,6.558,72.138
227,2025-10-04,330,457.98,45.798,503.778
228,2025-11-12,467,241,24.1,265.1
229,2025-12-05,284,425.38,42.538000000000004,467.918
230,2025-07-21,30,249.03,24.903000000000002,273.933
231,2025-08-17,288,296.43,29.643,326.073
232,2025-08-05,99,245.28,24.528000000000002,269.808
233,2025-07-31,411,389.12,38.912000000000006,428.03200000000004
234,2025-01-17,106,217.25,21.725,238.975
235,2025-08-31,253,314.24,31.424000000000003,345.664
236,2025-09-14,350,125.4,12.540000000000001,137.94
237,2025-01-14,8,400.23,40.023,440.25300000000004
238,2025-09-15,313,475,47.5,522.5
239,2025-02-24,26,194.19,19.419,213.609
240,2025-03-19,105,431.17,43.117000000000004,474.28700000000003
241,2025-01-18,489,67.94,6.7940000000000005,74.734
242,2025-01-22,497,30.95,3.095,34.045
243,2025-04-26,477,162.04,16.204,178.244
244,2025-06-08,35,155.78,15.578000000000001,171.358
245,2025-06-24,409,482.26,48.226,530.486
246,2025-03-18,93,241.74,24.174000000000003,265.914
247,2025-12-31,218,21.81,2.181,23.991
248,2025-10-25,431,165.81,16.581,182.391
249,2025-12-24,312,180.97,18.097,199.067
250,2025-03-07,397,54.54,5.454000000000001,59.994
251,2025-04-07,2,292.7,29.27,321.96999999999997
252,2025-05-03,346,482.76,48.276,531.036
253,2025-12-13,23,28.51,2.8510000000000004,31.361
254,2025-05-11,146,208.19,20.819000000000003,229.00900000000001
255,2025-02-28,123,408.13,40.813,448.943
256,2025-03-16,114,129.98,12.998,142.97799999999998
257,2025-11-24,487,388.63,38.863,427.493
258,2025-05-29,39,198.12,19.812,217.93200000000002
259,2025-02-25,19,240.5,24.05,264.55
260,2025-12-22,153,397.59,39.759,437.349
261,2025-05-07,93,338.17,33.817,371.987
262,2025-08-15,321,191.7,19.169999999999998,210.86999999999998
263,2025-04-27,470,431.87,43.187000000000005,475.057
264,2025-10-22,343,32.77,3.2770000000000006,36.047000000000004
265,2025-10-25,168,408.53,40.853,449.383
266,2025-05-17,367,88.68,8.868,97.548
267,2025-09-04,176,208.07,20.807000000000002,228.877
268,2025-03-26,429,330.9,33.089999999999996,363.98999999999995
269,2025-07-03,108,297.41,29.741000000000003,327.151
270,2025-09-09,104,148.79,14.879,163.66899999999998
271,2025-05-20,349,468.25,46.825,515.075
272,2025-09-07,149,207.03,20.703000000000003,227.733
273,2025-07-14,75,207.25,20.725,227.975
274,2025-03-21,37,324.63,32.463,357.093
275,2025-11-22,138,145.33,14.533000000000001,159.863
276,2025-12-07,133,270.95,27.095,298.04499999999996
277,2025-02-16,222,208.94,20.894000000000002,229.834
278,2025-03-14,11,193.44,19.344,212.784
279,2025-10-28,430,16.16,1.616,17.776
280,2025-02-20,162,346.1,34.61000000000001,380.71000000000004
281,2025-02-02,384,27.97,2.797,30.767
282,2025-11-14,455,407,40.7,447.7
283,2025-03-03,403,100.68,10.068000000000001,110.748
284,2025-01-16,472,187.73,18.773,206.503
285,2025-11-14,35,143.17,14.317,157.487
286,2025-07-01,8,25.64,2.564,28.204
287,2025-05-11,256,86.19,8.619,94.809
288,2025-11-16,189,269.9,26.99,296.89
289,2025-11-19,268,321.57,32.157000000000004,353.727
290,2025-02-01,89,262.44,26.244,288.68399999999997
291,2025-03-04,237,271.98,27.198000000000004,299.178
292,2025-10-17,7,444.4,44.44,488.84
293,2025-07-11,256,151.06,15.106000000000002,166.166
294,2025-03-02,394,139.95,13.995,153.945
295,2025-05-29,415,35.34,3.5340000000000007,38.874
296,2025-08-05,216,151.27,15.127000000000002,166.39700000000002
297,2025-10-01,256,348.12,34.812000000000005,382.932
298,2025-03-10,358,265.29,26.529000000000003,291.819
299,2025-08-09,13,143.27,14.327000000000002,157.597
300,2025-06-22,465,31.72,3.172,34.891999999999996
301,2025-10-05,113,5.31,0.531,5.840999999999999
302,2025-07-19,274,150.83,15.083000000000002,165.913
303,2025-11-01,41,471.55,47.155,518.705
304,2025-06-21,475,107.77,10.777000000000001,118.547
305,2025-06-29,426,22.51,2.2510000000000003,24.761000000000003
306,2025-04-23,399,12.46,1.2460000000000002,13.706000000000001
307,2025-02-12,155,326.51,32.651,359.161
308,2025-08-21,154,337.3,33.730000000000004,371.03000000000003
309,2025-09-17,445,259.27,25.927,285.197
310,2025-01-02,433,70.01,7.001000000000001,77.01100000000001
311,2025-11-18,228,298.28,29.828,328.10799999999995
312,2025-02-27,209,305.76,30.576,336.336
313,2025-09-11,241,286.99,28.699,315.689
314,2025-03-14,428,487.16,48.71600000000001,535.876
315,2025-06-20,423,81.98,8.198,90.178
316,2025-07-19,319,113.37,11.337000000000002,124.70700000000001
317,2025-08-08,397,285.53,28.552999999999997,314.08299999999997
318,2025-10-17,323,142.12,14.212000000000002,156.332
319,2025-08-06,453,51.71,5.171,56.881
320,2025-12-16,87,257.91,25.791000000000004,283.701
321,2025-11-24,234,497.45,49.745000000000005,547.1949999999999
322,2025-06-07,59,475,47.5,522.5
323,2025-08-20,17,277.36,27.736000000000004,305.096
324,2025-08-21,417,472.23,47.223000000000006,519.453
325,2025-06-03,193,370.39,37.039,407.429
326,2025-08-24,286,495.03,49.503,544.533
327,2025-06-20,29,147.82,14.782,162.602
328,2025-02-13,42,394.22,39.422000000000004,433.64200000000005
329,2025-03-03,257,99.38,9.938,109.318
330,2025-10-27,102,496.31,49.631,545.941
331,2025-02-22,459,273.07,27.307000000000002,300.377
332,2025-11-28,354,69.72,6.972,76.692
333,2025-03-09,110,485.51,48.551,534.061
334,2025-09-18,149,399.55,39.955000000000005,439.505
335,2025-01-13,265,280.76,28.076,308.836
336,2025-08-25,196,154.92,15.491999999999999,170.41199999999998
337,2025-01-07,360,61.64,6.164000000000001,67.804
338,2025-06-02,198,176.55,17.655,194.205
339,2025-05-31,362,483.51,48.351,531.861
340,2025-10-03,95,307.51,30.751,338.26099999999997
341,2025-10-09,348,296.83,29.683,326.513
342,2025-11-06,70,350.79,35.079,385.869
343,2025-12-16,94,258.71,25.871,284.58099999999996
344,2025-08-05,489,337.4,33.74,371.14
345,2025-06-23,105,266.98,26.698000000000004,293.678
346,2025-05-24,195,349.46,34.946,384.40599999999995
347,2025-03-12,8,483.79,48.379000000000005,532.169
348,2025-09-20,307,291.22,29.122000000000003,320.34200000000004
349,2025-01-23,226,424.37,42.437000000000005,466.807
350,2025-05-20,334,353.02,35.302,388.322
351,2025-09-30,434,68.03,6.803000000000001,74.833
352,2025-06-21,46,241.96,24.196,266.156
353,2025-02-01,164,33.65,3.365,37.015
354,2025-07-31,168,40.52,4.0520000000000005,44.572
355,2025-07-16,131,398.65,39.865,438.515
356,2025-08-27,451,452.14,45.214,497.354
357,2025-04-30,68,136.6,13.66,150.26
358,2025-09-10,288,377.16,37.716,414.87600000000003
359,2025-11-19,136,364.85,36.48500000000001,401.33500000000004
360,2025-04-05,411,328.24,32.824000000000005,361.064
361,2025-09-05,495,253.44,25.344,278.784
362,2025-06-24,283,145.53,14.553,160.083
363,2025-07-11,159,179.01,17.901,196.911
364,2025-09-08,294,53.43,5.343,58.772999999999996
365,2025-03-27,391,371.12,37.112,408.232
366,2025-12-23,76,238.68,23.868000000000002,262.548
367,2025-09-18,468,362.24,36.224000000000004,398.464
368,2025-08-18,85,20.3,2.0300000000000002,22.330000000000002
369,2025-02-11,45,431.43,43.143,474.573
370,2025-03-30,156,344.99,34.499,379.48900000000003
371,2025-08-18,388,432.01,43.201,475.211
372,2025-05-18,330,110.56,11.056000000000001,121.616
373,2025-04-14,23,331.64,33.164,364.804
374,2025-11-16,357,394.34,39.434,433.774
375,2025-08-16,163,373.19,37.319,410.509
376,2025-08-20,51,18.55,1.8550000000000002,20.405
377,2025-10-19,417,341.82,34.182,376.002
378,2025-05-05,72,226.52,22.652,249.17200000000003
379,2025-04-12,7,22.84,2.2840000000000003,25.124
380,2025-11-12,460,192.34,19.234,211.574
381,2025-03-02,277,446.91,44.691,491.601
382,2025-03-11,220,250.18,25.018,275.198
383,2025-03-25,120,125.25,12.525,137.775
384,2025-06-17,76,167.64,16.764,184.404
385,2025-04-05,167,259.66,25.966000000000005,285.62600000000003
386,2025-09-03,96,175.3,17.53,192.83
387,2025-10-21,28,465.45,46.545,511.995
388,2025-05-04,282,112.92,11.292000000000002,124.212
389,2025-07-26,30,47.54,4.7540000000000004,52.294
390,2025-06-09,358,337.9,33.79,371.69
391,2025-10-11,258,490.75,49.075,539.825
392,2025-05-14,31,121.87,12.187000000000001,134.05700000000002
393,2025-06-15,269,110.71,11.071,121.78099999999999
394,2025-09-03,411,467.21,46.721000000000004,513.931
395,2025-04-18,208,417.09,41.709,458.799
396,2025-12-15,225,36.94,3.694,40.634
397,2025-04-28,221,6.09,0.609,6.699
398,2025-10-02,124,139.5,13.950000000000001,153.45
399,2025-03-02,49,208.47,20.847,229.317
400,2025-07-14,442,456.41,45.641000000000005,502.05100000000004
401,2025-05-22,91,190.89,19.089,209.97899999999998
402,2025-11-10,30,499.7,49.97,549.67
403,2025-09-04,341,284.82,28.482,313.302
404,2025-08-29,305,134.29,13.429,147.719
405,2025-11-05,365,78.22,7.822,86.042
406,2025-09-29,250,268.57,26.857,295.427
407,2025-06-18,242,260.85,26.085000000000004,286.935
408,2025-05-25,378,99.25,9.925,109.175
409,2025-11-16,92,344.66,34.466,379.12600000000003
410,2025-12-20,125,264.64,26.464,291.104
411,2025-03-22,240,264.68,26.468000000000004,291.148
412,2025-07-16,61,351.47,35.147000000000006,386.617
413,2025-12-18,381,498.32,49.832,548.152
414,2025-06-01,132,226.45,22.645,249.095
415,2025-04-24,156,113.19,11.319,124.509
416,2025-07-06,307,208.55,20.855000000000004,229.40500000000003
417,2025-12-30,175,480.04,48.004000000000005,528.044
418,2025-01-19,5,50.15,5.015000000000001,55.165
419,2025-02-16,363,131.82,13.182,145.00199999999998
420,2025-01-10,185,324.55,32.455000000000005,357.005
421,2025-07-18,357,197.7,19.77,217.47
422,2025-05-06,401,495.09,49.509,544.5989999999999
423,2025-01-30,299,186.25,18.625,204.875
424,2025-07-20,308,203.08,20.308000000000003,223.388
425,2025-08-14,147,468.28,46.828,515.108
426,2025-08-19,405,215.48,21.548000000000002,237.028
427,2025-02-27,467,483.63,48.363,531.9929999999999
428,2025-06-09,400,217.71,21.771,239.481
429,2025-06-05,193,268.33,26.833,295.163
430,2025-03-18,421,164.66,16.466,181.126
431,2025-12-24,30,341.37,34.137,375.507
432,2025-11-28,62,410.14,41.014,451.154
433,2025-11-03,296,200.38,20.038,220.418
434,2025-09-08,379,125.64,12.564,138.204
435,2025-02-06,281,382.37,38.237,420.607
436,2025-11-11,300,118.34,11.834000000000001,130.174
437,2025-03-29,94,17.14,1.7140000000000002,18.854
438,2025-12-06,295,161.57,16.157,177.727
439,2025-06-08,461,493.01,49.301,542.311
440,2025-06-13,231,377.34,37.734,415.07399999999996
441,2025-02-27,490,302.2,30.22,332.41999999999996
442,2025-03-08,482,296.38,29.638,326.018
443,2025-02-06,423,241.02,24.102000000000004,265.122
444,2025-11-20,73,437.13,43.713,480.843
445,2025-01-19,388,444.48,44.44800000000001,488.928
446,2025-03-06,122,123.21,12.321,135.531
447,2025-06-04,399,198.53,19.853,218.383
448,2025-11-17,271,352.55,35.255,387.805
449,2025-09-24,4,413.99,41.399,455.389
450,2025-01-13,135,404,40.400000000000006,444.4
451,2025-06-03,283,66.46,6.646,73.106
452,2025-11-18,85,308.36,30.836000000000002,339.196
453,2025-11-29,225,459.77,45.977000000000004,505.74699999999996
454,2025-05-08,285,405.78,40.578,446.35799999999995
455,2025-12-20,305,231.58,23.158,254.738
456,2025-08-12,360,361.37,36.137,397.507
457,2025-06-19,11,163.71,16.371000000000002,180.08100000000002
458,2025-12-20,304,407.41,40.74100000000001,448.151
459,2025-08-13,248,282.44,28.244,310.68399999999997
460,2025-10-05,483,275.94,27.594,303.534
461,2025-05-26,211,53.95,5.3950000000000005,59.345000000000006
462,2025-03-28,420,416.64,41.664,458.304
463,2025-03-30,116,472.22,47.22200000000001,519.442
464,2025-09-12,110,364.75,36.475,401.225
465,2025-01-23,180,219.72,21.972,241.692
466,2025-07-26,19,56.53,5.6530000000000005,62.183
467,2025-02-20,339,42.82,4.282,47.102000000000004
468,2025-03-30,366,295.3,29.53,324.83000000000004
469,2025-09-06,317,295.19,29.519000000000002,324.709
470,2025-12-30,44,299.68,29.968000000000004,329.648
471,2025-03-21,94,217.61,21.761000000000003,239.371
472,2025-11-24,406,438.05,43.80500000000001,481.855
473,2025-04-17,356,70.38,7.038,77.41799999999999
474,2025-05-17,80,103.7,10.370000000000001,114.07000000000001
475,2025-02-16,284,172.6,17.26,189.85999999999999
476,2025-04-03,299,219.92,21.992,241.91199999999998
477,2025-03-15,235,244.12,24.412000000000003,268.532
478,2025-05-18,254,137.98,13.798,151.778
479,2025-04-04,251,179.2,17.919999999999998,197.11999999999998
480,2025-08-03,365,270.11,27.011000000000003,297.12100000000004
481,2025-01-08,15,424.88,42.488,467.368
482,2025-09-03,433,266.13,26.613,292.743
483,2025-06-18,14,15.65,1.5650000000000002,17.215
484,2025-04-09,461,345.36,34.536,379.896
485,2025-09-25,162,70.72,7.072,77.792
486,2025-06-22,362,199.19,19.919,219.109
487,2025-06-26,345,18.87,1.8870000000000002,20.757
488,2025-10-13,102,234.5,23.450000000000003,257.95
489,2025-05-07,376,460.4,46.04,506.44
490,2025-07-19,241,251.73,25.173000000000002,276.903
491,2025-09-17,270,470.36,47.036,517.396
492,2025-09-17,346,131.2,13.12,144.32
493,2025-10-22,168,132.32,13.232,145.552
494,2025-05-13,388,267.57,26.757,294.327
495,2025-01-14,352,119.18,11.918000000000001,131.098
496,2025-01-17,393,391.28,39.128,430.40799999999996
497,2025-12-28,159,224.37,22.437,246.80700000000002
498,2025-09-29,121,350.37,35.037,385.407
499,2025-11-10,17,213.62,21.362000000000002,234.982
500,2025-05-30,184,84.09,8.409,92.49900000000001