territory_id,territory_description,region_id
T001,Northwest Territory,1
T002,Southwest Territory,1
T003,Northeast Territory,1
T004,Southeast Territory,1
T005,Central Territory,1
T006,Midwest Territory,1
T007,Pacific Territory,1
T008,Mountain Territory,1
T009,Great Plains Territory,1
T010,New England Territory,1
T011,Atlantic Territory,1
T012,Appalachian Territory,1
T013,Coastal Territory,1
T014,Desert Territory,1
T015,Valley Territory,1
T016,Forest Territory,1
T017,Lakes Territory,1
T018,Island Territory,1
T019,Peninsula Territory,1
T020,Delta Territory,1
T021,Highland Territory,1
T022,Lowland Territory,1
T023,Urban Territory,1
T024,Rural Territory,1
T025,Suburban Territory,1
T026,Industrial Territory,1
T027,Agricultural Territory,1
T028,Historic Territory,1
T029,Modern Territory,1
T030,Coastal Plains Territory,2
T031,Inland Empire Territory,2
T032,Sunbelt Territory,2
T033,Heartland Territory,2
T034,Frontier Territory,2
T035,Timberland Territory,2
T036,Grassland Territory,2
T037,Outback Territory,2
T038,Metropolitan Territory,2
T039,Seaboard Territory,2
T040,Backcountry Territory,2
T041,Gold Coast Territory,2
T042,Silver Valley Territory,2
T043,Emerald Isle Territory,2
T044,Blue Ridge Territory,2
T045,Red River Territory,2
T046,White Sands Territory,2
T047,Black Hills Territory,2
T048,Yellowstone Territory,2
T049,Everglades Territory,2
T050,Great Basin Territory,3
T051,Rocky Mountain Territory,3
T052,Great Lakes Territory,3
T053,Mississippi Valley Territory,4
