loan_id,loan_date,stock_id,client_id,returned_date,clerk_id,modified_on
1,2026-03-24 07:59:16,114,431,2026-02-20 23:09:00,2,2025-09-23 13:18:34
2,2025-01-25 06:58:44,268,192,2025-11-12 18:41:40,1,2025-03-20 00:11:03
3,2026-02-16 09:23:44,366,300,2026-01-04 06:38:24,1,2025-10-23 05:11:34
4,2026-02-25 04:13:31,478,192,2025-02-07 07:31:19,2,2025-12-15 17:48:32
5,2025-08-15 10:33:49,403,476,2026-04-13 02:26:37,2,2025-09-16 03:51:30
6,2025-01-07 06:07:32,423,326,2025-09-18 18:24:34,1,2026-05-03 04:00:29
7,2026-06-21 17:49:42,464,156,2025-01-29 16:20:22,2,2025-05-14 10:36:41
8,2025-11-08 16:09:57,250,303,2025-05-16 03:57:48,1,2025-12-30 08:05:20
9,2025-12-17 03:23:51,498,368,2025-08-01 12:40:27,2,2026-04-16 12:27:18
10,2025-07-18 04:16:58,115,156,2026-02-22 15:53:36,2,2025-08-20 23:08:16
11,2025-10-08 02:59:18,236,213,2026-03-09 02:44:56,1,2025-12-22 10:39:20
12,2025-11-03 14:03:46,459,153,2025-12-25 10:18:35,2,2025-08-26 08:47:15
13,2025-06-19 19:58:13,387,52,2025-08-01 22:44:35,1,2025-03-19 05:55:55
14,2026-06-03 00:30:25,413,461,2025-01-09 16:11:18,2,2025-05-20 19:32:31
15,2026-01-08 20:17:54,285,376,2026-06-12 15:40:00,2,2025-08-06 17:32:47
16,2025-03-01 05:07:29,169,81,2025-01-08 05:11:53,2,2026-03-28 23:29:21
17,2025-05-17 10:18:25,364,221,2025-04-20 18:55:06,2,2025-08-15 19:20:00
18,2026-04-22 23:02:38,382,447,2026-03-14 05:36:42,1,2025-11-16 21:49:03
19,2026-01-24 09:11:54,149,310,2026-04-09 07:26:25,2,2025-07-06 09:29:52
20,2025-12-03 13:35:59,302,159,2025-01-11 02:37:32,1,2025-07-16 23:54:24
21,2025-03-08 02:38:57,404,492,2025-12-07 08:02:21,2,2025-05-01 09:52:18
22,2025-08-12 23:51:50,369,92,,2,2025-06-10 12:15:23
23,2025-08-15 03:34:11,61,47,2025-02-27 17:45:56,1,2025-09-15 06:11:46
24,2025-09-12 05:33:42,418,375,2025-08-17 00:15:57,1,2025-11-09 14:59:57
25,2026-05-01 18:49:49,135,185,2026-02-22 07:42:28,2,2025-01-12 05:17:00
26,2026-05-24 03:36:50,223,297,2026-06-19 17:06:14,1,2025-04-26 02:07:54
27,2025-11-16 07:25:49,17,299,2025-10-11 20:35:24,1,2026-05-27 14:42:49
28,2025-05-23 07:34:11,463,381,2025-12-19 22:21:28,1,2025-01-23 13:38:49
29,2025-07-27 17:57:36,348,3,2025-05-20 07:39:24,1,2026-02-17 11:01:16
30,2026-06-09 03:32:49,394,7,2025-07-25 14:20:09,1,2025-11-18 13:32:33
31,2026-01-25 09:01:06,412,445,2025-08-13 23:13:01,2,2025-11-16 19:36:33
32,2025-04-30 08:42:26,4,169,2026-04-25 11:05:16,2,2025-10-13 10:54:53
33,2026-02-04 18:38:02,133,14,2025-12-19 09:09:16,2,2025-12-09 11:52:04
34,2025-01-17 13:04:40,343,162,2026-02-13 05:32:08,1,2025-03-08 01:05:46
35,2025-01-25 23:34:32,54,244,2025-06-17 03:47:20,2,2026-04-04 17:55:17
36,2025-07-07 01:33:20,387,277,2026-05-28 08:30:12,2,2025-08-04 07:06:51
37,2025-08-21 05:57:41,363,1,2025-05-27 15:19:29,2,2025-03-25 15:59:36
38,2025-12-17 22:43:35,244,136,2025-02-16 16:58:27,1,2025-11-10 10:42:43
39,2025-02-06 05:12:52,284,219,2026-02-04 20:26:54,2,2026-06-12 06:35:05
40,2026-02-24 21:10:17,66,104,2025-10-31 18:10:17,2,2025-08-12 08:55:02
41,2025-01-05 05:13:54,420,217,2025-09-06 14:03:08,1,2026-04-28 15:22:01
42,2025-12-27 03:18:05,126,343,2025-11-03 05:58:45,1,2025-09-16 00:58:37
43,2025-07-16 21:59:10,306,331,2025-08-06 22:56:27,2,2025-09-13 19:01:58
44,2025-04-23 08:30:53,372,492,,2,2025-08-19 03:34:41
45,2025-08-31 11:12:28,438,500,2025-07-02 09:25:43,2,2026-02-13 06:02:31
46,2025-02-10 21:29:23,85,337,2025-03-05 03:43:40,2,2025-10-07 09:55:42
47,2026-05-12 10:41:20,289,153,2025-11-22 00:00:04,1,2026-05-14 00:30:53
48,2025-12-30 22:10:50,128,338,,1,2026-06-26 16:17:32
49,2025-07-02 09:50:10,451,207,2025-04-14 10:06:59,2,2026-03-18 21:04:06
50,2025-11-06 14:50:22,193,297,2026-06-01 10:33:12,2,2025-01-08 16:26:50
51,2026-04-04 14:00:00,180,264,2025-05-03 18:24:04,2,2025-04-29 23:25:16
52,2025-11-23 20:00:33,216,473,2025-08-16 16:57:36,2,2025-06-21 18:01:18
53,2026-02-16 02:38:00,263,325,2026-05-15 21:14:33,2,2025-05-09 15:36:48
54,2026-05-14 13:39:32,205,464,,1,2025-01-08 14:04:14
55,2026-01-14 15:20:25,32,448,2025-05-18 09:14:49,2,2025-12-10 10:25:11
56,2025-07-28 04:13:28,290,139,2025-02-10 11:03:26,1,2025-06-26 05:19:46
57,2026-04-08 07:15:36,218,200,,2,2025-10-06 10:51:13
58,2025-05-01 18:28:22,264,326,2025-05-20 13:02:42,1,2025-09-15 06:47:01
59,2025-07-15 22:38:58,74,57,2026-03-20 20:38:13,2,2025-02-16 13:45:38
60,2025-05-03 04:17:00,352,292,2026-04-19 09:41:48,1,2025-03-08 19:54:45
61,2025-02-12 00:59:47,394,140,2026-05-11 16:27:58,2,2026-06-30 05:07:35
62,2026-04-20 16:00:10,312,126,2026-04-04 23:38:29,1,2025-05-24 16:45:08
63,2025-12-22 13:36:23,308,205,,1,2026-04-23 17:29:21
64,2026-03-26 11:02:49,222,460,2025-07-09 03:41:23,1,2025-05-30 03:12:59
65,2026-04-11 23:45:28,192,15,2026-03-22 07:26:26,1,2025-11-01 21:14:54
66,2026-03-24 02:23:09,401,419,2025-11-21 12:42:02,2,2025-06-10 16:47:10
67,2025-04-16 00:35:41,273,262,2026-06-02 20:50:27,1,2025-02-13 18:37:57
68,2026-03-12 13:34:18,386,222,2026-05-19 14:44:56,2,2025-04-25 23:29:37
69,2026-02-01 08:44:29,466,238,2025-06-13 11:46:35,2,2025-12-21 18:27:32
70,2025-07-21 21:32:01,122,500,2025-01-29 15:07:21,2,2025-02-02 00:26:22
71,2025-02-12 09:00:28,186,200,2025-05-05 00:18:02,1,2025-02-17 00:50:01
72,2025-01-24 23:02:35,196,485,2025-10-21 15:37:55,1,2026-06-29 14:08:06
73,2025-10-03 23:06:02,110,304,2026-05-23 21:47:29,1,2025-05-08 16:01:11
74,2025-07-26 13:04:37,495,132,2025-07-16 08:48:47,2,2025-09-28 00:24:19
75,2025-03-13 11:00:22,180,449,2026-06-28 20:48:24,2,2025-12-07 02:05:30
76,2025-04-10 18:33:45,498,180,2025-02-03 00:01:01,1,2025-05-21 00:54:01
77,2026-01-16 15:23:21,436,76,2025-05-23 17:13:11,1,2025-03-24 17:21:34
78,2025-12-28 10:53:41,99,486,2026-01-14 23:41:41,1,2025-07-30 07:01:15
79,2025-09-16 06:57:20,169,372,2025-12-15 10:10:24,1,2026-03-21 17:41:56
80,2025-01-09 15:55:52,73,72,2025-04-04 21:47:45,2,2025-08-16 02:27:40
81,2026-06-27 16:14:44,372,124,2025-05-22 02:23:27,2,2025-05-03 16:53:59
82,2026-06-10 20:22:12,494,416,2026-04-07 01:44:14,2,2026-02-13 05:50:53
83,2026-06-14 11:39:54,184,120,2025-08-03 13:12:41,2,2025-07-09 20:23:15
84,2026-03-24 03:53:52,271,409,,2,2025-11-28 13:17:15
85,2025-08-15 13:34:22,148,49,2025-04-09 00:30:47,2,2025-04-30 11:34:39
86,2025-12-12 05:11:25,225,198,2025-04-26 01:11:02,1,2025-08-09 21:15:13
87,2025-03-11 03:28:56,112,30,2025-11-24 07:10:09,1,2025-05-04 04:33:23
88,2025-05-12 09:43:51,405,224,2025-02-27 13:11:27,1,2025-09-19 10:09:33
89,2026-03-04 01:15:38,26,165,,2,2026-06-18 05:29:29
90,2025-08-01 16:22:27,405,375,2025-09-26 04:55:54,1,2025-08-24 09:29:16
91,2025-08-27 11:57:04,442,16,2025-05-29 05:07:01,2,2025-02-17 11:48:42
92,2026-02-20 14:37:01,127,307,2025-03-15 22:04:22,2,2026-02-13 19:02:44
93,2025-10-28 20:31:32,43,434,2025-12-26 17:00:37,1,2025-11-06 14:05:23
94,2025-01-01 18:29:31,378,441,2026-02-05 14:44:15,1,2025-10-07 11:54:13
95,2025-08-15 12:03:58,304,151,2025-02-26 17:17:43,1,2025-10-17 07:31:37
96,2025-07-11 14:47:18,145,86,2025-06-21 17:19:31,2,2025-03-30 16:22:09
97,2026-01-11 10:29:20,464,192,2025-08-20 09:16:26,2,2026-01-01 06:31:06
98,2025-08-22 16:04:45,388,252,2025-02-28 21:14:58,2,2026-02-03 09:58:13
99,2025-01-29 11:11:07,237,323,2026-04-03 01:02:24,2,2025-05-29 18:56:34
100,2026-01-25 00:09:29,148,419,2026-03-26 23:32:54,1,2025-10-14 20:23:41
101,2025-07-16 17:03:04,273,225,,1,2025-10-23 15:28:03
102,2025-09-22 12:33:08,496,296,2025-03-08 18:09:23,1,2026-03-05 20:33:28
103,2026-03-15 18:10:53,386,356,2026-01-14 10:21:08,1,2026-01-28 13:02:07
104,2026-04-19 03:29:43,129,461,2026-04-10 13:43:45,1,2026-05-20 03:05:33
105,2026-03-26 19:25:08,148,352,2025-04-22 18:29:14,2,2025-02-13 02:46:28
106,2026-01-29 23:22:24,238,277,2025-09-27 12:00:02,2,2025-02-09 12:19:06
107,2025-03-26 01:44:09,158,462,2025-03-09 10:43:25,1,2025-11-25 20:00:42
108,2025-02-19 23:30:26,4,63,2025-07-05 11:37:25,1,2025-07-11 20:35:41
109,2026-03-04 11:18:36,376,65,2025-07-11 10:13:06,1,2025-11-05 08:27:33
110,2025-12-25 11:04:16,316,256,2026-03-27 20:39:01,2,2025-02-07 00:19:30
111,2026-06-25 01:08:35,36,443,2025-05-25 18:51:04,1,2025-06-15 15:54:36
112,2025-11-30 20:00:41,196,468,2025-08-10 20:14:25,2,2025-02-15 13:45:08
113,2025-10-17 01:08:15,122,14,2025-10-11 22:07:50,1,2025-12-01 09:46:33
114,2025-09-08 15:00:39,176,479,2026-06-04 23:47:48,2,2025-10-08 00:52:55
115,2025-01-27 08:54:48,79,163,2025-06-07 02:42:25,2,2026-06-04 16:18:26
116,2025-11-10 07:06:24,61,388,2025-05-19 12:17:23,1,2026-01-24 09:55:38
117,2025-11-04 17:30:14,276,335,2025-10-30 06:42:47,1,2025-02-14 22:38:46
118,2025-07-12 11:15:19,289,243,2026-02-08 20:07:28,2,2025-06-02 17:24:18
119,2026-03-01 06:28:18,161,120,2025-03-05 10:59:29,2,2026-03-07 15:31:55
120,2026-06-17 03:06:50,54,136,2025-01-31 17:40:13,2,2025-05-03 05:03:41
121,2025-10-05 23:11:02,317,253,,1,2026-04-29 23:18:38
122,2025-05-28 07:33:13,77,8,2026-05-31 08:03:14,1,2026-02-17 03:46:54
123,2026-06-22 00:07:47,241,230,2025-03-26 19:18:37,2,2025-05-15 22:32:46
124,2025-01-22 07:51:14,466,52,2026-05-10 12:23:05,1,2025-08-29 08:04:37
125,2025-01-11 21:45:47,320,135,2026-06-07 07:47:38,1,2026-03-19 19:46:30
126,2026-03-20 04:04:11,475,315,2025-04-20 18:21:38,1,2026-01-25 16:17:17
127,2025-09-27 16:29:31,150,312,2025-10-19 05:19:13,1,2025-09-06 06:18:51
128,2025-10-06 19:25:16,278,307,2025-09-21 02:18:45,1,2025-04-26 09:44:12
129,2025-08-25 21:02:47,196,100,2026-02-15 11:50:17,1,2026-01-04 05:12:21
130,2025-12-30 02:39:31,123,285,2026-02-18 20:52:53,2,2025-10-16 05:06:00
131,2025-06-15 18:33:31,315,310,2025-09-20 21:57:28,2,2026-06-12 16:02:28
132,2026-03-16 05:30:22,194,358,2025-04-28 18:05:07,1,2026-01-23 10:41:12
133,2026-02-27 08:13:01,93,184,2025-06-28 12:59:52,2,2025-11-01 02:14:29
134,2025-05-28 03:31:03,428,289,2025-11-02 00:08:41,1,2025-10-15 16:22:56
135,2026-06-19 19:37:17,139,256,2025-06-25 07:41:14,2,2025-04-06 09:26:26
136,2026-04-22 15:59:00,382,430,2026-06-10 01:01:41,1,2025-12-22 19:16:51
137,2025-06-02 14:44:06,297,372,2026-06-14 00:47:15,2,2026-03-03 15:15:30
138,2026-04-11 02:26:33,355,336,2026-05-23 02:06:08,1,2025-09-04 15:28:16
139,2026-05-05 14:26:28,105,424,2026-04-23 21:27:00,2,2026-03-09 18:49:08
140,2025-06-25 19:37:46,133,218,2025-09-29 05:28:30,1,2025-11-18 20:25:38
141,2026-05-28 02:09:26,409,100,2026-03-29 22:16:52,2,2025-07-25 15:34:20
142,2025-12-09 12:21:36,394,404,,1,2026-01-17 01:33:29
143,2025-09-28 09:25:59,368,183,2025-10-16 22:38:08,2,2025-03-28 12:32:32
144,2025-01-04 14:05:04,63,366,2025-01-29 08:05:16,2,2025-05-18 19:56:37
145,2026-04-27 21:23:24,330,340,2026-05-25 03:22:55,2,2025-05-15 04:57:20
146,2025-10-01 15:09:01,169,39,2026-03-12 05:58:27,1,2025-01-11 07:40:27
147,2026-06-19 22:31:27,450,271,2026-06-14 15:27:13,1,2025-09-18 16:18:14
148,2026-06-04 13:18:59,248,290,2025-11-18 16:12:31,1,2025-09-25 05:35:27
149,2025-03-13 13:51:56,412,7,2025-10-13 07:03:32,2,2025-08-14 23:58:46
150,2025-08-12 17:55:46,415,395,2025-09-29 05:37:02,2,2025-01-10 14:44:32
151,2025-02-12 13:07:05,116,324,2025-02-16 02:00:03,1,2026-04-02 15:38:50
152,2025-09-01 14:16:38,455,264,2025-05-14 21:38:30,2,2026-06-22 19:58:53
153,2025-04-26 20:31:05,140,452,2026-03-08 15:40:18,2,2025-02-01 00:38:23
154,2025-09-26 19:42:54,500,99,2026-02-23 15:07:41,1,2025-01-13 16:24:47
155,2025-12-08 06:28:18,443,284,2026-04-12 11:27:07,1,2025-06-21 08:34:39
156,2026-06-13 06:37:37,337,18,2025-12-09 09:51:50,2,2025-02-25 14:03:06
157,2025-09-26 03:21:42,358,433,2025-09-29 05:17:10,1,2025-01-10 01:48:41
158,2025-03-23 07:02:49,287,344,,1,2026-02-09 17:10:47
159,2025-05-06 18:59:17,58,34,2025-07-24 04:41:31,1,2025-03-20 19:42:16
160,2025-08-07 08:48:01,70,364,2026-03-10 06:28:19,1,2026-05-05 08:58:41
161,2026-06-26 19:49:31,470,372,2026-02-17 11:24:28,1,2026-02-21 08:20:18
162,2025-06-18 09:53:55,262,24,2025-02-06 18:55:12,1,2025-02-21 13:10:22
163,2026-02-07 03:54:11,24,92,2025-05-03 04:35:34,2,2025-06-19 01:41:13
164,2025-04-03 15:42:11,300,313,2025-07-15 17:21:56,2,2025-01-01 12:51:29
165,2025-05-07 10:42:06,169,144,2025-08-27 15:17:54,2,2025-04-15 22:03:45
166,2025-06-04 17:40:04,456,7,2025-06-26 20:24:27,1,2026-05-22 14:16:12
167,2026-04-15 14:38:17,391,217,,2,2025-12-22 06:35:07
168,2025-10-02 06:38:30,436,317,2025-07-06 01:18:36,2,2025-11-03 08:40:07
169,2025-11-21 19:01:56,300,79,2025-12-24 19:37:30,2,2026-04-16 02:17:53
170,2025-02-27 22:56:13,390,418,2025-03-15 16:05:06,2,2025-12-16 07:23:38
171,2026-02-13 15:02:12,478,245,2025-05-29 08:56:19,2,2025-12-13 13:44:14
172,2025-09-10 03:53:32,324,467,2025-11-12 11:23:59,1,2026-03-19 20:36:55
173,2025-03-24 15:55:14,152,287,2025-08-18 19:02:09,1,2026-01-18 21:37:08
174,2025-04-16 14:01:15,185,6,2025-03-10 02:53:30,2,2025-04-18 08:11:20
175,2026-03-21 10:24:29,227,81,2026-05-08 00:46:00,2,2025-12-28 21:33:08
176,2025-09-19 13:37:04,134,480,2026-06-04 02:09:09,1,2026-04-06 02:10:21
177,2025-02-20 09:10:41,492,466,,1,2025-10-18 02:53:14
178,2025-02-22 09:40:38,99,328,2026-02-16 03:01:17,2,2025-09-15 22:51:39
179,2025-12-24 09:40:15,423,208,2026-05-23 21:46:10,2,2026-06-13 23:15:47
180,2026-06-12 22:45:10,184,430,2025-06-06 06:05:04,1,2025-08-15 05:56:24
181,2025-03-16 03:50:16,430,116,2025-10-27 00:16:54,2,2025-09-19 06:12:26
182,2025-10-05 00:29:07,71,8,2026-01-08 19:45:45,2,2025-04-16 14:51:52
183,2025-06-07 07:25:33,161,43,2025-09-21 03:33:57,2,2025-11-30 06:09:01
184,2026-04-22 06:02:29,187,458,2025-05-29 06:03:09,2,2025-10-06 10:43:51
185,2026-06-09 06:17:06,196,153,2026-06-10 10:02:09,1,2025-07-07 06:22:21
186,2025-07-16 02:15:30,41,203,2026-02-25 15:17:35,1,2025-08-07 14:24:36
187,2026-06-27 17:24:54,32,282,2025-05-24 10:45:20,1,2026-01-12 01:27:02
188,2026-06-10 12:06:06,477,160,2025-07-27 20:55:07,2,2025-01-26 15:40:12
189,2025-07-12 15:56:10,45,434,2025-09-06 19:16:05,2,2025-09-01 17:07:19
190,2025-02-17 14:03:06,372,291,2025-10-10 14:08:46,2,2025-05-29 09:00:24
191,2026-04-28 08:48:48,167,437,2025-10-27 15:52:19,2,2025-07-17 17:28:30
192,2026-01-16 13:02:02,484,125,,1,2026-04-15 20:42:59
193,2026-03-01 12:11:09,339,123,2025-11-02 10:40:04,2,2026-04-08 18:17:25
194,2025-06-11 19:51:19,411,66,2025-12-26 03:58:22,1,2025-05-20 16:36:30
195,2025-05-18 12:46:32,250,197,2026-03-31 13:48:00,2,2026-01-08 08:31:01
196,2025-02-24 09:13:30,423,470,2026-02-05 14:33:00,2,2025-05-12 01:48:11
197,2025-01-01 16:05:03,370,63,2025-04-06 11:22:53,1,2025-10-14 01:49:24
198,2025-03-23 14:32:28,490,85,2026-05-30 19:23:40,1,2026-02-02 23:00:31
199,2026-04-13 16:34:20,319,286,2026-03-28 15:51:55,1,2026-01-26 23:54:33
200,2026-03-17 21:03:04,86,384,2025-05-14 03:20:32,2,2025-06-12 06:04:49
201,2025-10-11 01:43:44,467,129,,1,2025-11-07 08:27:57
202,2025-04-12 16:57:53,186,259,2026-06-06 20:56:49,2,2026-04-05 15:21:45
203,2026-04-16 18:06:31,368,100,2025-12-21 14:32:33,1,2025-01-23 00:34:16
204,2025-02-20 07:07:20,326,456,2026-04-14 11:15:31,2,2026-01-05 22:17:18
205,2025-08-25 14:05:48,108,328,2025-09-22 21:09:11,1,2025-05-05 16:17:03
206,2026-03-03 14:33:58,444,420,2025-10-12 16:33:46,1,2025-04-18 16:16:37
207,2025-06-24 11:03:26,44,212,,1,2026-05-21 09:48:49
208,2026-05-26 13:47:22,409,4,2025-01-16 12:03:41,2,2025-09-28 15:50:27
209,2026-04-30 16:50:08,238,104,2026-01-20 04:25:21,1,2026-03-10 05:35:26
210,2025-12-21 08:03:13,76,313,2026-06-29 01:16:39,1,2026-02-21 09:04:32
211,2025-04-09 11:58:11,261,431,2026-01-25 06:41:58,2,2025-05-04 08:32:09
212,2026-02-24 06:21:55,483,435,2026-06-08 02:13:29,1,2025-01-19 07:16:00
213,2026-04-09 18:25:30,43,240,2025-07-26 12:56:13,1,2026-05-10 08:10:50
214,2025-05-14 17:40:42,464,437,2025-12-19 17:58:19,2,2025-06-10 12:02:49
215,2025-01-01 04:05:04,77,108,2025-03-02 12:12:23,1,2026-01-28 17:37:09
216,2025-05-06 21:48:03,471,104,2025-09-03 11:57:31,1,2026-02-01 13:29:45
217,2026-06-22 19:43:48,1,459,2025-07-06 18:31:52,2,2026-02-21 12:35:04
218,2025-11-01 01:52:45,181,249,2025-10-05 03:38:54,2,2026-02-06 13:50:38
219,2025-12-23 06:43:00,229,167,2026-06-18 10:36:10,2,2026-03-15 23:21:08
220,2025-04-21 08:51:31,446,468,2025-12-22 05:15:32,2,2025-06-30 10:31:29
221,2025-08-16 20:26:59,251,53,2025-05-04 09:48:03,1,2025-08-11 18:32:52
222,2025-07-26 12:59:21,131,177,2025-02-21 06:33:10,1,2025-09-04 22:34:45
223,2025-04-02 09:11:07,65,71,2025-12-21 17:17:12,1,2025-01-28 08:48:35
224,2026-04-28 23:14:04,377,456,2025-03-02 03:14:16,1,2026-02-11 10:02:30
225,2025-01-23 02:23:37,333,29,2025-03-20 11:04:55,2,2025-03-09 17:58:44
226,2025-06-02 16:15:16,111,185,2025-04-18 05:56:08,2,2025-12-17 16:05:02
227,2026-04-09 17:58:57,421,358,2026-03-04 04:17:00,2,2025-07-25 22:20:00
228,2026-03-11 03:01:48,227,81,2025-03-10 06:37:10,2,2025-12-28 23:18:16
229,2025-11-09 12:05:44,19,153,2026-01-04 00:47:41,2,2025-11-29 22:24:52
230,2025-02-06 01:17:13,267,2,2026-03-13 13:46:06,2,2025-07-02 21:00:49
231,2026-04-21 21:53:45,211,23,2025-06-03 22:13:37,2,2025-05-20 05:15:57
232,2026-03-20 02:12:21,325,492,,1,2026-06-25 20:33:04
233,2025-12-28 18:16:20,201,467,2026-02-27 23:59:37,1,2025-06-15 03:34:35
234,2025-01-17 16:24:03,277,232,2026-02-27 02:26:28,2,2025-05-18 04:54:43
235,2025-06-23 20:04:01,484,59,2026-05-18 16:49:13,2,2025-11-25 06:20:15
236,2025-04-25 15:50:51,227,82,2026-02-18 22:04:29,2,2025-11-24 18:20:43
237,2026-01-11 11:28:48,412,183,2025-11-18 08:47:07,2,2026-03-28 09:28:57
238,2025-10-06 20:56:36,331,5,2026-04-01 16:52:21,2,2025-01-16 08:13:00
239,2026-03-05 11:13:36,260,129,2025-12-05 05:45:44,2,2025-04-26 18:00:24
240,2026-06-11 22:09:58,111,434,2025-04-10 07:52:26,2,2025-10-22 09:18:21
241,2025-07-22 16:35:09,318,6,2025-01-21 10:45:00,1,2026-05-16 23:40:46
242,2025-04-09 09:17:19,150,469,2025-03-12 15:34:19,1,2026-06-13 17:14:01
243,2026-01-08 23:28:58,11,123,,2,2025-01-24 06:40:03
244,2025-10-19 00:33:24,279,101,2026-04-15 10:15:52,1,2026-03-14 21:54:28
245,2026-03-26 23:16:49,112,388,2025-12-04 12:55:34,1,2025-12-20 08:45:32
246,2025-06-15 22:38:14,415,469,2026-02-16 11:19:35,1,2026-03-19 21:46:43
247,2025-09-15 00:00:41,420,402,2025-01-30 13:24:19,2,2026-01-13 08:10:15
248,2025-04-05 05:06:45,217,256,,1,2025-07-04 01:20:32
249,2026-05-19 11:21:17,194,226,2025-02-25 05:54:50,1,2025-09-09 23:10:38
250,2026-02-07 14:29:06,269,172,2025-12-27 20:31:06,1,2025-04-12 21:44:20
251,2025-08-23 13:34:16,454,485,2025-03-21 11:58:22,1,2025-06-13 09:28:31
252,2025-10-01 13:32:02,128,428,2026-04-22 00:30:44,2,2025-03-05 15:04:07
253,2025-03-08 14:27:52,189,448,2025-07-21 11:53:51,2,2025-11-23 12:47:35
254,2025-12-22 11:58:18,167,265,2026-01-10 03:38:24,2,2025-01-22 13:50:29
255,2025-08-09 00:58:20,275,219,2026-04-11 12:08:04,1,2025-08-26 15:20:50
256,2026-04-11 02:09:49,279,135,2025-02-05 08:42:15,1,2025-08-09 02:10:01
257,2026-03-24 18:53:05,478,372,2026-04-17 16:39:44,1,2026-06-24 07:31:09
258,2026-04-13 09:31:15,34,230,2025-10-18 20:54:37,2,2026-02-08 07:22:54
259,2026-05-05 20:59:33,50,272,2026-06-29 17:25:45,2,2026-05-30 18:49:59
260,2026-06-04 08:16:00,490,25,2025-11-14 16:51:19,1,2025-04-24 03:48:06
261,2025-06-09 13:48:29,226,57,2025-12-03 06:18:21,2,2025-07-30 20:54:20
262,2026-01-14 13:36:58,169,146,2025-09-26 18:28:04,1,2025-04-06 18:36:36
263,2026-05-09 19:07:03,408,35,,2,2025-08-17 01:54:03
264,2025-03-11 17:08:52,259,263,2025-01-29 09:13:29,1,2025-06-28 03:10:33
265,2026-01-08 14:42:13,181,238,2025-10-17 12:11:29,1,2025-04-07 19:20:10
266,2026-03-29 14:03:58,228,339,2026-01-04 01:23:51,2,2026-02-07 20:15:21
267,2025-03-05 16:39:25,136,240,2025-10-26 04:01:58,1,2025-12-09 12:38:21
268,2026-05-23 06:04:43,18,239,2025-03-19 12:15:18,2,2025-05-15 01:49:55
269,2025-01-28 02:12:41,149,387,2025-02-15 11:07:23,2,2025-05-04 18:08:28
270,2026-06-07 06:38:36,355,265,2026-03-28 10:22:04,2,2026-03-05 15:08:26
271,2026-03-16 03:52:26,239,14,2025-10-05 05:02:12,1,2025-11-17 19:53:01
272,2026-04-29 12:34:01,339,79,2026-04-25 05:34:56,2,2026-01-17 04:46:36
273,2025-01-20 21:59:05,476,217,2026-04-07 04:38:12,1,2025-08-25 05:44:38
274,2025-05-12 10:45:21,469,267,2025-04-11 18:12:35,1,2025-09-28 02:13:55
275,2025-05-02 13:30:18,382,41,2025-03-05 14:15:26,1,2026-06-12 05:11:33
276,2025-10-26 05:26:57,491,88,2026-03-11 13:32:22,1,2026-05-08 08:03:56
277,2025-04-05 07:38:07,447,59,,1,2026-05-18 07:01:27
278,2025-10-28 18:48:51,418,372,2025-02-21 13:19:22,1,2025-08-04 02:32:25
279,2025-01-30 23:48:45,59,496,2025-08-18 11:10:15,1,2025-10-21 13:50:24
280,2026-03-02 13:44:30,377,367,2025-08-09 12:26:44,1,2026-05-30 17:09:28
281,2025-07-25 15:38:19,15,265,2026-04-16 14:16:30,2,2025-03-02 04:48:10
282,2025-03-05 13:39:23,404,450,2026-05-29 18:52:39,1,2025-10-29 22:58:20
283,2026-02-10 16:41:34,189,114,2025-02-26 07:30:13,2,2026-01-06 19:03:56
284,2025-03-04 23:05:52,417,238,2025-09-28 14:31:56,1,2025-07-18 01:05:17
285,2025-03-08 10:36:36,337,6,2026-01-17 09:36:35,1,2026-04-01 20:48:44
286,2025-05-11 22:20:15,339,474,2025-08-14 04:41:51,2,2025-12-22 15:10:29
287,2025-05-27 09:20:30,161,499,2025-08-15 22:37:19,2,2026-05-12 13:22:41
288,2025-09-28 03:21:24,465,452,2026-03-19 18:30:20,1,2026-02-11 01:59:01
289,2026-03-03 07:22:07,380,122,2026-05-14 05:14:11,2,2025-12-31 09:09:49
290,2026-05-26 23:46:30,75,480,,1,2025-02-11 03:38:45
291,2025-02-14 00:57:33,428,224,2025-12-16 18:40:10,1,2026-06-18 22:30:39
292,2025-10-19 02:23:27,160,51,2025-03-20 00:54:51,2,2025-12-29 21:59:53
293,2025-09-27 03:36:13,18,246,2025-06-12 23:02:47,1,2025-10-06 15:59:35
294,2025-11-04 18:18:06,356,440,2025-02-19 03:04:13,1,2026-04-10 23:00:31
295,2025-02-13 10:42:10,284,211,2026-02-13 18:30:48,1,2026-06-25 10:09:39
296,2026-04-24 00:00:29,168,111,2025-01-23 22:56:33,2,2025-09-11 11:57:57
297,2026-03-06 09:53:21,115,324,,2,2026-03-15 13:06:21
298,2026-06-02 16:38:34,325,346,,2,2025-05-03 10:52:40
299,2025-02-06 12:27:34,419,448,2025-03-20 02:15:35,1,2025-09-08 21:23:26
300,2025-12-31 05:25:15,312,482,2025-06-19 16:55:20,2,2025-04-14 03:06:59
301,2025-05-17 10:20:20,176,499,2025-10-07 16:00:54,2,2025-10-01 11:12:27
302,2026-02-04 05:54:53,223,119,2025-07-25 22:34:06,2,2026-04-04 02:52:09
303,2026-01-17 06:29:19,387,435,2025-07-10 17:58:48,2,2025-12-24 12:48:04
304,2026-06-25 05:38:04,135,437,2025-01-10 23:13:35,1,2026-06-11 02:12:18
305,2025-09-17 08:43:01,297,162,,1,2025-03-28 10:59:01
306,2025-05-10 06:07:37,179,240,2026-03-16 01:35:08,1,2025-10-25 14:09:55
307,2025-09-19 14:46:37,57,427,2025-12-29 07:55:40,1,2026-04-08 02:24:41
308,2025-04-30 09:35:06,122,164,2025-08-12 23:44:47,2,2026-05-16 19:20:48
309,2025-10-01 11:20:17,424,263,2025-02-10 23:50:39,1,2026-06-09 22:05:14
310,2026-04-14 05:56:43,332,24,2025-09-28 18:46:27,2,2025-06-29 06:55:31
311,2025-10-28 15:41:45,37,239,2025-04-23 05:31:35,1,2026-04-10 12:36:29
312,2025-02-17 08:57:09,151,318,,2,2025-11-01 07:43:55
313,2025-08-31 16:29:07,77,390,2025-08-05 10:58:28,2,2025-05-22 15:02:10
314,2026-05-28 14:33:57,412,494,2026-01-23 06:02:45,2,2026-02-26 04:39:15
315,2025-01-23 09:50:43,102,492,2025-10-08 17:58:24,2,2025-08-29 23:38:40
316,2025-01-29 20:18:49,425,205,2025-08-21 18:14:08,1,2026-01-21 09:47:06
317,2026-05-08 05:13:56,255,244,2026-05-24 12:01:11,1,2026-05-14 03:52:47
318,2025-10-02 05:45:07,341,273,2026-01-10 07:05:57,2,2025-01-08 07:52:15
319,2026-03-11 21:54:59,349,358,2026-06-08 03:31:35,1,2026-01-08 02:59:42
320,2025-09-14 10:07:15,464,127,2025-11-11 18:03:58,2,2025-06-05 00:41:54
321,2025-11-02 05:02:28,238,28,2026-05-30 22:16:17,1,2026-05-21 20:02:12
322,2025-02-13 18:08:28,215,23,2025-10-02 21:32:07,1,2026-03-24 07:55:55
323,2025-09-30 06:58:16,405,114,2025-11-15 16:16:35,2,2026-02-01 13:03:16
324,2026-06-12 06:07:10,2,10,2025-12-06 14:00:06,2,2025-03-08 00:50:47
325,2026-01-28 20:16:43,73,423,2025-02-20 13:34:39,2,2025-07-22 18:30:33
326,2026-01-25 22:08:42,218,169,2025-10-29 06:47:50,2,2025-08-02 17:20:45
327,2025-09-16 14:28:40,444,141,2026-01-21 02:29:31,2,2026-01-11 21:51:53
328,2025-08-20 06:26:31,491,180,,2,2025-08-01 20:35:54
329,2025-09-23 04:47:52,220,190,2025-02-25 13:44:03,2,2025-02-16 04:26:39
330,2026-02-11 03:18:07,288,415,,2,2025-06-03 08:07:02
331,2025-10-08 14:18:08,373,163,2026-03-15 10:15:23,1,2026-01-07 11:56:35
332,2026-05-17 08:38:38,264,209,,2,2025-07-19 00:44:13
333,2026-05-24 07:13:15,486,313,2026-04-29 14:10:35,2,2025-12-27 13:15:02
334,2025-09-05 08:33:56,19,349,2026-01-20 18:55:58,2,2026-06-14 13:45:41
335,2025-10-11 14:59:32,130,443,2026-04-13 14:01:37,2,2025-10-07 01:24:47
336,2026-03-14 08:49:13,493,88,2026-04-10 09:09:16,1,2025-02-22 13:40:57
337,2026-04-25 16:31:18,338,274,2025-11-22 22:54:19,2,2025-11-25 03:19:17
338,2026-05-11 04:17:51,479,323,2025-03-02 23:47:08,2,2025-08-28 17:29:49
339,2025-07-05 12:22:05,205,105,2025-06-18 05:14:25,2,2025-08-12 16:17:36
340,2025-12-18 14:58:05,243,61,2025-04-02 14:40:51,1,2025-07-31 17:32:48
341,2025-05-25 00:47:16,164,253,2026-02-03 05:13:47,1,2025-11-20 03:59:23
342,2025-06-06 09:30:51,312,283,,2,2025-08-17 23:22:40
343,2025-07-30 00:31:08,135,327,2025-05-11 01:25:52,1,2025-11-13 19:45:27
344,2025-12-06 09:06:51,344,51,2025-11-24 15:25:10,1,2025-12-05 14:55:50
345,2026-01-06 21:54:25,56,441,2026-05-09 16:42:17,1,2025-02-19 04:32:56
346,2025-08-29 19:37:02,30,352,2026-01-04 03:05:52,2,2025-11-06 00:47:03
347,2026-01-25 22:09:22,33,5,2025-03-03 09:52:15,2,2026-01-06 02:11:53
348,2025-10-23 01:44:22,345,108,2026-06-26 05:42:14,2,2026-05-16 14:29:01
349,2025-03-25 10:27:14,172,424,2026-04-04 06:36:16,2,2026-01-30 09:23:32
350,2025-11-08 17:07:16,61,300,2025-02-08 21:39:36,2,2026-04-04 10:42:55
351,2025-03-14 15:55:03,169,116,2025-12-10 23:16:22,1,2026-03-16 16:55:35
352,2025-07-24 07:04:50,306,307,,1,2025-08-08 18:53:39
353,2025-03-24 15:23:37,261,211,,2,2025-11-10 06:35:47
354,2026-01-18 06:23:18,154,281,2025-02-01 01:35:55,2,2026-01-15 23:52:56
355,2025-01-26 17:03:56,303,382,2026-06-15 18:00:08,1,2025-06-17 13:39:10
356,2025-02-20 16:14:46,249,230,2025-04-27 18:07:56,2,2025-07-17 20:35:16
357,2025-07-13 23:31:59,246,113,2025-07-10 22:19:30,1,2026-04-08 20:41:41
358,2026-04-25 08:11:38,18,280,2025-12-16 20:43:51,2,2025-05-04 04:12:10
359,2025-06-20 02:07:33,337,126,2025-09-19 03:40:14,2,2025-08-15 18:03:58
360,2025-10-13 14:29:52,182,340,2025-02-20 04:50:47,2,2026-02-08 00:27:29
361,2025-01-19 06:46:47,361,139,2025-10-02 15:58:59,2,2025-10-14 23:00:37
362,2025-07-14 16:39:00,279,197,2025-02-14 06:42:06,2,2025-05-07 02:52:16
363,2025-06-07 03:57:36,465,175,2025-07-02 14:29:23,2,2025-05-24 02:25:25
364,2026-03-20 22:39:51,362,49,2025-10-19 02:39:16,1,2025-10-20 05:06:48
365,2025-07-25 00:27:11,41,90,,2,2025-12-05 23:40:39
366,2025-12-19 09:41:58,289,168,2026-06-03 19:33:55,2,2025-04-06 11:50:21
367,2025-04-02 17:22:09,125,127,2025-07-12 06:10:50,2,2025-04-03 03:14:10
368,2025-08-17 01:00:10,141,79,2025-02-20 02:22:58,1,2025-09-11 23:39:20
369,2025-04-30 15:09:33,224,210,2025-09-03 00:39:48,2,2025-04-25 19:11:47
370,2026-06-13 22:09:49,284,95,,1,2025-11-28 13:59:59
371,2025-01-10 08:36:20,251,484,2025-07-08 03:27:26,2,2025-06-18 18:01:32
372,2026-01-14 22:44:28,141,324,2025-10-29 05:55:07,2,2025-10-11 04:10:09
373,2025-07-31 01:28:10,267,53,2025-05-19 01:24:50,1,2025-11-24 17:00:15
374,2025-08-03 13:32:21,258,425,,1,2025-08-01 14:45:47
375,2026-02-25 00:22:30,370,420,2026-03-05 13:42:25,2,2026-06-03 04:08:01
376,2025-11-27 08:00:40,292,498,2026-06-28 18:26:35,1,2026-02-04 09:15:11
377,2025-12-19 05:57:01,283,198,2025-05-13 06:33:08,1,2026-02-10 00:44:08
378,2025-06-17 22:04:34,472,253,2025-07-14 22:03:03,1,2025-05-28 04:42:20
379,2026-02-12 02:45:34,491,138,2025-10-15 04:15:16,2,2025-12-21 09:22:05
380,2026-03-26 02:46:07,281,433,2026-04-10 19:36:32,1,2026-01-22 23:12:00
381,2025-02-18 22:56:10,243,384,2025-03-26 18:34:31,2,2025-03-18 12:26:50
382,2026-01-08 12:14:27,253,29,2026-06-04 08:41:14,2,2026-05-28 20:23:53
383,2025-10-18 09:02:29,105,244,,1,2025-09-26 17:18:41
384,2025-03-13 12:51:11,35,397,2026-03-09 12:31:43,2,2026-05-29 02:10:00
385,2026-06-20 12:22:56,198,85,2026-01-06 09:29:31,2,2025-10-15 14:23:29
386,2026-04-20 10:20:24,219,142,2026-07-01 22:18:47,2,2025-10-24 19:26:08
387,2026-06-12 20:56:38,226,261,2026-03-02 10:33:26,1,2026-04-22 00:45:25
388,2025-09-13 03:39:57,138,85,2025-10-27 22:31:36,2,2026-06-15 19:41:38
389,2025-12-14 06:58:39,407,46,2025-06-07 16:30:07,2,2025-11-17 01:31:04
390,2025-12-04 11:00:08,330,248,2025-08-02 00:13:12,2,2025-12-11 11:16:01
391,2026-05-24 21:29:24,368,486,,2,2025-07-21 20:14:27
392,2026-04-30 01:58:20,86,283,2025-02-04 18:19:19,1,2025-12-27 12:57:21
393,2026-03-26 17:51:39,219,438,2025-04-16 09:39:36,2,2025-09-21 07:49:57
394,2025-09-19 15:07:53,148,383,2025-12-07 09:16:19,2,2026-04-23 22:51:24
395,2025-07-18 16:22:10,206,121,2026-05-26 05:02:59,1,2025-11-30 19:27:53
396,2025-09-13 00:32:36,304,415,,1,2026-02-04 02:50:50
397,2026-05-03 18:04:13,228,465,2025-05-10 15:21:30,1,2025-09-24 04:18:14
398,2025-07-15 07:37:23,68,342,2025-06-20 06:41:18,1,2025-09-28 08:06:26
399,2025-12-04 11:56:41,225,258,2025-02-08 17:15:44,2,2026-03-01 23:58:52
400,2026-01-07 07:51:30,117,331,2026-01-03 05:09:20,2,2025-02-20 01:17:26
401,2025-08-06 03:04:39,161,29,2026-02-11 18:37:36,1,2026-02-03 10:04:59
402,2026-05-03 02:45:26,102,243,2025-10-13 15:03:11,1,2026-01-29 03:29:05
403,2026-06-24 12:55:46,454,285,2026-02-14 13:05:19,1,2025-02-03 03:24:23
404,2025-11-28 02:51:27,440,167,2025-07-09 06:03:51,2,2025-11-25 02:37:21
405,2026-01-24 11:47:54,297,103,2026-06-04 01:44:39,1,2025-05-28 09:18:01
406,2025-04-03 01:45:13,146,426,2025-09-09 20:46:31,2,2025-11-24 08:22:18
407,2025-03-02 22:47:59,240,434,2025-10-04 02:36:02,1,2025-03-23 11:57:00
408,2025-03-09 01:42:30,290,298,2026-02-22 16:46:35,1,2025-11-04 20:15:58
409,2025-08-12 18:07:41,303,159,,1,2026-03-15 16:13:49
410,2025-05-25 00:25:12,495,414,2025-04-21 09:27:21,1,2025-07-12 15:32:54
411,2025-11-07 12:34:17,478,39,2025-02-10 05:38:45,2,2025-10-01 12:23:39
412,2025-01-10 18:09:42,326,238,2025-07-13 15:49:17,1,2026-02-25 12:42:13
413,2026-02-07 23:42:17,331,376,2025-09-15 14:37:30,1,2025-09-08 15:40:35
414,2025-10-11 12:47:25,469,246,2026-01-04 14:01:10,1,2025-12-15 08:26:29
415,2026-03-01 18:01:20,124,427,2025-04-24 20:50:27,2,2025-09-26 13:29:16
416,2025-12-03 00:52:37,60,174,2026-03-27 23:45:42,2,2025-09-04 23:22:12
417,2025-11-04 07:57:19,44,104,2025-04-30 15:38:07,2,2025-04-16 14:36:43
418,2026-04-17 07:58:46,417,69,2025-09-30 07:59:10,2,2025-09-01 07:43:44
419,2025-03-26 22:48:28,221,105,2026-04-05 13:45:11,2,2025-09-11 06:38:28
420,2025-07-24 17:13:08,319,430,2025-10-31 23:39:40,1,2026-05-10 07:41:33
421,2026-03-31 19:40:35,481,134,2025-06-28 22:56:20,2,2025-09-18 12:39:32
422,2025-10-02 02:09:29,162,343,2026-01-26 19:15:30,2,2025-11-08 04:03:19
423,2025-04-28 14:46:03,208,45,2025-04-15 18:00:11,2,2026-01-22 22:47:38
424,2026-04-25 12:52:50,56,66,2026-02-22 00:25:46,1,2026-04-05 13:21:24
425,2025-06-24 02:39:11,195,173,2026-04-06 20:18:16,2,2025-02-20 08:37:26
426,2025-12-06 20:45:58,116,34,2026-02-13 03:08:54,2,2026-06-23 22:56:25
427,2025-02-14 15:07:37,496,320,2026-05-24 17:21:28,2,2025-12-24 12:41:16
428,2025-07-07 07:49:47,148,191,2026-01-24 08:12:26,1,2025-05-12 17:08:30
429,2025-12-13 09:41:29,461,364,2025-11-01 11:16:01,1,2026-05-07 14:54:54
430,2025-03-24 06:28:23,378,97,2026-01-13 08:36:10,2,2025-08-15 19:50:37
431,2025-04-05 15:24:14,455,419,2026-01-20 09:57:19,1,2026-05-12 19:44:58
432,2025-04-04 20:12:04,438,91,2025-09-16 05:48:27,1,2025-10-28 21:32:28
433,2026-04-16 22:18:35,219,97,2026-01-27 08:36:06,2,2025-07-20 12:26:48
434,2026-01-16 13:24:17,456,159,2025-12-15 15:05:15,2,2026-03-28 10:25:00
435,2026-01-31 02:31:19,310,308,2025-07-27 08:02:04,1,2025-04-09 04:38:48
436,2025-08-31 04:48:59,98,370,2025-04-08 07:29:55,2,2026-02-10 21:38:39
437,2025-10-19 06:18:51,122,230,2026-01-11 11:35:02,2,2025-01-30 14:34:45
438,2025-05-29 20:18:11,482,236,2025-06-06 18:01:35,2,2025-08-05 20:18:38
439,2025-09-16 16:24:47,427,144,2025-09-13 04:56:15,1,2025-11-20 19:51:20
440,2025-12-20 10:28:29,80,9,2026-02-06 21:04:51,1,2026-02-02 06:22:07
441,2025-01-08 09:40:29,74,218,2025-04-10 19:45:17,1,2025-03-15 01:28:28
442,2026-04-08 05:05:48,331,315,2025-11-01 02:21:57,2,2026-03-17 18:50:42
443,2025-10-21 18:19:18,260,78,2025-11-16 10:38:14,2,2026-05-25 20:12:49
444,2025-10-08 07:25:58,237,323,2026-02-07 08:35:54,1,2025-04-29 01:40:53
445,2025-01-02 11:52:50,249,406,,2,2025-09-29 13:38:10
446,2025-08-23 19:23:19,3,218,2025-02-04 11:05:19,1,2025-01-28 15:36:23
447,2026-03-16 18:49:46,290,132,2026-06-23 16:04:33,2,2025-02-26 19:59:12
448,2025-07-21 07:45:12,416,496,2025-11-06 19:14:49,1,2025-09-04 17:02:58
449,2026-05-09 11:49:58,269,107,,2,2025-06-01 08:01:05
450,2025-07-20 16:16:35,17,74,,2,2026-03-01 10:06:13
451,2025-04-03 08:53:43,488,317,2025-06-20 21:49:45,2,2026-06-07 16:48:51
452,2025-07-13 07:28:01,337,209,2025-03-21 06:27:11,1,2026-02-20 07:08:17
453,2026-02-07 15:01:11,337,132,2025-08-27 19:25:22,2,2025-03-30 06:33:12
454,2026-01-25 02:53:13,366,111,2025-11-25 14:25:48,1,2025-08-13 11:46:48
455,2025-02-11 07:46:59,208,327,2025-09-29 03:04:14,2,2025-11-17 00:45:50
456,2026-04-03 01:04:35,195,401,2025-02-10 10:07:49,1,2025-01-21 09:37:27
457,2025-08-17 19:47:15,171,155,2025-05-23 19:43:47,1,2025-04-17 04:47:57
458,2025-05-08 05:54:35,494,89,2025-10-12 12:24:50,1,2025-03-17 09:54:44
459,2026-03-31 16:36:14,414,70,2025-05-12 03:06:15,1,2025-05-14 23:53:39
460,2026-05-17 20:58:15,43,206,2025-11-03 20:45:33,1,2025-07-04 14:29:45
461,2025-04-15 05:56:34,100,282,2025-04-26 23:30:12,2,2025-06-06 17:40:54
462,2025-11-01 07:03:38,16,194,2025-07-16 21:59:44,1,2026-04-24 18:14:31
463,2025-04-02 05:05:31,394,420,2025-04-04 13:39:34,1,2026-02-10 10:47:13
464,2025-01-06 01:32:01,300,155,2026-06-27 22:31:22,2,2026-04-01 06:31:50
465,2026-03-28 03:53:59,247,69,2025-12-07 21:15:26,2,2025-09-10 21:29:02
466,2026-02-28 06:59:37,491,463,2026-06-30 11:48:28,1,2025-05-01 02:07:28
467,2026-06-09 14:15:46,415,216,2025-03-20 04:21:42,1,2026-04-03 11:47:16
468,2025-12-27 06:51:38,400,103,2026-03-25 15:40:32,1,2026-01-06 10:28:00
469,2026-05-15 21:03:13,122,346,2025-12-04 10:56:51,2,2025-10-04 03:57:28
470,2026-01-30 03:50:25,83,431,2025-02-22 19:35:18,1,2025-09-06 03:11:18
471,2025-01-31 19:40:24,359,355,2026-06-27 13:32:37,2,2025-01-11 10:33:57
472,2025-08-31 01:09:32,94,468,2026-04-08 16:27:19,2,2025-06-02 18:28:29
473,2025-10-28 12:53:52,39,304,2025-01-21 06:53:22,2,2025-12-01 23:58:16
474,2025-02-27 17:03:12,384,102,,2,2025-01-06 21:17:48
475,2025-12-01 03:20:58,461,85,2025-03-14 19:01:35,2,2026-05-13 21:34:13
476,2025-04-03 21:24:08,114,285,2025-10-27 23:42:02,2,2026-05-24 23:36:23
477,2026-03-18 12:32:31,112,81,2025-09-13 21:56:18,2,2025-12-26 20:33:39
478,2025-02-07 20:55:25,180,277,2026-05-16 15:41:27,1,2025-03-01 22:44:37
479,2025-03-15 11:24:26,181,72,2025-11-25 03:05:19,2,2025-09-12 08:14:18
480,2026-02-09 10:51:19,332,36,2025-06-10 23:37:26,1,2025-11-28 18:26:13
481,2025-07-22 11:08:10,209,32,,2,2025-01-17 15:43:05
482,2025-11-26 09:05:55,62,197,2026-05-14 10:33:31,1,2026-06-11 13:41:56
483,2025-10-18 00:27:51,283,76,2025-07-20 04:55:06,2,2025-11-26 15:26:18
484,2026-04-12 19:45:37,386,129,2025-05-13 04:54:23,2,2025-09-21 00:55:59
485,2026-06-02 09:51:15,81,324,,2,2026-03-23 16:42:31
486,2026-02-15 12:25:38,194,258,2025-01-12 19:15:02,1,2025-05-16 23:05:05
487,2025-09-21 07:04:01,481,274,2025-09-20 13:27:48,2,2025-04-20 17:11:27
488,2026-03-23 04:49:53,95,399,2025-08-04 08:12:57,2,2025-03-16 09:23:05
489,2025-03-04 17:04:33,141,97,2026-01-03 19:41:23,1,2026-01-22 23:13:55
490,2025-11-24 23:06:59,222,255,2025-11-14 09:37:18,1,2025-09-10 20:11:55
491,2025-07-05 18:54:32,103,340,2025-11-24 05:01:31,2,2025-04-22 18:54:28
492,2025-06-25 20:33:46,492,291,2026-04-04 15:24:41,1,2025-05-01 05:23:22
493,2025-07-10 08:36:21,222,113,2025-07-08 20:16:38,2,2026-04-30 20:32:44
494,2025-08-27 00:41:58,48,214,2025-01-20 04:18:03,1,2025-02-17 02:05:07
495,2026-04-19 16:23:08,375,400,2025-08-17 09:09:15,2,2026-06-02 17:37:26
496,2025-01-30 20:06:38,200,391,2025-10-08 03:39:38,1,2025-06-19 21:28:41
497,2026-05-14 01:14:43,254,391,2026-03-30 05:16:32,1,2026-03-06 00:03:26
498,2026-01-07 18:28:54,432,197,2026-02-18 05:48:47,1,2026-06-03 02:53:47
499,2025-02-28 07:53:55,334,141,2025-12-05 04:09:30,1,2025-08-10 01:38:53
500,2025-07-05 17:24:11,90,474,2025-10-07 15:17:01,2,2025-03-12 19:57:42