cast_member_id,movie_id,modified_on
164,109,2025-07-11 12:12:53
102,129,2025-04-07 19:26:11
123,216,2026-03-08 17:34:26
135,62,2026-03-30 11:52:42
29,463,2025-04-03 15:06:29
192,422,2025-06-17 08:47:43
77,324,2026-02-22 11:56:17
198,382,2026-01-04 07:42:29
80,490,2025-10-13 15:19:21
79,445,2025-04-05 04:37:18
145,442,2025-12-11 23:23:48
89,140,2025-10-20 01:56:25
157,342,2026-06-28 04:41:57
94,477,2026-01-15 05:59:12
113,330,2025-11-01 00:13:07
14,395,2026-03-03 04:08:55
50,385,2026-04-29 11:33:13
176,419,2025-03-27 15:40:15
63,330,2025-05-10 14:13:27
39,89,2025-08-21 19:46:54
78,434,2025-01-13 21:06:02
37,397,2025-03-03 18:13:01
158,163,2026-03-26 05:48:13
16,151,2025-08-25 19:23:26
25,208,2025-10-18 07:01:32
25,239,2025-11-22 20:38:21
109,465,2026-03-22 19:07:03
31,236,2025-07-30 11:25:07
75,143,2026-04-22 06:52:23
73,342,2025-12-23 12:13:26
68,102,2026-06-16 14:28:30
137,474,2025-11-18 01:11:29
116,393,2025-06-30 09:29:59
119,10,2026-04-20 04:32:21
55,92,2026-02-06 20:44:26
161,244,2025-06-20 05:22:33
151,422,2025-02-18 00:29:19
40,421,2026-05-13 10:48:33
187,444,2025-03-17 10:05:25
100,475,2025-03-01 20:07:07
65,199,2025-07-28 17:39:46
30,25,2025-12-14 02:01:06
149,282,2025-11-02 09:28:30
196,310,2026-01-13 04:46:13
186,344,2025-06-03 04:41:40
145,185,2025-10-24 18:14:13
29,164,2025-01-07 09:13:32
161,406,2025-08-09 03:18:31
84,5,2025-07-27 15:10:12
75,79,2025-11-04 13:19:40
16,304,2026-05-05 04:07:28
63,4,2025-07-10 10:54:44
54,380,2025-02-27 23:19:51
155,278,2025-09-14 12:29:42
154,75,2025-01-20 10:08:57
119,19,2025-05-26 23:08:56
113,190,2025-05-25 17:52:48
115,216,2026-01-28 20:45:04
179,156,2025-12-03 18:38:57
146,26,2025-04-04 19:50:01
24,346,2025-11-09 00:16:43
144,365,2025-04-26 04:47:20
141,420,2025-03-30 14:48:51
26,64,2025-04-20 02:58:28
137,227,2025-03-25 08:34:54
180,460,2025-02-26 18:12:21
42,394,2025-08-30 14:23:06
34,464,2025-07-18 00:17:07
188,427,2025-03-29 11:00:36
140,295,2026-06-19 19:16:55
75,313,2026-03-07 05:51:19
72,208,2026-01-22 10:49:59
83,6,2026-06-16 15:40:22
119,334,2026-03-01 12:47:17
24,47,2026-01-28 08:32:44
167,244,2025-03-21 06:22:47
79,122,2025-09-26 10:58:03
80,475,2025-02-12 15:25:15
170,295,2025-10-15 05:53:35
173,465,2025-12-12 02:18:16
52,128,2025-01-29 19:54:05
173,469,2026-03-17 15:32:42
103,489,2025-05-19 19:48:03
148,245,2025-06-17 15:18:38
46,193,2025-09-12 15:34:31
2,252,2026-01-17 05:18:54
162,93,2025-11-09 00:01:46
164,301,2025-10-18 08:33:29
23,24,2025-09-01 02:12:57
72,206,2025-05-18 03:35:21
135,439,2025-05-14 06:20:49
46,444,2025-05-03 05:10:58
63,345,2026-01-25 13:01:16
63,435,2025-08-28 02:37:14
88,265,2025-04-11 06:33:02
198,463,2025-05-12 13:41:08
180,472,2025-12-03 02:06:54
3,14,2025-09-06 11:28:49
6,356,2025-03-27 07:16:03
70,403,2025-08-12 20:54:39
70,274,2025-01-07 15:50:54
124,499,2025-11-09 00:43:38
107,459,2026-06-21 12:37:43
99,483,2025-06-06 09:09:47
118,412,2025-01-17 23:27:30
161,37,2025-06-26 16:05:36
124,439,2026-02-09 13:16:51
89,163,2026-05-01 14:36:48
59,236,2025-07-10 11:45:22
75,85,2026-03-28 23:03:57
184,103,2026-06-14 21:51:46
11,491,2026-04-10 21:33:23
62,442,2026-05-20 16:20:49
150,193,2026-01-18 17:01:28
33,248,2026-02-22 09:14:21
65,116,2025-09-30 09:09:57
2,9,2025-12-15 01:32:22
166,438,2025-12-14 15:18:39
127,489,2025-04-14 02:33:58
88,330,2026-04-25 16:18:01
160,53,2026-05-21 23:38:20
144,396,2025-01-05 14:05:08
196,360,2025-01-06 05:32:22
175,94,2026-06-24 18:13:48
105,390,2026-02-23 04:38:52
181,227,2025-03-07 13:29:55
27,99,2025-01-03 20:30:47
23,249,2025-11-05 22:24:55
73,266,2026-05-14 18:19:00
35,146,2025-03-17 16:25:12
69,413,2025-02-15 04:40:48
60,386,2025-09-11 02:10:42
98,255,2026-06-28 12:23:40
175,464,2025-10-23 09:18:04
148,48,2026-05-11 01:52:03
183,168,2026-02-17 14:17:22
190,324,2026-06-17 10:45:18
163,300,2026-01-26 14:50:48
156,156,2026-04-20 15:02:03
97,93,2026-01-14 03:03:22
73,439,2025-04-13 10:03:02
165,322,2025-06-07 16:05:06
30,157,2025-04-08 11:44:25
32,497,2026-06-08 01:48:20
133,283,2026-03-22 20:26:23
95,77,2025-09-26 14:45:48
121,335,2025-09-23 16:10:07
126,472,2025-11-25 18:48:27
6,116,2025-01-24 01:25:21
126,276,2025-05-11 17:30:37
110,222,2025-11-16 10:03:05
21,48,2026-05-16 23:06:45
169,198,2026-01-06 01:28:46
175,442,2026-05-24 12:50:58
38,161,2025-12-25 00:06:14
19,321,2025-03-10 06:54:12
15,367,2025-03-14 14:45:42
132,66,2026-02-07 10:14:22
9,389,2025-06-27 10:52:57
180,388,2026-03-26 21:03:34
30,252,2026-02-15 23:24:56
170,173,2026-02-22 21:55:10
13,97,2025-07-11 16:12:19
63,462,2026-04-12 23:51:17
75,251,2025-03-19 18:12:55
4,162,2025-10-01 02:02:01
91,45,2025-07-14 02:08:46
112,346,2025-06-15 01:12:41
195,30,2026-03-30 08:01:36
115,71,2026-05-07 21:45:58
11,60,2026-04-19 14:16:53
85,240,2025-01-01 00:23:58
67,88,2025-02-20 19:03:48
95,141,2026-02-25 02:08:31
180,39,2025-10-30 04:08:58
179,143,2026-03-25 10:36:36
103,210,2026-06-24 03:21:47
53,165,2025-11-02 11:08:07
101,79,2025-11-29 01:12:37
68,184,2025-08-21 09:49:33
147,52,2026-01-08 22:35:08
91,425,2025-02-11 10:02:42
89,184,2026-01-29 08:14:36
94,114,2025-01-30 19:35:50
112,443,2026-04-21 21:34:57
98,486,2026-04-28 13:30:04
188,96,2025-05-07 20:18:27
64,199,2025-08-21 09:51:15
179,426,2025-05-14 09:39:07
69,295,2025-12-10 03:11:31
83,273,2025-05-09 03:30:33
5,109,2025-05-20 03:11:10
43,391,2025-02-28 22:16:38
161,178,2026-03-26 17:45:21
147,290,2025-02-07 08:44:34
80,227,2025-08-05 16:29:15
140,74,2025-10-26 00:13:09
1,239,2026-04-01 15:45:34
187,484,2025-11-23 11:04:15
124,68,2025-01-17 20:01:38
1,183,2025-12-27 03:17:25
7,196,2026-05-11 06:42:27
55,339,2026-06-08 15:08:31
119,187,2026-05-04 05:16:27
157,79,2025-03-18 10:33:19
143,435,2026-01-14 15:17:15
187,461,2026-06-02 23:09:25
25,464,2025-09-09 16:29:06
123,146,2026-05-06 09:48:25
133,244,2026-06-02 08:02:29
9,130,2025-12-18 04:57:56
45,196,2025-07-07 03:44:38
15,415,2025-07-06 16:14:45
26,117,2026-04-04 13:13:27
19,463,2025-07-18 14:46:07
89,205,2026-02-08 19:53:44
147,90,2025-08-27 17:39:21
138,97,2025-05-07 20:54:02
13,291,2025-05-12 01:47:39
131,345,2025-03-12 03:49:13
148,306,2025-03-23 04:14:15
95,237,2025-01-18 01:21:02
123,85,2026-04-05 20:32:38
32,449,2025-04-12 14:28:57
79,76,2025-09-28 14:38:41
89,52,2025-12-12 13:19:22
124,405,2025-02-21 03:32:58
43,273,2026-05-16 04:49:58
173,18,2026-06-04 22:30:24
47,334,2025-04-19 20:38:33
70,183,2025-01-07 18:44:04
2,340,2025-10-27 01:43:47
109,186,2026-03-22 17:15:57
19,105,2025-06-27 12:12:18
6,444,2026-03-31 15:22:22
150,107,2025-02-14 21:32:17
77,39,2026-05-26 04:21:48
35,479,2025-02-10 15:47:40
123,194,2025-11-11 23:12:21
4,30,2025-12-21 00:49:25
72,129,2026-05-16 06:17:23
85,94,2026-04-06 14:22:06
198,62,2025-12-06 06:47:17
178,41,2025-08-05 00:45:55
76,131,2025-08-17 12:07:49
92,228,2025-11-21 01:04:15
48,336,2025-05-23 05:54:54
81,326,2025-08-29 07:46:54
131,30,2025-09-04 22:04:26
196,418,2025-05-01 13:15:49
162,327,2025-09-05 20:30:42
8,225,2025-06-11 10:34:36
149,77,2025-03-31 04:52:22
178,400,2026-05-08 15:14:01
109,205,2025-09-14 09:39:20
70,7,2025-02-23 13:06:22
75,286,2026-03-12 20:42:28
152,466,2026-02-26 09:52:41
115,104,2026-03-27 17:28:41
93,492,2025-05-02 16:09:32
57,137,2025-05-21 04:47:47
131,274,2026-05-27 08:28:02
123,40,2026-02-21 17:33:47
136,451,2025-03-30 14:37:49
34,226,2025-02-08 08:40:57
151,98,2025-07-12 16:16:46
155,445,2026-05-12 22:10:24
114,192,2025-06-26 03:02:44
77,343,2025-05-21 22:39:59
150,37,2025-10-08 16:41:09
75,297,2025-03-15 18:24:48
50,13,2026-06-27 02:08:33
46,351,2026-04-12 06:04:20
92,42,2026-05-04 07:57:29
6,51,2026-03-20 12:06:19
59,211,2026-03-31 04:32:11
18,221,2026-05-08 05:33:27
178,337,2025-07-26 11:48:18
132,238,2025-07-26 01:22:31
34,469,2026-06-16 09:34:55
10,495,2025-09-20 05:44:34
12,203,2025-07-18 23:21:17
98,133,2025-07-07 18:16:55
177,371,2026-04-21 11:19:49
35,338,2025-07-30 04:43:23
163,241,2025-09-20 12:03:32
6,477,2025-05-21 18:33:57
111,358,2025-06-23 12:52:49
63,208,2026-03-10 03:18:45
193,482,2025-03-24 15:22:35
48,287,2025-08-08 00:40:24
148,279,2025-03-28 10:45:30
190,316,2025-02-03 15:30:39
110,465,2025-04-11 07:37:13
112,485,2025-04-20 15:51:59
53,358,2026-04-29 00:41:29
183,81,2025-04-05 06:45:51
98,104,2026-03-01 06:38:43
54,303,2025-09-15 20:12:32
14,273,2025-07-14 10:54:00
141,62,2025-01-09 01:59:35
133,388,2025-03-05 02:49:16
197,138,2025-04-08 12:25:55
82,351,2025-04-01 16:24:41
138,48,2026-02-14 12:40:26
21,201,2025-06-18 14:55:48
147,355,2025-09-09 02:51:51
159,411,2025-09-24 11:48:10
172,176,2026-05-27 17:33:29
117,273,2026-04-02 06:01:22
86,216,2026-06-08 05:30:29
105,431,2025-03-02 06:53:40
79,147,2026-01-15 10:40:10
199,306,2025-01-09 21:11:56
163,181,2026-02-03 16:16:49
58,450,2026-06-15 07:13:01
9,231,2026-02-09 00:55:07
93,178,2026-06-20 06:56:12
153,222,2025-05-31 02:34:55
152,54,2025-09-30 18:44:38
181,88,2026-02-01 04:45:09
138,284,2025-10-14 18:46:43
129,68,2025-10-25 00:04:35
164,454,2025-11-16 04:43:14
152,133,2025-10-04 04:54:57
110,46,2025-02-09 06:18:25
103,136,2026-01-08 19:56:26
143,143,2025-08-06 20:05:36
96,463,2025-01-21 08:19:28
168,311,2025-09-07 12:41:19
1,242,2025-11-19 15:02:50
14,24,2025-07-19 17:58:15
160,337,2025-02-12 13:52:46
197,353,2025-07-07 00:11:44
3,284,2026-03-18 07:29:29
5,358,2025-04-06 21:07:02
102,311,2026-06-17 19:12:57
56,383,2025-04-08 07:47:35
102,441,2025-06-17 02:24:42
88,480,2025-02-24 07:03:30
177,452,2025-04-17 13:43:37
14,122,2025-12-22 02:14:42
90,306,2025-01-11 01:34:37
36,141,2025-01-31 07:34:05
47,93,2025-07-05 02:35:05
104,297,2025-07-15 19:43:54
110,62,2025-02-24 04:17:07
117,266,2025-04-02 07:57:27
90,10,2025-06-08 06:44:14
30,185,2026-04-18 07:45:10
89,385,2025-09-30 11:14:42
155,454,2025-07-05 19:47:28
108,122,2025-01-20 18:52:05
74,431,2025-12-16 07:31:37
99,59,2026-06-05 03:52:55
141,220,2025-11-11 19:37:08
27,250,2025-08-11 23:57:34
10,56,2025-06-12 14:54:03
186,79,2025-04-13 14:52:01
150,206,2025-09-11 17:23:01
137,82,2026-07-01 01:42:13
145,5,2025-01-20 08:32:41
37,116,2025-06-27 16:57:24
145,114,2026-01-28 02:26:38
129,242,2025-10-21 15:49:47
156,248,2025-06-12 23:24:05
19,270,2025-09-27 02:03:25
16,27,2025-11-09 17:43:51
135,430,2025-06-07 23:08:13
6,431,2025-07-08 13:37:40
47,293,2026-05-02 00:14:55
122,373,2025-09-25 12:44:33
84,369,2025-02-02 15:44:59
161,382,2025-08-05 15:39:21
63,283,2025-04-17 22:19:16
19,21,2025-04-27 13:18:22
182,484,2025-07-24 04:18:49
4,167,2025-04-24 16:16:15
67,245,2026-06-13 03:08:12
134,295,2025-06-23 14:51:53
198,14,2025-11-29 09:30:53
178,231,2026-03-21 20:59:50
168,278,2025-03-10 19:23:13
74,419,2025-02-25 06:57:11
185,18,2025-12-11 17:36:31
167,124,2025-03-22 20:32:01
124,467,2026-04-22 07:36:33
77,245,2026-03-28 03:24:18
16,190,2026-03-30 11:13:19
148,205,2026-03-04 06:11:19
52,330,2025-11-01 06:37:08
175,330,2026-01-22 10:18:27
180,191,2026-05-24 17:36:36
48,421,2025-08-16 00:52:37
74,452,2026-04-02 16:50:17
4,351,2025-12-10 19:27:18
30,452,2025-02-02 02:51:50
42,329,2025-11-13 21:56:14
177,483,2025-08-29 13:24:49
81,455,2026-03-10 07:19:32
26,254,2025-05-25 16:04:42
127,41,2025-05-03 08:19:28
143,439,2026-01-30 21:46:57
161,339,2026-05-11 04:30:11
64,370,2026-04-23 19:09:16
102,486,2025-10-19 09:54:21
143,347,2025-12-23 11:35:40
20,102,2025-10-07 00:31:35
87,25,2026-02-02 08:36:34
32,348,2026-03-15 09:51:21
99,164,2026-05-10 03:26:42
68,89,2026-02-07 12:35:42
13,236,2025-04-01 12:34:04
40,416,2025-02-01 04:27:14
90,81,2025-11-03 05:54:40
55,413,2025-11-11 11:54:11
146,70,2025-02-27 15:35:15
73,224,2025-12-05 12:47:39
84,344,2025-04-06 04:56:36
5,468,2026-05-18 14:20:38
63,90,2025-12-08 17:15:36
104,172,2025-01-24 08:55:35
123,457,2026-02-11 03:33:17
114,310,2025-04-24 05:43:46
142,420,2025-11-14 13:07:12
122,131,2026-03-08 13:09:51
129,459,2025-08-04 19:35:20
109,261,2025-03-25 22:39:32
66,444,2025-05-30 08:13:53
118,132,2025-05-17 08:57:57
82,334,2025-04-28 13:40:05
98,304,2025-02-14 21:29:15
16,457,2025-07-15 16:57:32
124,216,2025-09-24 23:16:32
82,97,2025-08-26 12:41:17
3,269,2025-03-12 13:49:16
71,439,2026-06-11 00:30:09
102,234,2025-01-08 11:29:25
198,378,2026-04-07 01:09:40
109,492,2026-02-18 10:51:30
77,500,2025-08-25 12:24:54
192,383,2025-09-03 18:17:41
48,13,2025-11-16 02:53:10
64,201,2025-09-07 12:47:48
23,477,2026-05-09 13:50:30
170,67,2026-01-25 04:25:24
150,112,2025-02-26 05:13:06
124,49,2025-03-30 23:27:36
194,88,2025-02-08 10:48:15
28,123,2025-12-02 17:02:22
110,39,2025-11-10 21:25:44
79,119,2025-08-05 09:05:09
59,333,2026-05-22 22:13:35
187,12,2025-10-24 06:11:40
114,170,2025-03-07 02:07:50
141,109,2025-01-14 23:15:28
48,453,2025-12-29 09:41:43
199,312,2025-06-13 21:22:57
116,463,2025-11-13 23:44:28
42,81,2026-04-27 05:52:46
84,4,2025-11-06 12:21:33
89,142,2026-02-11 20:56:01
171,232,2025-02-10 17:16:30
160,222,2025-10-24 01:03:05
85,95,2026-02-03 04:46:04
16,49,2026-06-13 12:13:38
30,426,2026-01-29 06:45:36
32,338,2026-04-15 16:59:33
182,169,2025-01-29 19:12:39
75,193,2025-10-17 02:16:44
175,262,2026-03-18 20:25:24
184,92,2025-09-14 02:07:21
87,147,2025-06-23 00:50:53
75,17,2025-02-14 18:16:01
173,21,2025-11-21 05:31:29
46,294,2025-12-18 17:29:18
79,30,2025-08-21 17:53:42
55,218,2025-09-17 01:20:47
47,67,2025-11-23 14:11:45
24,111,2025-02-28 22:11:45
121,273,2025-02-04 18:40:48
25,11,2025-08-06 18:12:36
185,253,2025-11-05 13:39:16
44,342,2026-01-08 14:52:38
15,125,2026-01-22 06:20:15
25,300,2026-01-26 13:10:33
162,261,2025-06-22 18:07:51
148,371,2025-02-13 18:51:23
130,306,2026-03-21 18:38:50
150,39,2025-05-25 17:33:00
121,419,2025-12-11 08:00:57
122,60,2026-03-09 18:58:05
10,364,2026-05-09 11:30:25
135,386,2025-05-14 11:03:11
135,488,2025-01-26 02:56:09
116,170,2025-11-23 07:31:07
121,441,2026-04-24 02:59:58
88,126,2025-02-10 01:56:23
197,155,2025-09-11 15:39:26
34,209,2025-08-31 07:19:08