performer_id,label
1,OmniSystems
2,BrightRetail
3,PrimeSolutions
4,NexRetail
5,BrightSystems
6,NexMart
7,TrueLabs
8,PrimeSolutions
9,OmniRetail
10,BlueSystems
11,BrightTech
12,MetaTech
13,NexTech
14,PrimeTraders
15,MetaTech
16,PrimeMart
17,UniMart
18,ApexSystems
19,BlueTech
20,MetaSolutions
21,NexRetail
22,NexLabs
23,TrueMart
24,MetaWorks
25,NexWorks
26,BlueRetail
27,OmniRetail
28,SwiftTech
29,SwiftSystems
30,SwiftSoft
31,PrimeTech
32,ApexSystems
33,OmniMart
34,BlueTraders
35,SwiftWorks
36,TrueSoft
37,MetaMart
38,PrimeIndustries
39,MetaIndustries
40,UniSolutions
41,ApexSolutions
42,ApexTraders
43,NexSystems
44,BrightRetail
45,SwiftMart
46,UniSolutions
47,NexSoft
48,OmniLabs
49,TrueIndustries
50,BlueSystems
51,BrightSoft
52,SwiftSoft
53,TrueRetail
54,NexSystems
55,PrimeRetail
56,ApexWorks
57,OmniMart
58,ApexTraders
59,ApexSoft
60,BrightLabs
61,BlueTraders
62,OmniMart
63,SwiftWorks
64,OmniSystems
65,PrimeTech
66,TrueTraders
67,NexWorks
68,ApexTech
69,NexIndustries
70,MetaIndustries
71,PrimeSoft
72,MetaWorks
73,ApexSystems
74,UniRetail
75,ApexLabs
76,BrightLabs
77,UniRetail
78,MetaSolutions
79,NexLabs
80,NexLabs
81,OmniWorks
82,PrimeRetail
83,ApexSoft
84,ApexTech
85,MetaWorks
86,UniLabs
87,TrueIndustries
88,BrightSystems
89,PrimeMart
90,MetaMart
91,BrightSystems
92,PrimeRetail
93,BrightWorks
94,ApexSolutions
95,SwiftSystems
96,BrightMart
97,TrueTech
98,BlueSoft
99,MetaRetail
100,TrueIndustries
101,BrightRetail
102,BrightMart
103,MetaLabs
104,UniMart
105,OmniLabs
106,SwiftRetail
107,ApexMart
108,PrimeLabs
109,BlueTech
110,OmniTraders
111,SwiftMart
112,UniTraders
113,PrimeWorks
114,PrimeTech
115,NexSystems
116,MetaTraders
117,TrueTraders
118,PrimeRetail
119,MetaSystems
120,UniSystems
121,UniLabs
122,ApexSoft
123,MetaWorks
124,MetaSolutions
125,OmniSystems
126,PrimeTech
127,PrimeIndustries
128,BlueMart
129,UniSolutions
130,BlueMart
131,BlueLabs
132,NexTraders
133,MetaTech
134,SwiftTraders
135,OmniTraders
136,MetaMart
137,MetaSoft
138,BlueTech
139,BlueWorks
140,OmniRetail
141,MetaIndustries
142,BlueLabs
143,ApexWorks
144,BrightSolutions
145,NexIndustries
146,SwiftWorks
147,MetaMart
148,SwiftRetail
149,MetaMart
150,ApexSystems
151,TrueSolutions
152,OmniSolutions
153,MetaIndustries
154,SwiftTraders
155,ApexRetail
156,OmniMart
157,ApexMart
158,ApexMart
159,UniLabs
160,MetaMart
161,OmniMart
162,OmniSoft
163,NexIndustries
164,UniWorks
165,OmniTraders
166,TrueTraders
167,PrimeMart
168,SwiftSolutions
169,UniTech
170,UniMart
171,OmniSystems
172,UniRetail
173,TrueSolutions
174,BlueSoft
175,BlueSoft
176,ApexMart
177,BrightRetail
178,BlueTech
179,NexTraders
180,NexMart
181,OmniIndustries
182,BrightLabs
183,BlueRetail
184,NexSystems
185,NexWorks
186,TrueSolutions
187,UniSolutions
188,PrimeTraders
189,OmniIndustries
190,PrimeTech
191,BlueLabs
192,NexWorks
193,SwiftSolutions
194,BrightLabs
195,OmniTech
196,TrueTraders
197,ApexWorks
198,TrueSolutions
199,PrimeTech
200,TrueSystems
201,BrightTraders
202,UniIndustries
203,PrimeSoft
204,MetaRetail
205,NexTraders
206,NexSoft
207,OmniRetail
208,MetaWorks
209,SwiftSolutions
210,TrueTech
211,SwiftSolutions
212,NexTech
213,ApexTraders
214,TrueWorks
215,BrightSystems
216,PrimeRetail
217,MetaSoft
218,BrightTech
219,PrimeIndustries
220,NexSystems
221,MetaRetail
222,UniRetail
223,PrimeIndustries
224,BrightLabs
225,NexSolutions
226,TrueSystems
227,UniWorks
228,UniTech
229,BrightLabs
230,UniWorks
231,MetaTech
232,OmniTech
233,SwiftTraders
234,OmniMart
235,BlueSolutions
236,MetaSystems
237,MetaSystems
238,UniSolutions
239,BlueTraders
240,BlueRetail
241,PrimeLabs
242,TrueIndustries
243,NexRetail
244,SwiftSystems
245,BlueSolutions
246,UniSystems
247,UniTraders
248,PrimeTraders
249,MetaIndustries
250,BrightSystems
251,BlueIndustries
252,BlueSolutions
253,UniRetail
254,MetaRetail
255,BrightRetail
256,SwiftIndustries
257,SwiftMart
258,SwiftMart
259,PrimeTech
260,SwiftTech
261,UniMart
262,OmniTraders
263,ApexMart
264,UniIndustries
265,OmniWorks
266,PrimeLabs
267,TrueTech
268,PrimeWorks
269,OmniLabs
270,OmniIndustries
271,UniTraders
272,TrueTech
273,OmniMart
274,NexSolutions
275,BrightSystems