actor_id,film_id,last_update
174,145,2023-10-01 12:00:00
113,70,2023-10-01 12:01:00
131,112,2023-10-01 12:02:00
42,322,2023-10-01 12:03:00
177,354,2023-10-01 12:04:00
78,212,2023-10-01 12:05:00
77,292,2023-10-01 12:06:00
71,249,2023-10-01 12:07:00
11,187,2023-10-01 12:08:00
59,22,2023-10-01 12:09:00
69,272,2023-10-01 12:10:00
98,257,2023-10-01 12:11:00
87,258,2023-10-01 12:12:00
134,489,2023-10-01 12:13:00
103,443,2023-10-01 12:14:00
115,252,2023-10-01 12:15:00
138,230,2023-10-01 12:16:00
27,424,2023-10-01 12:17:00
192,401,2023-10-01 12:18:00
167,422,2023-10-01 12:19:00
38,340,2023-10-01 12:20:00
187,290,2023-10-01 12:21:00
63,75,2023-10-01 12:22:00
183,220,2023-10-01 12:23:00
70,241,2023-10-01 12:24:00
13,320,2023-10-01 12:25:00
162,348,2023-10-01 12:26:00
81,308,2023-10-01 12:27:00
102,471,2023-10-01 12:28:00
61,316,2023-10-01 12:29:00
49,123,2023-10-01 12:30:00
76,72,2023-10-01 12:31:00
173,214,2023-10-01 12:32:00
58,217,2023-10-01 12:33:00
144,125,2023-10-01 12:34:00
9,67,2023-10-01 12:35:00
145,265,2023-10-01 12:36:00
133,388,2023-10-01 12:37:00
25,45,2023-10-01 12:38:00
182,436,2023-10-01 12:39:00
21,307,2023-10-01 12:40:00
57,87,2023-10-01 12:41:00
41,236,2023-10-01 12:42:00
52,189,2023-10-01 12:43:00
31,177,2023-10-01 12:44:00
143,23,2023-10-01 12:45:00
54,59,2023-10-01 12:46:00
164,49,2023-10-01 12:47:00
80,192,2023-10-01 12:48:00
171,309,2023-10-01 12:49:00
14,53,2023-10-01 12:50:00
193,366,2023-10-01 12:51:00
93,361,2023-10-01 12:52:00
112,301,2023-10-01 12:53:00
140,440,2023-10-01 12:54:00
101,370,2023-10-01 12:55:00
32,34,2023-10-01 12:56:00
66,490,2023-10-01 12:57:00
95,2,2023-10-01 12:58:00
75,483,2023-10-01 12:59:00
174,145,2023-10-01 13:00:00
113,70,2023-10-01 13:01:00
131,112,2023-10-01 13:02:00
42,322,2023-10-01 13:03:00
177,354,2023-10-01 13:04:00
78,212,2023-10-01 13:05:00
77,292,2023-10-01 13:06:00
71,249,2023-10-01 13:07:00
11,187,2023-10-01 13:08:00
59,22,2023-10-01 13:09:00
69,272,2023-10-01 13:10:00
98,257,2023-10-01 13:11:00
87,258,2023-10-01 13:12:00
134,489,2023-10-01 13:13:00
103,443,2023-10-01 13:14:00
115,252,2023-10-01 13:15:00
138,230,2023-10-01 13:16:00
27,424,2023-10-01 13:17:00
192,401,2023-10-01 13:18:00
167,422,2023-10-01 13:19:00
38,340,2023-10-01 13:20:00
187,290,2023-10-01 13:21:00
63,75,2023-10-01 13:22:00
183,220,2023-10-01 13:23:00
70,241,2023-10-01 13:24:00
13,320,2023-10-01 13:25:00
162,348,2023-10-01 13:26:00
81,308,2023-10-01 13:27:00
102,471,2023-10-01 13:28:00
61,316,2023-10-01 13:29:00
49,123,2023-10-01 13:30:00
76,72,2023-10-01 13:31:00
173,214,2023-10-01 13:32:00
58,217,2023-10-01 13:33:00
144,125,2023-10-01 13:34:00
9,67,2023-10-01 13:35:00
145,265,2023-10-01 13:36:00
133,388,2023-10-01 13:37:00
25,45,2023-10-01 13:38:00
182,436,2023-10-01 13:39:00
21,307,2023-10-01 13:40:00
57,87,2023-10-01 13:41:00
41,236,2023-10-01 13:42:00
52,189,2023-10-01 13:43:00
31,177,2023-10-01 13:44:00
143,23,2023-10-01 13:45:00
54,59,2023-10-01 13:46:00
164,49,2023-10-01 13:47:00
80,192,2023-10-01 13:48:00
171,309,2023-10-01 13:49:00
14,53,2023-10-01 13:50:00
193,366,2023-10-01 13:51:00
93,361,2023-10-01 13:52:00
112,301,2023-10-01 13:53:00
140,440,2023-10-01 13:54:00
101,370,2023-10-01 13:55:00
32,34,2023-10-01 13:56:00
66,490,2023-10-01 13:57:00
95,2,2023-10-01 13:58:00
75,483,2023-10-01 13:59:00
174,145,2023-10-01 14:00:00
113,70,2023-10-01 14:01:00
131,112,2023-10-01 14:02:00
42,322,2023-10-01 14:03:00
177,354,2023-10-01 14:04:00
78,212,2023-10-01 14:05:00
77,292,2023-10-01 14:06:00
71,249,2023-10-01 14:07:00
11,187,2023-10-01 14:08:00
59,22,2023-10-01 14:09:00
69,272,2023-10-01 14:10:00
98,257,2023-10-01 14:11:00
87,258,2023-10-01 14:12:00
134,489,2023-10-01 14:13:00
103,443,2023-10-01 14:14:00
115,252,2023-10-01 14:15:00
138,230,2023-10-01 14:16:00
27,424,2023-10-01 14:17:00
192,401,2023-10-01 14:18:00
167,422,2023-10-01 14:19:00
38,340,2023-10-01 14:20:00
187,290,2023-10-01 14:21:00
63,75,2023-10-01 14:22:00
183,220,2023-10-01 14:23:00
70,241,2023-10-01 14:24:00
13,320,2023-10-01 14:25:00
162,348,2023-10-01 14:26:00
81,308,2023-10-01 14:27:00
102,471,2023-10-01 14:28:00
61,316,2023-10-01 14:29:00
49,123,2023-10-01 14:30:00
76,72,2023-10-01 14:31:00
173,214,2023-10-01 14:32:00
58,217,2023-10-01 14:33:00
144,125,2023-10-01 14:34:00
9,67,2023-10-01 14:35:00
145,265,2023-10-01 14:36:00
133,388,2023-10-01 14:37:00
25,45,2023-10-01 14:38:00
182,436,2023-10-01 14:39:00
21,307,2023-10-01 14:40:00
57,87,2023-10-01 14:41:00
41,236,2023-10-01 14:42:00
52,189,2023-10-01 14:43:00
31,177,2023-10-01 14:44:00
143,23,2023-10-01 14:45:00
54,59,2023-10-01 14:46:00
164,49,2023-10-01 14:47:00
80,192,2023-10-01 14:48:00
171,309,2023-10-01 14:49:00
14,53,2023-10-01 14:50:00
193,366,2023-10-01 14:51:00
93,361,2023-10-01 14:52:00
112,301,2023-10-01 14:53:00
140,440,2023-10-01 14:54:00
101,370,2023-10-01 14:55:00
32,34,2023-10-01 14:56:00
66,490,2023-10-01 14:57:00
95,2,2023-10-01 14:58:00
75,483,2023-10-01 14:59:00
91,248,2023-10-01 12:00:00
182,449,2023-10-01 12:01:00
34,303,2023-10-01 12:02:00
195,103,2023-10-01 12:03:00
33,307,2023-10-01 12:04:00
118,37,2023-10-01 12:05:00
50,259,2023-10-01 12:06:00
144,440,2023-10-01 12:07:00
90,294,2023-10-01 12:08:00
22,63,2023-10-01 12:09:00
89,143,2023-10-01 12:10:00
145,400,2023-10-01 12:11:00
49,117,2023-10-01 12:12:00
164,249,2023-10-01 12:13:00
4,74,2023-10-01 12:14:00
189,346,2023-10-01 12:15:00
198,193,2023-10-01 12:16:00
46,208,2023-10-01 12:17:00
70,413,2023-10-01 12:18:00
84,350,2023-10-01 12:19:00
178,171,2023-10-01 12:20:00
104,219,2023-10-01 12:21:00
183,480,2023-10-01 12:22:00
107,470,2023-10-01 12:23:00
153,493,2023-10-01 12:24:00
39,456,2023-10-01 12:25:00
146,443,2023-10-01 12:26:00
51,377,2023-10-01 12:27:00
101,191,2023-10-01 12:28:00
150,7,2023-10-01 12:29:00
193,445,2023-10-01 12:30:00
37,223,2023-10-01 12:31:00
93,465,2023-10-01 12:32:00
159,164,2023-10-01 12:33:00
188,197,2023-10-01 12:34:00
80,490,2023-10-01 12:35:00
171,376,2023-10-01 12:36:00
74,287,2023-10-01 12:37:00
30,202,2023-10-01 12:38:00
21,311,2023-10-01 12:39:00
77,274,2023-10-01 12:40:00
120,100,2023-10-01 12:41:00
18,423,2023-10-01 12:42:00
29,471,2023-10-01 12:43:00
87,422,2023-10-01 12:44:00
82,221,2023-10-01 12:45:00
136,54,2023-10-01 12:46:00
186,46,2023-10-01 12:47:00
9,243,2023-10-01 12:48:00
176,13,2023-10-01 12:49:00
139,466,2023-10-01 12:50:00
44,487,2023-10-01 12:51:00
100,31,2023-10-01 12:52:00
177,352,2023-10-01 12:53:00
11,146,2023-10-01 12:54:00
23,438,2023-10-01 12:55:00
137,476,2023-10-01 12:56:00
119,32,2023-10-01 12:57:00
5,479,2023-10-01 12:58:00
179,28,2023-10-01 12:59:00
4,351,2023-10-01 12:00:00
96,155,2023-10-01 12:01:00
156,4,2023-10-01 12:02:00
133,164,2023-10-01 12:03:00
87,463,2023-10-01 12:04:00
92,2,2023-10-01 12:05:00
18,414,2023-10-01 12:06:00
31,500,2023-10-01 12:07:00
144,234,2023-10-01 12:08:00
100,31,2023-10-01 12:09:00
50,288,2023-10-01 12:10:00
126,405,2023-10-01 12:11:00
106,282,2023-10-01 12:12:00
177,305,2023-10-01 12:13:00
53,43,2023-10-01 12:14:00
58,286,2023-10-01 12:15:00
39,168,2023-10-01 12:16:00
3,481,2023-10-01 12:17:00
161,332,2023-10-01 12:18:00
28,84,2023-10-01 12:19:00
169,475,2023-10-01 12:20:00
84,365,2023-10-01 12:21:00
81,9,2023-10-01 12:22:00
16,309,2023-10-01 12:23:00
10,375,2023-10-01 12:24:00
114,197,2023-10-01 12:25:00
32,412,2023-10-01 12:26:00
34,448,2023-10-01 12:27:00
125,485,2023-10-01 12:28:00
174,444,2023-10-01 12:29:00
123,276,2023-10-01 12:30:00
164,166,2023-10-01 12:31:00
98,411,2023-10-01 12:32:00
140,112,2023-10-01 12:33:00
12,223,2023-10-01 12:34:00
13,340,2023-10-01 12:35:00
195,391,2023-10-01 12:36:00
80,80,2023-10-01 12:37:00
111,287,2023-10-01 12:38:00
149,422,2023-10-01 12:39:00
5,159,2023-10-01 12:40:00
7,206,2023-10-01 12:41:00
37,74,2023-10-01 12:42:00
136,115,2023-10-01 12:43:00
38,478,2023-10-01 12:44:00
196,484,2023-10-01 12:45:00
199,268,2023-10-01 12:46:00
121,70,2023-10-01 12:47:00
54,260,2023-10-01 12:48:00
113,261,2023-10-01 12:49:00
102,458,2023-10-01 12:50:00
198,447,2023-10-01 12:51:00
178,86,2023-10-01 12:52:00
172,186,2023-10-01 12:53:00
130,15,2023-10-01 12:54:00
134,81,2023-10-01 12:55:00
145,323,2023-10-01 12:56:00
45,202,2023-10-01 12:57:00
184,221,2023-10-01 12:58:00
117,399,2023-10-01 12:59:00
4,351,2023-10-01 13:00:00
96,155,2023-10-01 13:01:00
156,4,2023-10-01 13:02:00
133,164,2023-10-01 13:03:00
87,463,2023-10-01 13:04:00
92,2,2023-10-01 13:05:00
18,414,2023-10-01 13:06:00
31,500,2023-10-01 13:07:00
144,234,2023-10-01 13:08:00
100,31,2023-10-01 13:09:00
50,288,2023-10-01 13:10:00
126,405,2023-10-01 13:11:00
106,282,2023-10-01 13:12:00
177,305,2023-10-01 13:13:00
53,43,2023-10-01 13:14:00
58,286,2023-10-01 13:15:00
39,168,2023-10-01 13:16:00
3,481,2023-10-01 13:17:00
161,332,2023-10-01 13:18:00
28,84,2023-10-01 13:19:00
169,475,2023-10-01 13:20:00
84,365,2023-10-01 13:21:00
81,9,2023-10-01 13:22:00
16,309,2023-10-01 13:23:00
10,375,2023-10-01 13:24:00
114,197,2023-10-01 13:25:00
32,412,2023-10-01 13:26:00
34,448,2023-10-01 13:27:00
125,485,2023-10-01 13:28:00
174,444,2023-10-01 13:29:00
123,276,2023-10-01 13:30:00
164,166,2023-10-01 13:31:00
98,411,2023-10-01 13:32:00
140,112,2023-10-01 13:33:00
12,223,2023-10-01 13:34:00
13,340,2023-10-01 13:35:00
195,391,2023-10-01 13:36:00
80,80,2023-10-01 13:37:00
111,287,2023-10-01 13:38:00
149,422,2023-10-01 13:39:00
5,159,2023-10-01 13:40:00
7,206,2023-10-01 13:41:00
37,74,2023-10-01 13:42:00
136,115,2023-10-01 13:43:00
38,478,2023-10-01 13:44:00
196,484,2023-10-01 13:45:00
199,268,2023-10-01 13:46:00
121,70,2023-10-01 13:47:00
54,260,2023-10-01 13:48:00
113,261,2023-10-01 13:49:00
102,458,2023-10-01 13:50:00
198,447,2023-10-01 13:51:00
178,86,2023-10-01 13:52:00
172,186,2023-10-01 13:53:00
130,15,2023-10-01 13:54:00
134,81,2023-10-01 13:55:00
145,323,2023-10-01 13:56:00
45,202,2023-10-01 13:57:00
184,221,2023-10-01 13:58:00
117,399,2023-10-01 13:59:00
4,351,2023-10-01 14:00:00
96,155,2023-10-01 14:01:00
156,4,2023-10-01 14:02:00
133,164,2023-10-01 14:03:00
87,463,2023-10-01 14:04:00
92,2,2023-10-01 14:05:00
18,414,2023-10-01 14:06:00
31,500,2023-10-01 14:07:00
144,234,2023-10-01 14:08:00
100,31,2023-10-01 14:09:00
50,288,2023-10-01 14:10:00
126,405,2023-10-01 14:11:00
106,282,2023-10-01 14:12:00
177,305,2023-10-01 14:13:00
53,43,2023-10-01 14:14:00
58,286,2023-10-01 14:15:00
39,168,2023-10-01 14:16:00
3,481,2023-10-01 14:17:00
161,332,2023-10-01 14:18:00
28,84,2023-10-01 14:19:00
169,475,2023-10-01 14:20:00
84,365,2023-10-01 14:21:00
81,9,2023-10-01 14:22:00
16,309,2023-10-01 14:23:00
10,375,2023-10-01 14:24:00
114,197,2023-10-01 14:25:00
32,412,2023-10-01 14:26:00
34,448,2023-10-01 14:27:00
125,485,2023-10-01 14:28:00
174,444,2023-10-01 14:29:00
123,276,2023-10-01 14:30:00
164,166,2023-10-01 14:31:00
98,411,2023-10-01 14:32:00
140,112,2023-10-01 14:33:00
12,223,2023-10-01 14:34:00
13,340,2023-10-01 14:35:00
195,391,2023-10-01 14:36:00
80,80,2023-10-01 14:37:00
111,287,2023-10-01 14:38:00
149,422,2023-10-01 14:39:00
5,159,2023-10-01 14:40:00
7,206,2023-10-01 14:41:00
37,74,2023-10-01 14:42:00
136,115,2023-10-01 14:43:00
38,478,2023-10-01 14:44:00
196,484,2023-10-01 14:45:00
199,268,2023-10-01 14:46:00
121,70,2023-10-01 14:47:00
54,260,2023-10-01 14:48:00
113,261,2023-10-01 14:49:00
102,458,2023-10-01 14:50:00
198,447,2023-10-01 14:51:00
178,86,2023-10-01 14:52:00
172,186,2023-10-01 14:53:00
130,15,2023-10-01 14:54:00
134,81,2023-10-01 14:55:00
145,323,2023-10-01 14:56:00
45,202,2023-10-01 14:57:00
184,221,2023-10-01 14:58:00
117,399,2023-10-01 14:59:00
11,491,2023-10-01 12:00:00
161,152,2023-10-01 12:01:00
150,450,2023-10-01 12:02:00
12,342,2023-10-01 12:03:00
62,288,2023-10-01 12:04:00
72,98,2023-10-01 12:05:00
120,207,2023-10-01 12:06:00
173,123,2023-10-01 12:07:00
48,109,2023-10-01 12:08:00
164,6,2023-10-01 12:09:00
147,369,2023-10-01 12:10:00
31,127,2023-10-01 12:11:00
44,12,2023-10-01 12:12:00
197,34,2023-10-01 12:13:00
83,203,2023-10-01 12:14:00
75,103,2023-10-01 12:15:00
107,14,2023-10-01 12:16:00
7,307,2023-10-01 12:17:00
162,401,2023-10-01 12:18:00
155,27,2023-10-01 12:19:00
177,111,2023-10-01 12:20:00
110,37,2023-10-01 12:21:00
106,367,2023-10-01 12:22:00
47,411,2023-10-01 12:23:00
111,2,2023-10-01 12:24:00
65,121,2023-10-01 12:25:00
6,190,2023-10-01 12:26:00
186,423,2023-10-01 12:27:00
26,495,2023-10-01 12:28:00
32,390,2023-10-01 12:29:00
38,462,2023-10-01 12:30:00
103,116,2023-10-01 12:31:00
23,469,2023-10-01 12:32:00
135,497,2023-10-01 12:33:00
121,33,2023-10-01 12:34:00
93,13,2023-10-01 12:35:00
25,238,2023-10-01 12:36:00
97,26,2023-10-01 12:37:00
67,441,2023-10-01 12:38:00
4,180,2023-10-01 12:39:00
200,42,2023-10-01 12:40:00
45,287,2023-10-01 12:41:00
183,32,2023-10-01 12:42:00
13,412,2023-10-01 12:43:00
1,255,2023-10-01 12:44:00
192,452,2023-10-01 12:45:00
134,142,2023-10-01 12:46:00
104,439,2023-10-01 12:47:00
166,61,2023-10-01 12:48:00
79,223,2023-10-01 12:49:00
126,449,2023-10-01 12:50:00
131,60,2023-10-01 12:51:00
95,157,2023-10-01 12:52:00
88,31,2023-10-01 12:53:00
113,251,2023-10-01 12:54:00
148,153,2023-10-01 12:55:00
27,434,2023-10-01 12:56:00
89,440,2023-10-01 12:57:00
179,47,2023-10-01 12:58:00
71,316,2023-10-01 12:59:00
11,491,2023-10-01 13:00:00
161,152,2023-10-01 13:01:00
150,450,2023-10-01 13:02:00
12,342,2023-10-01 13:03:00
62,288,2023-10-01 13:04:00
72,98,2023-10-01 13:05:00
120,207,2023-10-01 13:06:00
173,123,2023-10-01 13:07:00
48,109,2023-10-01 13:08:00
164,6,2023-10-01 13:09:00
147,369,2023-10-01 13:10:00
31,127,2023-10-01 13:11:00
44,12,2023-10-01 13:12:00
197,34,2023-10-01 13:13:00
83,203,2023-10-01 13:14:00
75,103,2023-10-01 13:15:00
107,14,2023-10-01 13:16:00
7,307,2023-10-01 13:17:00
162,401,2023-10-01 13:18:00
155,27,2023-10-01 13:19:00
