film_id,category_id,last_update
406,1,2023-10-01 12:00:00
169,2,2023-10-01 12:01:00
180,3,2023-10-01 12:02:00
458,4,2023-10-01 12:03:00
158,5,2023-10-01 12:04:00
323,6,2023-10-01 12:05:00
121,7,2023-10-01 12:06:00
165,8,2023-10-01 12:07:00
436,9,2023-10-01 12:08:00
167,10,2023-10-01 12:09:00
481,11,2023-10-01 12:10:00
375,12,2023-10-01 12:11:00
28,13,2023-10-01 12:12:00
222,14,2023-10-01 12:13:00
352,15,2023-10-01 12:14:00
438,16,2023-10-01 12:15:00
178,1,2023-10-01 12:16:00
280,2,2023-10-01 12:17:00
51,3,2023-10-01 12:18:00
307,4,2023-10-01 12:19:00
157,5,2023-10-01 12:20:00
292,6,2023-10-01 12:21:00
113,7,2023-10-01 12:22:00
320,8,2023-10-01 12:23:00
100,9,2023-10-01 12:24:00
329,10,2023-10-01 12:25:00
468,11,2023-10-01 12:26:00
54,12,2023-10-01 12:27:00
47,13,2023-10-01 12:28:00
192,14,2023-10-01 12:29:00
405,15,2023-10-01 12:30:00
298,16,2023-10-01 12:31:00
80,1,2023-10-01 12:32:00
242,2,2023-10-01 12:33:00
274,3,2023-10-01 12:34:00
177,4,2023-10-01 12:35:00
343,5,2023-10-01 12:36:00
312,6,2023-10-01 12:37:00
257,7,2023-10-01 12:38:00
231,8,2023-10-01 12:39:00
437,9,2023-10-01 12:40:00
418,10,2023-10-01 12:41:00
342,11,2023-10-01 12:42:00
371,12,2023-10-01 12:43:00
11,13,2023-10-01 12:44:00
308,14,2023-10-01 12:45:00
340,15,2023-10-01 12:46:00
35,16,2023-10-01 12:47:00
17,1,2023-10-01 12:48:00
440,2,2023-10-01 12:49:00
48,3,2023-10-01 12:50:00
247,4,2023-10-01 12:51:00
197,5,2023-10-01 12:52:00
68,6,2023-10-01 12:53:00
457,7,2023-10-01 12:54:00
84,8,2023-10-01 12:55:00
64,9,2023-10-01 12:56:00
117,10,2023-10-01 12:57:00
56,11,2023-10-01 12:58:00
27,12,2023-10-01 12:59:00
406,13,2023-10-01 13:00:00
169,14,2023-10-01 13:01:00
180,15,2023-10-01 13:02:00
458,16,2023-10-01 13:03:00
158,1,2023-10-01 13:04:00
323,2,2023-10-01 13:05:00
121,3,2023-10-01 13:06:00
165,4,2023-10-01 13:07:00
436,5,2023-10-01 13:08:00
167,6,2023-10-01 13:09:00
481,7,2023-10-01 13:10:00
375,8,2023-10-01 13:11:00
28,9,2023-10-01 13:12:00
222,10,2023-10-01 13:13:00
352,11,2023-10-01 13:14:00
438,12,2023-10-01 13:15:00
178,13,2023-10-01 13:16:00
280,14,2023-10-01 13:17:00
51,15,2023-10-01 13:18:00
307,16,2023-10-01 13:19:00
157,1,2023-10-01 13:20:00
292,2,2023-10-01 13:21:00
113,3,2023-10-01 13:22:00
320,4,2023-10-01 13:23:00
100,5,2023-10-01 13:24:00
329,6,2023-10-01 13:25:00
468,7,2023-10-01 13:26:00
54,8,2023-10-01 13:27:00
47,9,2023-10-01 13:28:00
192,10,2023-10-01 13:29:00
405,11,2023-10-01 13:30:00
298,12,2023-10-01 13:31:00
80,13,2023-10-01 13:32:00
242,14,2023-10-01 13:33:00
274,15,2023-10-01 13:34:00
177,16,2023-10-01 13:35:00
343,1,2023-10-01 13:36:00
312,2,2023-10-01 13:37:00
257,3,2023-10-01 13:38:00
231,4,2023-10-01 13:39:00
437,5,2023-10-01 13:40:00
418,6,2023-10-01 13:41:00
342,7,2023-10-01 13:42:00
371,8,2023-10-01 13:43:00
11,9,2023-10-01 13:44:00
308,10,2023-10-01 13:45:00
340,11,2023-10-01 13:46:00
35,12,2023-10-01 13:47:00
17,13,2023-10-01 13:48:00
440,14,2023-10-01 13:49:00
48,15,2023-10-01 13:50:00
247,16,2023-10-01 13:51:00
197,1,2023-10-01 13:52:00
68,2,2023-10-01 13:53:00
457,3,2023-10-01 13:54:00
84,4,2023-10-01 13:55:00
64,5,2023-10-01 13:56:00
117,6,2023-10-01 13:57:00
56,7,2023-10-01 13:58:00
27,8,2023-10-01 13:59:00
406,9,2023-10-01 14:00:00
169,10,2023-10-01 14:01:00
180,11,2023-10-01 14:02:00
458,12,2023-10-01 14:03:00
158,13,2023-10-01 14:04:00
323,14,2023-10-01 14:05:00
121,15,2023-10-01 14:06:00
165,16,2023-10-01 14:07:00
436,1,2023-10-01 14:08:00
167,2,2023-10-01 14:09:00
481,3,2023-10-01 14:10:00
375,4,2023-10-01 14:11:00
28,5,2023-10-01 14:12:00
222,6,2023-10-01 14:13:00
352,7,2023-10-01 14:14:00
438,8,2023-10-01 14:15:00
178,9,2023-10-01 14:16:00
280,10,2023-10-01 14:17:00
51,11,2023-10-01 14:18:00
307,12,2023-10-01 14:19:00
157,13,2023-10-01 14:20:00
292,14,2023-10-01 14:21:00
113,15,2023-10-01 14:22:00
320,16,2023-10-01 14:23:00
100,1,2023-10-01 14:24:00
329,2,2023-10-01 14:25:00
468,3,2023-10-01 14:26:00
54,4,2023-10-01 14:27:00
47,5,2023-10-01 14:28:00
192,6,2023-10-01 14:29:00
405,7,2023-10-01 14:30:00
298,8,2023-10-01 14:31:00
80,9,2023-10-01 14:32:00
242,10,2023-10-01 14:33:00
274,11,2023-10-01 14:34:00
177,12,2023-10-01 14:35:00
343,13,2023-10-01 14:36:00
312,14,2023-10-01 14:37:00
257,15,2023-10-01 14:38:00
231,16,2023-10-01 14:39:00
437,1,2023-10-01 14:40:00
418,2,2023-10-01 14:41:00
342,3,2023-10-01 14:42:00
371,4,2023-10-01 14:43:00
11,5,2023-10-01 14:44:00
308,6,2023-10-01 14:45:00
340,7,2023-10-01 14:46:00
35,8,2023-10-01 14:47:00
17,9,2023-10-01 14:48:00
440,10,2023-10-01 14:49:00
48,11,2023-10-01 14:50:00
247,12,2023-10-01 14:51:00
197,13,2023-10-01 14:52:00
68,14,2023-10-01 14:53:00
457,15,2023-10-01 14:54:00
84,16,2023-10-01 14:55:00
64,1,2023-10-01 14:56:00
117,2,2023-10-01 14:57:00
56,3,2023-10-01 14:58:00
27,4,2023-10-01 14:59:00
221,1,2023-10-01 12:00:00
11,2,2023-10-01 12:00:00
421,3,2023-10-01 12:00:00
317,4,2023-10-01 12:00:00
230,5,2023-10-01 12:00:00
193,6,2023-10-01 12:00:00
59,7,2023-10-01 12:00:00
234,8,2023-10-01 12:00:00
270,9,2023-10-01 12:00:00
164,10,2023-10-01 12:00:00
226,11,2023-10-01 12:00:00
251,12,2023-10-01 12:00:00
176,13,2023-10-01 12:00:00
265,14,2023-10-01 12:00:00
131,15,2023-10-01 12:00:00
199,16,2023-10-01 12:00:00
310,1,2023-10-01 12:00:00
219,2,2023-10-01 12:00:00
369,3,2023-10-01 12:00:00
197,4,2023-10-01 12:00:00
445,5,2023-10-01 12:00:00
255,6,2023-10-01 12:00:00
281,7,2023-10-01 12:00:00
168,8,2023-10-01 12:00:00
140,9,2023-10-01 12:00:00
332,10,2023-10-01 12:00:00
108,11,2023-10-01 12:00:00
152,12,2023-10-01 12:00:00
463,13,2023-10-01 12:00:00
203,14,2023-10-01 12:00:00
396,15,2023-10-01 12:00:00
23,16,2023-10-01 12:00:00
92,1,2023-10-01 12:00:00
49,2,2023-10-01 12:00:00
25,3,2023-10-01 12:00:00
420,4,2023-10-01 12:00:00
119,5,2023-10-01 12:00:00
167,6,2023-10-01 12:00:00
329,7,2023-10-01 12:00:00
259,8,2023-10-01 12:00:00
15,9,2023-10-01 12:00:00
447,10,2023-10-01 12:00:00
1,11,2023-10-01 12:00:00
487,12,2023-10-01 12:00:00
377,13,2023-10-01 12:00:00
102,14,2023-10-01 12:00:00
357,15,2023-10-01 12:00:00
126,16,2023-10-01 12:00:00
235,1,2023-10-01 12:00:00
394,2,2023-10-01 12:00:00
31,3,2023-10-01 12:00:00
123,4,2023-10-01 12:00:00
307,5,2023-10-01 12:00:00
441,6,2023-10-01 12:00:00
269,7,2023-10-01 12:00:00
43,8,2023-10-01 12:00:00
469,9,2023-10-01 12:00:00
6,10,2023-10-01 12:00:00
156,11,2023-10-01 12:00:00
405,12,2023-10-01 12:00:00
298,13,2023-10-01 12:00:00
80,14,2023-10-01 12:00:00
242,15,2023-10-01 12:00:00
274,16,2023-10-01 12:00:00
177,1,2023-10-01 12:00:00
343,2,2023-10-01 12:00:00
312,3,2023-10-01 12:00:00
257,4,2023-10-01 12:00:00
231,5,2023-10-01 12:00:00
437,6,2023-10-01 12:00:00
418,7,2023-10-01 12:00:00
342,8,2023-10-01 12:00:00
371,9,2023-10-01 12:00:00
11,10,2023-10-01 12:00:00
308,11,2023-10-01 12:00:00
340,12,2023-10-01 12:00:00
35,13,2023-10-01 12:00:00
17,14,2023-10-01 12:00:00
440,15,2023-10-01 12:00:00
48,16,2023-10-01 12:00:00
247,1,2023-10-01 12:00:00
197,2,2023-10-01 12:00:00
68,3,2023-10-01 12:00:00
457,4,2023-10-01 12:00:00
84,5,2023-10-01 12:00:00
64,6,2023-10-01 12:00:00
117,7,2023-10-01 12:00:00
56,8,2023-10-01 12:00:00
27,9,2023-10-01 12:00:00
405,10,2023-10-01 12:00:00
298,11,2023-10-01 12:00:00
80,12,2023-10-01 12:00:00
242,13,2023-10-01 12:00:00
274,14,2023-10-01 12:00:00
177,15,2023-10-01 12:00:00
343,16,2023-10-01 12:00:00
312,1,2023-10-01 12:00:00
257,2,2023-10-01 12:00:00
231,3,2023-10-01 12:00:00
437,4,2023-10-01 12:00:00
418,5,2023-10-01 12:00:00
342,6,2023-10-01 12:00:00
371,7,2023-10-01 12:00:00
11,8,2023-10-01 12:00:00
308,9,2023-10-01 12:00:00
340,10,2023-10-01 12:00:00
35,11,2023-10-01 12:00:00
17,12,2023-10-01 12:00:00
440,13,2023-10-01 12:00:00
48,14,2023-10-01 12:00:00
247,15,2023-10-01 12:00:00
197,16,2023-10-01 12:00:00
68,1,2023-10-01 12:00:00
457,2,2023-10-01 12:00:00
84,3,2023-10-01 12:00:00
64,4,2023-10-01 12:00:00
117,5,2023-10-01 12:00:00
56,6,2023-10-01 12:00:00
27,7,2023-10-01 12:00:00
405,8,2023-10-01 12:00:00
298,9,2023-10-01 12:00:00
80,10,2023-10-01 12:00:00
242,11,2023-10-01 12:00:00
274,12,2023-10-01 12:00:00
177,13,2023-10-01 12:00:00
343,14,2023-10-01 12:00:00
312,15,2023-10-01 12:00:00
257,16,2023-10-01 12:00:00
231,1,2023-10-01 12:00:00
437,2,2023-10-01 12:00:00
418,3,2023-10-01 12:00:00
342,4,2023-10-01 12:00:00
371,5,2023-10-01 12:00:00
11,6,2023-10-01 12:00:00
308,7,2023-10-01 12:00:00
340,8,2023-10-01 12:00:00
35,9,2023-10-01 12:00:00
17,10,2023-10-01 12:00:00
440,11,2023-10-01 12:00:00
48,12,2023-10-01 12:00:00
247,13,2023-10-01 12:00:00
197,14,2023-10-01 12:00:00
68,15,2023-10-01 12:00:00
457,16,2023-10-01 12:00:00
84,1,2023-10-01 12:00:00
64,2,2023-10-01 12:00:00
117,3,2023-10-01 12:00:00
56,4,2023-10-01 12:00:00
27,5,2023-10-01 12:00:00
441,1,2023-10-01 12:00:00
367,2,2023-10-01 12:01:00
313,3,2023-10-01 12:02:00
417,4,2023-10-01 12:03:00
353,5,2023-10-01 12:04:00
195,6,2023-10-01 12:05:00
118,7,2023-10-01 12:06:00
14,8,2023-10-01 12:07:00
236,9,2023-10-01 12:08:00
399,10,2023-10-01 12:09:00
431,11,2023-10-01 12:10:00
481,12,2023-10-01 12:11:00
67,13,2023-10-01 12:12:00
88,14,2023-10-01 12:13:00
71,15,2023-10-01 12:14:00
105,16,2023-10-01 12:15:00
110,1,2023-10-01 12:16:00
60,2,2023-10-01 12:17:00
491,3,2023-10-01 12:18:00
296,4,2023-10-01 12:19:00
361,5,2023-10-01 12:20:00
377,6,2023-10-01 12:21:00
145,7,2023-10-01 12:22:00
18,8,2023-10-01 12:23:00
283,9,2023-10-01 12:24:00
172,10,2023-10-01 12:25:00
26,11,2023-10-01 12:26:00
279,12,2023-10-01 12:27:00
346,13,2023-10-01 12:28:00
231,14,2023-10-01 12:29:00
242,15,2023-10-01 12:30:00
365,16,2023-10-01 12:31:00
153,1,2023-10-01 12:32:00
418,2,2023-10-01 12:33:00
474,3,2023-10-01 12:34:00
178,4,2023-10-01 12:35:00
373,5,2023-10-01 12:36:00
480,6,2023-10-01 12:37:00
311,7,2023-10-01 12:38:00
448,8,2023-10-01 12:39:00
80,9,2023-10-01 12:40:00
427,10,2023-10-01 12:41:00
81,11,2023-10-01 12:42:00
273,12,2023-10-01 12:43:00
429,13,2023-10-01 12:44:00
154,14,2023-10-01 12:45:00
249,15,2023-10-01 12:46:00
259,16,2023-10-01 12:47:00
9,1,2023-10-01 12:48:00
243,2,2023-10-01 12:49:00
467,3,2023-10-01 12:50:00
293,4,2023-10-01 12:51:00
435,5,2023-10-01 12:52:00
220,6,2023-10-01 12:53:00
318,7,2023-10-01 12:54:00
476,8,2023-10-01 12:55:00
108,9,2023-10-01 12:56:00
434,10,2023-10-01 12:57:00
168,11,2023-10-01 12:58:00
301,12,2023-10-01 12:59:00
405,13,2023-10-01 13:00:00
298,14,2023-10-01 13:01:00
274,15,2023-10-01 13:02:00
177,16,2023-10-01 13:03:00
343,1,2023-10-01 13:04:00
312,2,2023-10-01 13:05:00
257,3,2023-10-01 13:06:00
437,4,2023-10-01 13:07:00
342,5,2023-10-01 13:08:00
371,6,2023-10-01 13:09:00
11,7,2023-10-01 13:10:00
308,8,2023-10-01 13:11:00
340,9,2023-10-01 13:12:00
35,10,2023-10-01 13:13:00
17,11,2023-10-01 13:14:00
440,12,2023-10-01 13:15:00
48,13,2023-10-01 13:16:00
247,14,2023-10-01 13:17:00
197,15,2023-10-01 13:18:00
68,16,2023-10-01 13:19:00
457,1,2023-10-01 13:20:00
84,2,2023-10-01 13:21:00
64,3,2023-10-01 13:22:00
117,4,2023-10-01 13:23:00
56,5,2023-10-01 13:24:00
27,6,2023-10-01 13:25:00
441,7,2023-10-01 13:26:00
367,8,2023-10-01 13:27:00
313,9,2023-10-01 13:28:00
417,10,2023-10-01 13:29:00
353,11,2023-10-01 13:30:00
195,12,2023-10-01 13:31:00
118,13,2023-10-01 13:32:00
14,14,2023-10-01 13:33:00
236,15,2023-10-01 13:34:00
399,16,2023-10-01 13:35:00
431,1,2023-10-01 13:36:00
481,2,2023-10-01 13:37:00
67,3,2023-10-01 13:38:00
88,4,2023-10-01 13:39:00
71,5,2023-10-01 13:40:00
105,6,2023-10-01 13:41:00
110,7,2023-10-01 13:42:00
60,8,2023-10-01 13:43:00
491,9,2023-10-01 13:44:00
296,10,2023-10-01 13:45:00
361,11,2023-10-01 13:46:00
377,12,2023-10-01 13:47:00
145,13,2023-10-01 13:48:00
18,14,2023-10-01 13:49:00
283,15,2023-10-01 13:50:00
172,16,2023-10-01 13:51:00
26,1,2023-10-01 13:52:00
279,2,2023-10-01 13:53:00
346,3,2023-10-01 13:54:00
231,4,2023-10-01 13:55:00
242,5,2023-10-01 13:56:00
365,6,2023-10-01 13:57:00
153,7,2023-10-01 13:58:00
418,8,2023-10-01 13:59:00
474,9,2023-10-01 14:00:00
178,10,2023-10-01 14:01:00
373,11,2023-10-01 14:02:00
480,12,2023-10-01 14:03:00
311,13,2023-10-01 14:04:00
448,14,2023-10-01 14:05:00
80,15,2023-10-01 14:06:00
427,16,2023-10-01 14:07:00
81,1,2023-10-01 14:08:00
273,2,2023-10-01 14:09:00
429,3,2023-10-01 14:10:00
154,4,2023-10-01 14:11:00
249,5,2023-10-01 14:12:00
259,6,2023-10-01 14:13:00
9,7,2023-10-01 14:14:00
243,8,2023-10-01 14:15:00
467,9,2023-10-01 14:16:00
293,10,2023-10-01 14:17:00
435,11,2023-10-01 14:18:00
220,12,2023-10-01 14:19:00
318,13,2023-10-01 14:20:00
476,14,2023-10-01 14:21:00
108,15,2023-10-01 14:22:00
434,16,2023-10-01 14:23:00
168,1,2023-10-01 14:24:00
301,2,2023-10-01 14:25:00
106,1,2023-10-01 12:00:00
450,2,2023-10-01 12:01:00
17,3,2023-10-01 12:02:00
23,4,2023-10-01 12:03:00
53,5,2023-10-01 12:04:00
113,6,2023-10-01 12:05:00
148,7,2023-10-01 12:06:00
237,8,2023-10-01 12:07:00
131,9,2023-10-01 12:08:00
460,10,2023-10-01 12:09:00
166,11,2023-10-01 12:10:00
280,12,2023-10-01 12:11:00
475,13,2023-10-01 12:12:00
480,14,2023-10-01 12:13:00
61,15,2023-10-01 12:14:00
218,16,2023-10-01 12:15:00
37,1,2023-10-01 12:16:00
33,2,2023-10-01 12:17:00
444,3,2023-10-01 12:18:00
249,4,2023-10-01 12:19:00
259,5,2023-10-01 12:20:00
291,6,2023-10-01 12:21:00
453,7,2023-10-01 12:22:00
285,8,2023-10-01 12:23:00
384,9,2023-10-01 12:24:00
