movie_id,designation,summary,issued_year,locale_id,source_locale_id,loan_period,loan_fee,runtime,replace_cost,certificate,modified_on,extra_options
1,Movie Title 1,Summary of movie 1,2006,1,2,5,2.99,120,19.99,PG,2023-10-01 12:00:00,Special features 1
2,Movie Title 2,Summary of movie 2,2006,2,3,7,4.99,90,24.99,R,2023-10-02 12:00:00,Special features 2
3,Movie Title 3,Summary of movie 3,2006,3,4,3,0.99,110,14.99,PG-13,2023-10-03 12:00:00,Special features 3
4,Movie Title 4,Summary of movie 4,2006,4,5,6,2.99,95,19.99,G,2023-10-04 12:00:00,Special features 4
5,Movie Title 5,Summary of movie 5,2006,5,6,4,4.99,130,29.99,NC-17,2023-10-05 12:00:00,Special features 5
6,Movie Title 6,Summary of movie 6,2006,6,1,5,0.99,100,9.99,PG,2023-10-06 12:00:00,Special features 6
7,Movie Title 7,Summary of movie 7,2006,1,2,7,2.99,105,19.99,R,2023-10-07 12:00:00,Special features 7
8,Movie Title 8,Summary of movie 8,2006,2,3,3,4.99,115,24.99,PG-13,2023-10-08 12:00:00,Special features 8
9,Movie Title 9,Summary of movie 9,2006,3,4,6,0.99,125,14.99,G,2023-10-09 12:00:00,Special features 9
10,Movie Title 10,Summary of movie 10,2006,4,5,4,2.99,135,29.99,NC-17,2023-10-10 12:00:00,Special features 10
11,Movie Title 11,Summary of movie 11,2006,5,6,5,4.99,140,19.99,PG,2023-10-11 12:00:00,Special features 11
12,Movie Title 12,Summary of movie 12,2006,6,1,7,0.99,150,9.99,R,2023-10-12 12:00:00,Special features 12
13,Movie Title 13,Summary of movie 13,2006,1,2,3,2.99,160,24.99,PG-13,2023-10-13 12:00:00,Special features 13
14,Movie Title 14,Summary of movie 14,2006,2,3,6,4.99,170,14.99,G,2023-10-14 12:00:00,Special features 14
15,Movie Title 15,Summary of movie 15,2006,3,4,4,0.99,180,29.99,NC-17,2023-10-15 12:00:00,Special features 15
16,Movie Title 16,Summary of movie 16,2006,4,5,5,2.99,190,19.99,PG,2023-10-16 12:00:00,Special features 16
17,Movie Title 17,Summary of movie 17,2006,5,6,7,4.99,200,9.99,R,2023-10-17 12:00:00,Special features 17
18,Movie Title 18,Summary of movie 18,2006,6,1,3,0.99,210,24.99,PG-13,2023-10-18 12:00:00,Special features 18
19,Movie Title 19,Summary of movie 19,2006,1,2,6,2.99,220,14.99,G,2023-10-19 12:00:00,Special features 19
20,Movie Title 20,Summary of movie 20,2006,2,3,4,4.99,230,29.99,NC-17,2023-10-20 12:00:00,Special features 20
21,Movie Title 21,Summary of movie 21,2006,3,4,5,0.99,240,19.99,PG,2023-10-21 12:00:00,Special features 21
22,Movie Title 22,Summary of movie 22,2006,4,5,7,2.99,250,9.99,R,2023-10-22 12:00:00,Special features 22
23,Movie Title 23,Summary of movie 23,2006,5,6,3,4.99,260,24.99,PG-13,2023-10-23 12:00:00,Special features 23
24,Movie Title 24,Summary of movie 24,2006,6,1,6,0.99,270,14.99,G,2023-10-24 12:00:00,Special features 24
25,Movie Title 25,Summary of movie 25,2006,1,2,4,2.99,280,29.99,NC-17,2023-10-25 12:00:00,Special features 25
26,Movie Title 26,Summary of movie 26,2006,2,3,5,4.99,290,19.99,PG,2023-10-26 12:00:00,Special features 26
27,Movie Title 27,Summary of movie 27,2006,3,4,7,0.99,300,9.99,R,2023-10-27 12:00:00,Special features 27
28,Movie Title 28,Summary of movie 28,2006,4,5,3,2.99,310,24.99,PG-13,2023-10-28 12:00:00,Special features 28
29,Movie Title 29,Summary of movie 29,2006,5,6,6,4.99,320,14.99,G,2023-10-29 12:00:00,Special features 29
30,Movie Title 30,Summary of movie 30,2006,6,1,4,0.99,330,29.99,NC-17,2023-10-30 12:00:00,Special features 30
31,Movie Title 31,Summary of movie 31,2006,1,2,5,2.99,340,19.99,PG,2023-10-31 12:00:00,Special features 31
32,Movie Title 32,Summary of movie 32,2006,2,3,7,4.99,350,9.99,R,2023-11-01 12:00:00,Special features 32
33,Movie Title 33,Summary of movie 33,2006,3,4,3,0.99,360,24.99,PG-13,2023-11-02 12:00:00,Special features 33
34,Movie Title 34,Summary of movie 34,2006,4,5,6,2.99,370,14.99,G,2023-11-03 12:00:00,Special features 34
35,Movie Title 35,Summary of movie 35,2006,5,6,4,4.99,380,29.99,NC-17,2023-11-04 12:00:00,Special features 35
36,Movie Title 36,Summary of movie 36,2006,6,1,5,0.99,390,19.99,PG,2023-11-05 12:00:00,Special features 36
37,Movie Title 37,Summary of movie 37,2006,1,2,7,2.99,400,9.99,R,2023-11-06 12:00:00,Special features 37
38,Movie Title 38,Summary of movie 38,2006,2,3,3,4.99,410,24.99,PG-13,2023-11-07 12:00:00,Special features 38
39,Movie Title 39,Summary of movie 39,2006,3,4,6,0.99,420,14.99,G,2023-11-08 12:00:00,Special features 39
40,Movie Title 40,Summary of movie 40,2006,4,5,4,2.99,430,29.99,NC-17,2023-11-09 12:00:00,Special features 40
41,Movie Title 41,Summary of movie 41,2006,5,6,5,4.99,440,19.99,PG,2023-11-10 12:00:00,Special features 41
42,Movie Title 42,Summary of movie 42,2006,6,1,7,0.99,450,9.99,R,2023-11-11 12:00:00,Special features 42
43,Movie Title 43,Summary of movie 43,2006,1,2,3,2.99,460,24.99,PG-13,2023-11-12 12:00:00,Special features 43
44,Movie Title 44,Summary of movie 44,2006,2,3,6,4.99,470,14.99,G,2023-11-13 12:00:00,Special features 44
45,Movie Title 45,Summary of movie 45,2006,3,4,4,0.99,480,29.99,NC-17,2023-11-14 12:00:00,Special features 45
46,Movie Title 46,Summary of movie 46,2006,4,5,5,2.99,490,19.99,PG,2023-11-15 12:00:00,Special features 46
47,Movie Title 47,Summary of movie 47,2006,5,6,7,4.99,500,9.99,R,2023-11-16 12:00:00,Special features 47
48,Movie Title 48,Summary of movie 48,2006,6,1,3,0.99,510,24.99,PG-13,2023-11-17 12:00:00,Special features 48
49,Movie Title 49,Summary of movie 49,2006,1,2,6,2.99,520,14.99,G,2023-11-18 12:00:00,Special features 49
50,Movie Title 50,Summary of movie 50,2006,2,3,4,4.99,530,29.99,NC-17,2023-11-19 12:00:00,Special features 50
51,Movie Title 51,Summary of movie 51,2006,3,4,5,0.99,540,19.99,PG,2023-11-20 12:00:00,Special features 51
52,Movie Title 52,Summary of movie 52,2006,4,5,7,2.99,550,9.99,R,2023-11-21 12:00:00,Special features 52
53,Movie Title 53,Summary of movie 53,2006,5,6,3,4.99,560,24.99,PG-13,2023-11-22 12:00:00,Special features 53
54,Movie Title 54,Summary of movie 54,2006,6,1,6,0.99,570,14.99,G,2023-11-23 12:00:00,Special features 54
55,Movie Title 55,Summary of movie 55,2006,1,2,4,2.99,580,29.99,NC-17,2023-11-24 12:00:00,Special features 55
56,Movie Title 56,Summary of movie 56,2006,2,3,5,4.99,590,19.99,PG,2023-11-25 12:00:00,Special features 56
57,Movie Title 57,Summary of movie 57,2006,3,4,7,0.99,600,9.99,R,2023-11-26 12:00:00,Special features 57
58,Movie Title 58,Summary of movie 58,2006,4,5,3,2.99,610,24.99,PG-13,2023-11-27 12:00:00,Special features 58
59,Movie Title 59,Summary of movie 59,2006,5,6,6,4.99,620,14.99,G,2023-11-28 12:00:00,Special features 59
60,Movie Title 60,Summary of movie 60,2006,6,1,4,0.99,630,29.99,NC-17,2023-11-29 12:00:00,Special features 60
61,Movie Title 61,Summary of movie 61,2006,1,2,5,2.99,640,19.99,PG,2023-11-30 12:00:00,Special features 61
62,Movie Title 62,Summary of movie 62,2006,2,3,7,4.99,650,9.99,R,2023-12-01 12:00:00,Special features 62
63,Movie Title 63,Summary of movie 63,2006,3,4,3,0.99,660,24.99,PG-13,2023-12-02 12:00:00,Special features 63
64,Movie Title 64,Summary of movie 64,2006,4,5,6,2.99,670,14.99,G,2023-12-03 12:00:00,Special features 64
65,Movie Title 65,Summary of movie 65,2006,5,6,4,4.99,680,29.99,NC-17,2023-12-04 12:00:00,Special features 65
66,Movie Title 66,Summary of movie 66,2006,6,1,5,0.99,690,19.99,PG,2023-12-05 12:00:00,Special features 66
67,Movie Title 67,Summary of movie 67,2006,1,2,7,2.99,700,9.99,R,2023-12-06 12:00:00,Special features 67
68,Movie Title 68,Summary of movie 68,2006,2,3,3,4.99,710,24.99,PG-13,2023-12-07 12:00:00,Special features 68
69,Movie Title 69,Summary of movie 69,2006,3,4,6,0.99,720,14.99,G,2023-12-08 12:00:00,Special features 69
70,Movie Title 70,Summary of movie 70,2006,4,5,4,2.99,730,29.99,NC-17,2023-12-09 12:00:00,Special features 70
71,Movie Title 71,Summary of movie 71,2006,5,6,5,4.99,740,19.99,PG,2023-12-10 12:00:00,Special features 71
72,Movie Title 72,Summary of movie 72,2006,6,1,7,0.99,750,9.99,R,2023-12-11 12:00:00,Special features 72
73,Movie Title 73,Summary of movie 73,2006,1,2,3,2.99,760,24.99,PG-13,2023-12-12 12:00:00,Special features 73
74,Movie Title 74,Summary of movie 74,2006,2,3,6,4.99,770,14.99,G,2023-12-13 12:00:00,Special features 74
75,Movie Title 75,Summary of movie 75,2006,3,4,4,0.99,780,29.99,NC-17,2023-12-14 12:00:00,Special features 75
76,Movie Title 76,Summary of movie 76,2006,4,5,5,2.99,790,19.99,PG,2023-12-15 12:00:00,Special features 76
77,Movie Title 77,Summary of movie 77,2006,5,6,7,4.99,800,9.99,R,2023-12-16 12:00:00,Special features 77
78,Movie Title 78,Summary of movie 78,2006,6,1,3,0.99,810,24.99,PG-13,2023-12-17 12:00:00,Special features 78
79,Movie Title 79,Summary of movie 79,2006,1,2,6,2.99,820,14.99,G,2023-12-18 12:00:00,Special features 79
80,Movie Title 80,Summary of movie 80,2006,2,3,4,4.99,830,29.99,NC-17,2023-12-19 12:00:00,Special features 80
81,Movie Title 81,Summary of movie 81,2006,3,4,5,0.99,840,19.99,PG,2023-12-20 12:00:00,Special features 81
82,Movie Title 82,Summary of movie 82,2006,4,5,7,2.99,850,9.99,R,2023-12-21 12:00:00,Special features 82
83,Movie Title 83,Summary of movie 83,2006,5,6,3,4.99,860,24.99,PG-13,2023-12-22 12:00:00,Special features 83
84,Movie Title 84,Summary of movie 84,2006,6,1,6,0.99,870,14.99,G,2023-12-23 12:00:00,Special features 84
85,Movie Title 85,Summary of movie 85,2006,1,2,4,2.99,880,29.99,NC-17,2023-12-24 12:00:00,Special features 85
86,Movie Title 86,Summary of movie 86,2006,2,3,5,4.99,890,19.99,PG,2023-12-25 12:00:00,Special features 86
87,Movie Title 87,Summary of movie 87,2006,3,4,7,0.99,900,9.99,R,2023-12-26 12:00:00,Special features 87
88,Movie Title 88,Summary of movie 88,2006,4,5,3,2.99,910,24.99,PG-13,2023-12-27 12:00:00,Special features 88
89,Movie Title 89,Summary of movie 89,2006,5,6,6,4.99,920,14.99,G,2023-12-28 12:00:00,Special features 89
90,Movie Title 90,Summary of movie 90,2006,6,1,4,0.99,930,29.99,NC-17,2023-12-29 12:00:00,Special features 90
91,Movie Title 91,Summary of movie 91,2006,1,2,5,2.99,940,19.99,PG,2023-12-30 12:00:00,Special features 91
92,Movie Title 92,Summary of movie 92,2006,2,3,7,4.99,950,9.99,R,2023-12-31 12:00:00,Special features 92
93,Movie Title 93,Summary of movie 93,2006,3,4,3,0.99,960,24.99,PG-13,2024-01-01 12:00:00,Special features 93
94,Movie Title 94,Summary of movie 94,2006,4,5,6,2.99,970,14.99,G,2024-01-02 12:00:00,Special features 94
95,Movie Title 95,Summary of movie 95,2006,5,6,4,4.99,980,29.99,NC-17,2024-01-03 12:00:00,Special features 95
96,Movie Title 96,Summary of movie 96,2006,6,1,5,0.99,990,19.99,PG,2024-01-04 12:00:00,Special features 96
97,Movie Title 97,Summary of movie 97,2006,1,2,7,2.99,1000,9.99,R,2024-01-05 12:00:00,Special features 97
98,Movie Title 98,Summary of movie 98,2006,2,3,3,4.99,1010,24.99,PG-13,2024-01-06 12:00:00,Special features 98
99,Movie Title 99,Summary of movie 99,2006,3,4,6,0.99,1020,14.99,G,2024-01-07 12:00:00,Special features 99
100,Movie Title 100,Summary of movie 100,2006,4,5,4,2.99,1030,29.99,NC-17,2024-01-08 12:00:00,Special features 100
101,Movie Title 101,Summary of movie 101,2006,5,6,5,4.99,1040,19.99,PG,2024-01-09 12:00:00,Special features 101
102,Movie Title 102,Summary of movie 102,2006,6,1,7,0.99,1050,9.99,R,2024-01-10 12:00:00,Special features 102
103,Movie Title 103,Summary of movie 103,2006,1,2,3,2.99,1060,24.99,PG-13,2024-01-11 12:00:00,Special features 103
104,Movie Title 104,Summary of movie 104,2006,2,3,6,4.99,1070,14.99,G,2024-01-12 12:00:00,Special features 104
105,Movie Title 105,Summary of movie 105,2006,3,4,4,0.99,1080,29.99,NC-17,2024-01-13 12:00:00,Special features 105
106,Movie Title 106,Summary of movie 106,2006,4,5,5,2.99,1090,19.99,PG,2024-01-14 12:00:00,Special features 106
107,Movie Title 107,Summary of movie 107,2006,5,6,7,4.99,1100,9.99,R,2024-01-15 12:00:00,Special features 107
108,Movie Title 108,Summary of movie 108,2006,6,1,3,0.99,1110,24.99,PG-13,2024-01-16 12:00:00,Special features 108
109,Movie Title 109,Summary of movie 109,2006,1,2,6,2.99,1120,14.99,G,2024-01-17 12:00:00,Special features 109
110,Movie Title 110,Summary of movie 110,2006,2,3,4,4.99,1130,29.99,NC-17,2024-01-18 12:00:00,Special features 110
111,Movie Title 111,Summary of movie 111,2006,3,4,5,0.99,1140,19.99,PG,2024-01-19 12:00:00,Special features 111
112,Movie Title 112,Summary of movie 112,2006,4,5,7,2.99,1150,9.99,R,2024-01-20 12:00:00,Special features 112
113,Movie Title 113,Summary of movie 113,2006,5,6,3,4.99,1160,24.99,PG-13,2024-01-21 12:00:00,Special features 113
114,Movie Title 114,Summary of movie 114,2006,6,1,6,0.99,1170,14.99,G,2024-01-22 12:00:00,Special features 114
115,Movie Title 115,Summary of movie 115,2006,1,2,4,2.99,1180,29.99,NC-17,2024-01-23 12:00:00,Special features 115
116,Movie Title 116,Summary of movie 116,2006,2,3,5,4.99,1190,19.99,PG,2024-01-24 12:00:00,Special features 116
117,Movie Title 117,Summary of movie 117,2006,3,4,7,0.99,1200,9.99,R,2024-01-25 12:00:00,Special features 117
118,Movie Title 118,Summary of movie 118,2006,4,5,3,2.99,1210,24.99,PG-13,2024-01-26 12:00:00,Special features 118
119,Movie Title 119,Summary of movie 119,2006,5,6,6,4.99,1220,14.99,G,2024-01-27 12:00:00,Special features 119
120,Movie Title 120,Summary of movie 120,2006,6,1,4,0.99,1230,29.99,NC-17,2024-01-28 12:00:00,Special features 120
121,Movie Title 121,Summary of movie 121,2006,1,2,5,2.99,1240,19.99,PG,2024-01-29 12:00:00,Special features 121
122,Movie Title 122,Summary of movie 122,2006,2,3,7,4.99,1250,9.99,R,2024-01-30 12:00:00,Special features 122
123,Movie Title 123,Summary of movie 123,2006,3,4,3,0.99,1260,24.99,PG-13,2024-01-31 12:00:00,Special features 123
124,Movie Title 124,Summary of movie 124,2006,4,5,6,2.99,1270,14.99,G,2024-02-01 12:00:00,Special features 124
125,Movie Title 125,Summary of movie 125,2006,5,6,4,4.99,1280,29.99,NC-17,2024-02-02 12:00:00,Special features 125
126,Movie Title 126,Summary of movie 126,2006,6,1,5,0.99,1290,19.99,PG,2024-02-03 12:00:00,Special features 126
127,Movie Title 127,Summary of movie 127,2006,1,2,7,2.99,1300,9.99,R,2024-02-04 12:00:00,Special features 127
128,Movie Title 128,Summary of movie 128,2006,2,3,3,4.99,1310,24.99,PG-13,2024-02-05 12:00:00,Special features 128
129,Movie Title 129,Summary of movie 129,2006,3,4,6,0.99,1320,14.99,G,2024-02-06 12:00:00,Special features 129
130,Movie Title 130,Summary of movie 130,2006,4,5,4,2.99,1330,29.99,NC-17,2024-02-07 12:00:00,Special features 130
131,Movie Title 131,Summary of movie 131,2006,5,6,5,4.99,1340,19.99,PG,2024-02-08 12:00:00,Special features 131
132,Movie Title 132,Summary of movie 132,2006,6,1,7,0.99,1350,9.99,R,2024-02-09 12:00:00,Special features 132
133,Movie Title 133,Summary of movie 133,2006,1,2,3,2.99,1360,24.99,PG-13,2024-02-10 12:00:00,Special features 133
134,Movie Title 134,Summary of movie 134,2006,2,3,6,4.99,1370,14.99,G,2024-02-11 12:00:00,Special features 134
135,Movie Title 135,Summary of movie 135,2006,3,4,4,0.99,1380,29.99,NC-17,2024-02-12 12:00:00,Special features 135
136,Movie Title 136,Summary of movie 136,2006,4,5,5,2.99,1390,19.99,PG,2024-02-13 12:00:00,Special features 136
137,Movie Title 137,Summary of movie 137,2006,5,6,7,4.99,1400,9.99,R,2024-02-14 12:00:00,Special features 137
138,Movie Title 138,Summary of movie 138,2006,6,1,3,0.99,1410,24.99,PG-13,2024-02-15 12:00:00,Special features 138
139,Movie Title 139,Summary of movie 139,2006,1,2,6,2.99,1420,14.99,G,2024-02-16 12:00:00,Special features 139
140,Movie Title 140,Summary of movie 140,2006,2,3,4,4.99,1430,29.99,NC-17,2024-02-17 12:00:00,Special features 140
141,Movie Title 141,Summary of movie 141,2006,3,4,5,0.99,1440,19.99,PG,2024-02-18 12:00:00,Special features 141
142,Movie Title 142,Summary of movie 142,2006,4,5,7,2.99,1450,9.99,R,2024-02-19 12:00:00,Special features 142
143,Movie Title 143,Summary of movie 143,2006,5,6,3,4.99,1460,24.99,PG-13,2024-02-20 12:00:00,Special features 143
144,Movie Title 144,Summary of movie 144,2006,6,1,6,0.99,1470,14.99,G,2024-02-21 12:00:00,Special features 144
145,Movie Title 145,Summary of movie 145,2006,1,2,4,2.99,1480,29.99,NC-17,2024-02-22 12:00:00,Special features 145
146,Movie Title 146,Summary of movie 146,2006,2,3,5,4.99,1490,19.99,PG,2024-02-23 12:00:00,Special features 146
147,Movie Title 147,Summary of movie 147,2006,3,4,7,0.99,1500,9.99,R,2024-02-24 12:00:00,Special features 147
148,Movie Title 148,Summary of movie 148,2006,4,5,3,2.99,1510,24.99,PG-13,2024-02-25 12:00:00,Special features 148
149,Movie Title 149,Summary of movie 149,2006,5,6,6,4.99,1520,14.99,G,2024-02-26 12:00:00,Special features 149
150,Movie Title 150,Summary of movie 150,2006,6,1,4,0.99,1530,29.99,NC-17,2024-02-27 12:00:00,Special features 150
151,Movie Title 151,Summary of movie 151,2006,1,2,5,2.99,1540,19.99,PG,2024-02-28 12:00:00,Special features 151
152,Movie Title 152,Summary of movie 152,2006,2,3,7,4.99,1550,9.99,R,2024-02-29 12:00:00,Special features 152
153,Movie Title 153,Summary of movie 153,2006,3,4,3,0.99,1560,24.99,PG-13,2024-03-01 12:00:00,Special features 153
154,Movie Title 154,Summary of movie 154,2006,4,5,6,2.99,1570,14.99,G,2024-03-02 12:00:00,Special features 154
155,Movie Title 155,Summary of movie 155,2006,5,6,4,4.99,1580,29.99,NC-17,2024-03-03 12:00:00,Special features 155
156,Movie Title 156,Summary of movie 156,2006,6,1,5,0.99,1590,19.99,PG,2024-03-04 12:00:00,Special features 156
157,Movie Title 157,Summary of movie 157,2006,1,2,7,2.99,1600,9.99,R,2024-03-05 12:00:00,Special features 157
158,Movie Title 158,Summary of movie 158,2006,2,3,3,4.99,1610,24.99,PG-13,2024-03-06 12:00:00,Special features 158
159,Movie Title 159,Summary of movie 159,2006,3,4,6,0.99,1620,14.99,G,2024-03-07 12:00:00,Special features 159
160,Movie Title 160,Summary of movie 160,2006,4,5,4,2.99,1630,29.99,NC-17,2024-03-08 12:00:00,Special features 160
161,Movie Title 161,Summary of movie 161,2006,5,6,5,4.99,1640,19.99,PG,2024-03-09 12:00:00,Special features 161
162,Movie Title 162,Summary of movie 162,2006,6,1,7,0.99,1650,9.99,R,2024-03-10 12:00:00,Special features 162
163,Movie Title 163,Summary of movie 163,2006,1,2,3,2.99,1660,24.99,PG-13,2024-03-11 12:00:00,Special features 163
164,Movie Title 164,Summary of movie 164,2006,2,3,6,4.99,1670,14.99,G,2024-03-12 12:00:00,Special features 164
165,Movie Title 165,Summary of movie 165,2006,3,4,4,0.99,1680,29.99,NC-17,2024-03-13 12:00:00,Special features 165
166,Movie Title 166,Summary of movie 166,2006,4,5,5,2.99,1690,19.99,PG,2024-03-14 12:00:00,Special features 166
167,Movie Title 167,Summary of movie 167,2006,5,6,7,4.99,1700,9.99,R,2024-03-15 12:00:00,Special features 167
168,Movie Title 168,Summary of movie 168,2006,6,1,3,0.99,1710,24.99,PG-13,2024-03-16 12:00:00,Special features 168
169,Movie Title 169,Summary of movie 169,2006,1,2,6,2.99,1720,14.99,G,2024-03-17 12:00:00,Special features 169
170,Movie Title 170,Summary of movie 170,2006,2,3,4,4.99,1730,29.99,NC-17,2024-03-18 12:00:00,Special features 170
171,Movie Title 171,Summary of movie 171,2006,3,4,5,0.99,1740,19.99,PG,2024-03-19 12:00:00,Special features 171
172,Movie Title 172,Summary of movie 172,2006,4,5,7,2.99,1750,9.99,R,2024-03-20 12:00:00,Special features 172
173,Movie Title 173,Summary of movie 173,2006,5,6,3,4.99,1760,24.99,PG-13,2024-03-21 12:00:00,Special features 173
174,Movie Title 174,Summary of movie 174,2006,6,1,6,0.99,1770,14.99,G,2024-03-22 12:00:00,Special features 174
175,Movie Title 175,Summary of movie 175,2006,1,2,4,2.99,1780,29.99,NC-17,2024-03-23 12:00:00,Special features 175
176,Movie Title 176,Summary of movie 176,2006,2,3,5,4.99,1790,19.99,PG,2024-03-24 12:00:00,Special features 176
177,Movie Title 177,Summary of movie 177,2006,3,4,7,0.99,1800,9.99,R,2024-03-25 12:00:00,Special features 177
178,Movie Title 178,Summary of movie 178,2006,4,5,3,2.99,1810,24.99,PG-13,2024-03-26 12:00:00,Special features 178
179,Movie Title 179,Summary of movie 179,2006,5,6,6,4.99,1820,14.99,G,2024-03-27 12:00:00,Special features 179
180,Movie Title 180,Summary of movie 180,2006,6,1,4,0.99,1830,29.99,NC-17,2024-03-28 12:00:00,Special features 180
181,Movie Title 181,Summary of movie 181,2006,1,2,5,2.99,1840,19.99,PG,2024-03-29 12:00:00,Special features 181
182,Movie Title 182,Summary of movie 182,2006,2,3,7,4.99,1850,9.99,R,2024-03-30 12:00:00,Special features 182
183,Movie Title 183,Summary of movie 183,2006,3,4,3,0.99,1860,24.99,PG-13,2024-03-31 12:00:00,Special features 183
184,Movie Title 184,Summary of movie 184,2006,4,5,6,2.99,1870,14.99,G,2024-04-01 12:00:00,Special features 184
185,Movie Title 185,Summary of movie 185,2006,5,6,4,4.99,1880,29.99,NC-17,2024-04-02 12:00:00,Special features 185
186,Movie Title 186,Summary of movie 186,2006,6,1,5,0.99,1890,19.99,PG,2024-04-03 12:00:00,Special features 186
187,Movie Title 187,Summary of movie 187,2006,1,2,7,2.99,1900,9.99,R,2024-04-04 12:00:00,Special features 187
188,Movie Title 188,Summary of movie 188,2006,2,3,3,4.99,1910,24.99,PG-13,2024-04-05 12:00:00,Special features 188
189,Movie Title 189,Summary of movie 189,2006,3,4,6,0.99,1920,14.99,G,2024-04-06 12:00:00,Special features 189
190,Movie Title 190,Summary of movie 190,2006,4,5,4,2.99,1930,29.99,NC-17,2024-04-07 12:00:00,Special features 190
191,Movie Title 191,Summary of movie 191,2006,5,6,5,4.99,1940,19.99,PG,2024-04-08 12:00:00,Special features 191
192,Movie Title 192,Summary of movie 192,2006,6,1,7,0.99,1950,9.99,R,2024-04-09 12:00:00,Special features 192
193,Movie Title 193,Summary of movie 193,2006,1,2,3,2.99,1960,24.99,PG-13,2024-04-10 12:00:00,Special features 193
194,Movie Title 194,Summary of movie 194,2006,2,3,6,4.99,1970,14.99,G,2024-04-11 12:00:00,Special features 194
195,Movie Title 195,Summary of movie 195,2006,3,4,4,0.99,1980,29.99,NC-17,2024-04-12 12:00:00,Special features 195
196,Movie Title 196,Summary of movie 196,2006,4,5,5,2.99,1990,19.99,PG,2024-04-13 12:00:00,Special features 196
197,Movie Title 197,Summary of movie 197,2006,5,6,7,4.99,2000,9.99,R,2024-04-14 12:00:00,Special features 197
198,Movie Title 198,Summary of movie 198,2006,6,1,3,0.99,2010,24.99,PG-13,2024-04-15 12:00:00,Special features 198
199,Movie Title 199,Summary of movie 199,2006,1,2,6,2.99,2020,14.99,G,2024-04-16 12:00:00,Special features 199
200,Movie Title 200,Summary of movie 200,2006,2,3,4,4.99,2030,29.99,NC-17,2024-04-17 12:00:00,Special features 200
201,Movie Title 201,Summary of movie 201,2006,1,2,5,2.99,120,19.99,PG,2023-10-01 12:00:00,Special features 201
202,Movie Title 202,Summary of movie 202,2006,2,3,7,4.99,110,24.99,R,2023-10-02 12:00:00,Special features 202
203,Movie Title 203,Summary of movie 203,2006,3,4,3,0.99,95,14.99,PG-13,2023-10-03 12:00:00,Special features 203
204,Movie Title 204,Summary of movie 204,2006,4,5,6,2.99,130,29.99,NC-17,2023-10-04 12:00:00,Special features 204
205,Movie Title 205,Summary of movie 205,2006,5,6,4,4.99,100,19.99,G,2023-10-05 12:00:00,Special features 205
206,Movie Title 206,Summary of movie 206,2006,6,1,5,0.99,105,14.99,PG,2023-10-06 12:00:00,Special features 206
207,Movie Title 207,Summary of movie 207,2006,1,2,7,2.99,115,24.99,R,2023-10-07 12:00:00,Special features 207
208,Movie Title 208,Summary of movie 208,2006,2,3,3,4.99,125,29.99,PG-13,2023-10-08 12:00:00,Special features 208
209,Movie Title 209,Summary of movie 209,2006,3,4,6,0.99,135,19.99,NC-17,2023-10-09 12:00:00,Special features 209
210,Movie Title 210,Summary of movie 210,2006,4,5,4,2.99,140,14.99,G,2023-10-10 12:00:00,Special features 210
211,Movie Title 211,Summary of movie 211,2006,5,6,5,4.99,150,24.99,PG,2023-10-11 12:00:00,Special features 211
212,Movie Title 212,Summary of movie 212,2006,6,1,7,0.99,160,29.99,R,2023-10-12 12:00:00,Special features 212
213,Movie Title 213,Summary of movie 213,2006,1,2,3,2.99,170,19.99,PG-13,2023-10-13 12:00:00,Special features 213
214,Movie Title 214,Summary of movie 214,2006,2,3,6,4.99,180,14.99,NC-17,2023-10-14 12:00:00,Special features 214
215,Movie Title 215,Summary of movie 215,2006,3,4,4,0.99,190,24.99,G,2023-10-15 12:00:00,Special features 215
216,Movie Title 216,Summary of movie 216,2006,4,5,5,2.99,200,29.99,PG,2023-10-16 12:00:00,Special features 216
217,Movie Title 217,Summary of movie 217,2006,5,6,7,4.99,210,19.99,R,2023-10-17 12:00:00,Special features 217
218,Movie Title 218,Summary of movie 218,2006,6,1,3,0.99,220,14.99,PG-13,2023-10-18 12:00:00,Special features 218
219,Movie Title 219,Summary of movie 219,2006,1,2,6,2.99,230,24.99,NC-17,2023-10-19 12:00:00,Special features 219
220,Movie Title 220,Summary of movie 220,2006,2,3,4,4.99,240,29.99,G,2023-10-20 12:00:00,Special features 220
221,Movie Title 221,Summary of movie 221,2006,3,4,5,0.99,250,19.99,PG,2023-10-21 12:00:00,Special features 221
222,Movie Title 222,Summary of movie 222,2006,4,5,7,2.99,260,14.99,R,2023-10-22 12:00:00,Special features 222
223,Movie Title 223,Summary of movie 223,2006,5,6,3,4.99,270,24.99,PG-13,2023-10-23 12:00:00,Special features 223
224,Movie Title 224,Summary of movie 224,2006,6,1,6,0.99,280,29.99,NC-17,2023-10-24 12:00:00,Special features 224
225,Movie Title 225,Summary of movie 225,2006,1,2,4,2.99,290,19.99,G,2023-10-25 12:00:00,Special features 225
226,Movie Title 226,Summary of movie 226,2006,2,3,5,4.99,300,14.99,PG,2023-10-26 12:00:00,Special features 226
227,Movie Title 227,Summary of movie 227,2006,3,4,7,0.99,310,24.99,R,2023-10-27 12:00:00,Special features 227
228,Movie Title 228,Summary of movie 228,2006,4,5,3,2.99,320,29.99,PG-13,2023-10-28 12:00:00,Special features 228
229,Movie Title 229,Summary of movie 229,2006,5,6,6,4.99,330,19.99,NC-17,2023-10-29 12:00:00,Special features 229
230,Movie Title 230,Summary of movie 230,2006,6,1,4,0.99,340,14.99,G,2023-10-30 12:00:00,Special features 230
231,Movie Title 231,Summary of movie 231,2006,1,2,5,2.99,350,24.99,PG,2023-10-31 12:00:00,Special features 231
232,Movie Title 232,Summary of movie 232,2006,2,3,7,4.99,360,29.99,R,2023-11-01 12:00:00,Special features 232
233,Movie Title 233,Summary of movie 233,2006,3,4,3,0.99,370,19.99,PG-13,2023-11-02 12:00:00,Special features 233
234,Movie Title 234,Summary of movie 234,2006,4,5,6,2.99,380,14.99,NC-17,2023-11-03 12:00:00,Special features 234
235,Movie Title 235,Summary of movie 235,2006,5,6,4,4.99,390,24.99,G,2023-11-04 12:00:00,Special features 235
236,Movie Title 236,Summary of movie 236,2006,6,1,5,0.99,400,29.99,PG,2023-11-05 12:00:00,Special features 236
237,Movie Title 237,Summary of movie 237,2006,1,2,7,2.99,410,19.99,R,2023-11-06 12:00:00,Special features 237
238,Movie Title 238,Summary of movie 238,2006,2,3,3,4.99,420,14.99,PG-13,2023-11-07 12:00:00,Special features 238
239,Movie Title 239,Summary of movie 239,2006,3,4,6,0.99,430,24.99,NC-17,2023-11-08 12:00:00,Special features 239
240,Movie Title 240,Summary of movie 240,2006,4,5,4,2.99,440,29.99,G,2023-11-09 12:00:00,Special features 240
241,Movie Title 241,Summary of movie 241,2006,5,6,5,4.99,450,19.99,PG,2023-11-10 12:00:00,Special features 241
242,Movie Title 242,Summary of movie 242,2006,6,1,7,0.99,460,14.99,R,2023-11-11 12:00:00,Special features 242
243,Movie Title 243,Summary of movie 243,2006,1,2,3,2.99,470,24.99,PG-13,2023-11-12 12:00:00,Special features 243
244,Movie Title 244,Summary of movie 244,2006,2,3,6,4.99,480,29.99,NC-17,2023-11-13 12:00:00,Special features 244
245,Movie Title 245,Summary of movie 245,2006,3,4,4,0.99,490,19.99,G,2023-11-14 12:00:00,Special features 245
246,Movie Title 246,Summary of movie 246,2006,4,5,5,2.99,500,14.99,PG,2023-11-15 12:00:00,Special features 246
247,Movie Title 247,Summary of movie 247,2006,5,6,7,4.99,510,24.99,R,2023-11-16 12:00:00,Special features 247
248,Movie Title 248,Summary of movie 248,2006,6,1,3,0.99,520,29.99,PG-13,2023-11-17 12:00:00,Special features 248
249,Movie Title 249,Summary of movie 249,2006,1,2,6,2.99,530,19.99,NC-17,2023-11-18 12:00:00,Special features 249
250,Movie Title 250,Summary of movie 250,2006,2,3,4,4.99,540,14.99,G,2023-11-19 12:00:00,Special features 250
251,Movie Title 251,Summary of movie 251,2006,3,4,5,0.99,550,24.99,PG,2023-11-20 12:00:00,Special features 251
252,Movie Title 252,Summary of movie 252,2006,4,5,7,2.99,560,29.99,R,2023-11-21 12:00:00,Special features 252
253,Movie Title 253,Summary of movie 253,2006,5,6,3,4.99,570,19.99,PG-13,2023-11-22 12:00:00,Special features 253
254,Movie Title 254,Summary of movie 254,2006,6,1,6,0.99,580,14.99,NC-17,2023-11-23 12:00:00,Special features 254
255,Movie Title 255,Summary of movie 255,2006,1,2,4,2.99,590,24.99,G,2023-11-24 12:00:00,Special features 255
256,Movie Title 256,Summary of movie 256,2006,2,3,5,4.99,600,29.99,PG,2023-11-25 12:00:00,Special features 256
257,Movie Title 257,Summary of movie 257,2006,3,4,7,0.99,610,19.99,R,2023-11-26 12:00:00,Special features 257
258,Movie Title 258,Summary of movie 258,2006,4,5,3,2.99,620,14.99,PG-13,2023-11-27 12:00:00,Special features 258
259,Movie Title 259,Summary of movie 259,2006,5,6,6,4.99,630,24.99,NC-17,2023-11-28 12:00:00,Special features 259
260,Movie Title 260,Summary of movie 260,2006,6,1,4,0.99,640,29.99,G,2023-11-29 12:00:00,Special features 260
261,Movie Title 261,Summary of movie 261,2006,1,2,5,2.99,650,19.99,PG,2023-11-30 12:00:00,Special features 261
262,Movie Title 262,Summary of movie 262,2006,2,3,7,4.99,660,14.99,R,2023-12-01 12:00:00,Special features 262
263,Movie Title 263,Summary of movie 263,2006,3,4,3,0.99,670,24.99,PG-13,2023-12-02 12:00:00,Special features 263
264,Movie Title 264,Summary of movie 264,2006,4,5,6,2.99,680,29.99,NC-17,2023-12-03 12:00:00,Special features 264
265,Movie Title 265,Summary of movie 265,2006,5,6,4,4.99,690,19.99,G,2023-12-04 12:00:00,Special features 265
266,Movie Title 266,Summary of movie 266,2006,6,1,5,0.99,700,14.99,PG,2023-12-05 12:00:00,Special features 266
267,Movie Title 267,Summary of movie 267,2006,1,2,7,2.99,710,24.99,R,2023-12-06 12:00:00,Special features 267
268,Movie Title 268,Summary of movie 268,2006,2,3,3,4.99,720,29.99,PG-13,2023-12-07 12:00:00,Special features 268
269,Movie Title 269,Summary of movie 269,2006,3,4,6,0.99,730,19.99,NC-17,2023-12-08 12:00:00,Special features 269
270,Movie Title 270,Summary of movie 270,2006,4,5,4,2.99,740,14.99,G,2023-12-09 12:00:00,Special features 270
271,Movie Title 271,Summary of movie 271,2006,5,6,5,4.99,750,24.99,PG,2023-12-10 12:00:00,Special features 271
272,Movie Title 272,Summary of movie 272,2006,6,1,7,0.99,760,29.99,R,2023-12-11 12:00:00,Special features 272
273,Movie Title 273,Summary of movie 273,2006,1,2,3,2.99,770,19.99,PG-13,2023-12-12 12:00:00,Special features 273
274,Movie Title 274,Summary of movie 274,2006,2,3,6,4.99,780,14.99,NC-17,2023-12-13 12:00:00,Special features 274
275,Movie Title 275,Summary of movie 275,2006,3,4,4,0.99,790,24.99,G,2023-12-14 12:00:00,Special features 275
276,Movie Title 276,Summary of movie 276,2006,4,5,5,2.99,800,29.99,PG,2023-12-15 12:00:00,Special features 276
277,Movie Title 277,Summary of movie 277,2006,5,6,7,4.99,810,19.99,R,2023-12-16 12:00:00,Special features 277
278,Movie Title 278,Summary of movie 278,2006,6,1,3,0.99,820,14.99,PG-13,2023-12-17 12:00:00,Special features 278
279,Movie Title 279,Summary of movie 279,2006,1,2,6,2.99,830,24.99,NC-17,2023-12-18 12:00:00,Special features 279
280,Movie Title 280,Summary of movie 280,2006,2,3,4,4.99,840,29.99,G,2023-12-19 12:00:00,Special features 280
281,Movie Title 281,Summary of movie 281,2006,3,4,5,0.99,850,19.99,PG,2023-12-20 12:00:00,Special features 281
282,Movie Title 282,Summary of movie 282,2006,4,5,7,2.99,860,14.99,R,2023-12-21 12:00:00,Special features 282
283,Movie Title 283,Summary of movie 283,2006,5,6,3,4.99,870,24.99,PG-13,2023-12-22 12:00:00,Special features 283
284,Movie Title 284,Summary of movie 284,2006,6,1,6,0.99,880,29.99,NC-17,2023-12-23 12:00:00,Special features 284
285,Movie Title 285,Summary of movie 285,2006,1,2,4,2.99,890,19.99,G,2023-12-24 12:00:00,Special features 285
286,Movie Title 286,Summary of movie 286,2006,2,3,5,4.99,900,14.99,PG,2023-12-25 12:00:00,Special features 286
287,Movie Title 287,Summary of movie 287,2006,3,4,7,0.99,910,24.99,R,2023-12-26 12:00:00,Special features 287
288,Movie Title 288,Summary of movie 288,2006,4,5,3,2.99,920,29.99,PG-13,2023-12-27 12:00:00,Special features 288
289,Movie Title 289,Summary of movie 289,2006,5,6,6,4.99,930,19.99,NC-17,2023-12-28 12:00:00,Special features 289
290,Movie Title 290,Summary of movie 290,2006,6,1,4,0.99,940,14.99,G,2023-12-29 12:00:00,Special features 290
291,Movie Title 291,Summary of movie 291,2006,1,2,5,2.99,950,24.99,PG,2023-12-30 12:00:00,Special features 291
292,Movie Title 292,Summary of movie 292,2006,2,3,7,4.99,960,29.99,R,2023-12-31 12:00:00,Special features 292
293,Movie Title 293,Summary of movie 293,2006,3,4,3,0.99,970,19.99,PG-13,2024-01-01 12:00:00,Special features 293
294,Movie Title 294,Summary of movie 294,2006,4,5,6,2.99,980,14.99,NC-17,2024-01-02 12:00:00,Special features 294
295,Movie Title 295,Summary of movie 295,2006,5,6,4,4.99,990,24.99,G,2024-01-03 12:00:00,Special features 295
296,Movie Title 296,Summary of movie 296,2006,6,1,5,0.99,1000,29.99,PG,2024-01-04 12:00:00,Special features 296
297,Movie Title 297,Summary of movie 297,2006,1,2,7,2.99,1010,19.99,R,2024-01-05 12:00:00,Special features 297
298,Movie Title 298,Summary of movie 298,2006,2,3,3,4.99,1020,14.99,PG-13,2024-01-06 12:00:00,Special features 298
299,Movie Title 299,Summary of movie 299,2006,3,4,6,0.99,1030,24.99,NC-17,2024-01-07 12:00:00,Special features 299
300,Movie Title 300,Summary of movie 300,2006,4,5,4,2.99,1040,29.99,G,2024-01-08 12:00:00,Special features 300
301,Movie Title 301,Summary of movie 301,2006,1,2,5,2.99,120,19.99,PG,2023-10-01 12:00:00,Special features 301
302,Movie Title 302,Summary of movie 302,2006,2,3,7,4.99,110,24.99,R,2023-10-02 12:00:00,Special features 302
303,Movie Title 303,Summary of movie 303,2006,3,4,3,0.99,95,14.99,PG-13,2023-10-03 12:00:00,Special features 303
304,Movie Title 304,Summary of movie 304,2006,4,5,6,2.99,130,29.99,NC-17,2023-10-04 12:00:00,Special features 304
305,Movie Title 305,Summary of movie 305,2006,5,6,4,0.99,100,9.99,G,2023-10-05 12:00:00,Special features 305
306,Movie Title 306,Summary of movie 306,2006,6,1,5,4.99,105,19.99,PG,2023-10-06 12:00:00,Special features 306
307,Movie Title 307,Summary of movie 307,2006,1,2,7,2.99,115,24.99,R,2023-10-07 12:00:00,Special features 307
308,Movie Title 308,Summary of movie 308,2006,2,3,3,0.99,90,14.99,PG-13,2023-10-08 12:00:00,Special features 308
309,Movie Title 309,Summary of movie 309,2006,3,4,6,2.99,125,29.99,NC-17,2023-10-09 12:00:00,Special features 309
310,Movie Title 310,Summary of movie 310,2006,4,5,4,0.99,85,9.99,G,2023-10-10 12:00:00,Special features 310
311,Movie Title 311,Summary of movie 311,2006,5,6,5,4.99,95,19.99,PG,2023-10-11 12:00:00,Special features 311
312,Movie Title 312,Summary of movie 312,2006,6,1,7,2.99,105,24.99,R,2023-10-12 12:00:00,Special features 312
313,Movie Title 313,Summary of movie 313,2006,1,2,3,0.99,115,14.99,PG-13,2023-10-13 12:00:00,Special features 313
314,Movie Title 314,Summary of movie 314,2006,2,3,6,2.99,125,29.99,NC-17,2023-10-14 12:00:00,Special features 314
315,Movie Title 315,Summary of movie 315,2006,3,4,4,0.99,135,9.99,G,2023-10-15 12:00:00,Special features 315
316,Movie Title 316,Summary of movie 316,2006,4,5,5,4.99,145,19.99,PG,2023-10-16 12:00:00,Special features 316
317,Movie Title 317,Summary of movie 317,2006,5,6,7,2.99,155,24.99,R,2023-10-17 12:00:00,Special features 317
318,Movie Title 318,Summary of movie 318,2006,6,1,3,0.99,165,14.99,PG-13,2023-10-18 12:00:00,Special features 318
319,Movie Title 319,Summary of movie 319,2006,1,2,6,2.99,175,29.99,NC-17,2023-10-19 12:00:00,Special features 319
320,Movie Title 320,Summary of movie 320,2006,2,3,4,0.99,185,9.99,G,2023-10-20 12:00:00,Special features 320
321,Movie Title 321,Summary of movie 321,2006,3,4,5,4.99,195,19.99,PG,2023-10-21 12:00:00,Special features 321
322,Movie Title 322,Summary of movie 322,2006,4,5,7,2.99,205,24.99,R,2023-10-22 12:00:00,Special features 322
323,Movie Title 323,Summary of movie 323,2006,5,6,3,0.99,215,14.99,PG-13,2023-10-23 12:00:00,Special features 323
324,Movie Title 324,Summary of movie 324,2006,6,1,6,2.99,225,29.99,NC-17,2023-10-24 12:00:00,Special features 324
325,Movie Title 325,Summary of movie 325,2006,1,2,4,0.99,235,9.99,G,2023-10-25 12:00:00,Special features 325
326,Movie Title 326,Summary of movie 326,2006,2,3,5,4.99,245,19.99,PG,2023-10-26 12:00:00,Special features 326
327,Movie Title 327,Summary of movie 327,2006,3,4,7,2.99,255,24.99,R,2023-10-27 12:00:00,Special features 327
328,Movie Title 328,Summary of movie 328,2006,4,5,3,0.99,265,14.99,PG-13,2023-10-28 12:00:00,Special features 328
329,Movie Title 329,Summary of movie 329,2006,5,6,6,2.99,275,29.99,NC-17,2023-10-29 12:00:00,Special features 329
330,Movie Title 330,Summary of movie 330,2006,6,1,4,0.99,285,9.99,G,2023-10-30 12:00:00,Special features 330
331,Movie Title 331,Summary of movie 331,2006,1,2,5,4.99,295,19.99,PG,2023-10-31 12:00:00,Special features 331
332,Movie Title 332,Summary of movie 332,2006,2,3,7,2.99,305,24.99,R,2023-11-01 12:00:00,Special features 332
333,Movie Title 333,Summary of movie 333,2006,3,4,3,0.99,315,14.99,PG-13,2023-11-02 12:00:00,Special features 333
334,Movie Title 334,Summary of movie 334,2006,4,5,6,2.99,325,29.99,NC-17,2023-11-03 12:00:00,Special features 334
335,Movie Title 335,Summary of movie 335,2006,5,6,4,0.99,335,9.99,G,2023-11-04 12:00:00,Special features 335
336,Movie Title 336,Summary of movie 336,2006,6,1,5,4.99,345,19.99,PG,2023-11-05 12:00:00,Special features 336
337,Movie Title 337,Summary of movie 337,2006,1,2,7,2.99,355,24.99,R,2023-11-06 12:00:00,Special features 337
338,Movie Title 338,Summary of movie 338,2006,2,3,3,0.99,365,14.99,PG-13,2023-11-07 12:00:00,Special features 338
339,Movie Title 339,Summary of movie 339,2006,3,4,6,2.99,375,29.99,NC-17,2023-11-08 12:00:00,Special features 339
340,Movie Title 340,Summary of movie 340,2006,4,5,4,0.99,385,9.99,G,2023-11-09 12:00:00,Special features 340
341,Movie Title 341,Summary of movie 341,2006,5,6,5,4.99,395,19.99,PG,2023-11-10 12:00:00,Special features 341
342,Movie Title 342,Summary of movie 342,2006,6,1,7,2.99,405,24.99,R,2023-11-11 12:00:00,Special features 342
343,Movie Title 343,Summary of movie 343,2006,1,2,3,0.99,415,14.99,PG-13,2023-11-12 12:00:00,Special features 343
344,Movie Title 344,Summary of movie 344,2006,2,3,6,2.99,425,29.99,NC-17,2023-11-13 12:00:00,Special features 344
345,Movie Title 345,Summary of movie 345,2006,3,4,4,0.99,435,9.99,G,2023-11-14 12:00:00,Special features 345
346,Movie Title 346,Summary of movie 346,2006,4,5,5,4.99,445,19.99,PG,2023-11-15 12:00:00,Special features 346
347,Movie Title 347,Summary of movie 347,2006,5,6,7,2.99,455,24.99,R,2023-11-16 12:00:00,Special features 347
348,Movie Title 348,Summary of movie 348,2006,6,1,3,0.99,465,14.99,PG-13,2023-11-17 12:00:00,Special features 348
349,Movie Title 349,Summary of movie 349,2006,1,2,6,2.99,475,29.99,NC-17,2023-11-18 12:00:00,Special features 349
350,Movie Title 350,Summary of movie 350,2006,2,3,4,0.99,485,9.99,G,2023-11-19 12:00:00,Special features 350
351,Movie Title 351,Summary of movie 351,2006,3,4,5,4.99,495,19.99,PG,2023-11-20 12:00:00,Special features 351
352,Movie Title 352,Summary of movie 352,2006,4,5,7,2.99,505,24.99,R,2023-11-21 12:00:00,Special features 352
353,Movie Title 353,Summary of movie 353,2006,5,6,3,0.99,515,14.99,PG-13,2023-11-22 12:00:00,Special features 353
354,Movie Title 354,Summary of movie 354,2006,6,1,6,2.99,525,29.99,NC-17,2023-11-23 12:00:00,Special features 354
355,Movie Title 355,Summary of movie 355,2006,1,2,4,0.99,535,9.99,G,2023-11-24 12:00:00,Special features 355
356,Movie Title 356,Summary of movie 356,2006,2,3,5,4.99,545,19.99,PG,2023-11-25 12:00:00,Special features 356
357,Movie Title 357,Summary of movie 357,2006,3,4,7,2.99,555,24.99,R,2023-11-26 12:00:00,Special features 357
358,Movie Title 358,Summary of movie 358,2006,4,5,3,0.99,565,14.99,PG-13,2023-11-27 12:00:00,Special features 358
359,Movie Title 359,Summary of movie 359,2006,5,6,6,2.99,575,29.99,NC-17,2023-11-28 12:00:00,Special features 359
360,Movie Title 360,Summary of movie 360,2006,6,1,4,0.99,585,9.99,G,2023-11-29 12:00:00,Special features 360
361,Movie Title 361,Summary of movie 361,2006,1,2,5,4.99,595,19.99,PG,2023-11-30 12:00:00,Special features 361
362,Movie Title 362,Summary of movie 362,2006,2,3,7,2.99,605,24.99,R,2023-12-01 12:00:00,Special features 362
363,Movie Title 363,Summary of movie 363,2006,3,4,3,0.99,615,14.99,PG-13,2023-12-02 12:00:00,Special features 363
364,Movie Title 364,Summary of movie 364,2006,4,5,6,2.99,625,29.99,NC-17,2023-12-03 12:00:00,Special features 364
365,Movie Title 365,Summary of movie 365,2006,5,6,4,0.99,635,9.99,G,2023-12-04 12:00:00,Special features 365
366,Movie Title 366,Summary of movie 366,2006,6,1,5,4.99,645,19.99,PG,2023-12-05 12:00:00,Special features 366
367,Movie Title 367,Summary of movie 367,2006,1,2,7,2.99,655,24.99,R,2023-12-06 12:00:00,Special features 367
368,Movie Title 368,Summary of movie 368,2006,2,3,3,0.99,665,14.99,PG-13,2023-12-07 12:00:00,Special features 368
369,Movie Title 369,Summary of movie 369,2006,3,4,6,2.99,675,29.99,NC-17,2023-12-08 12:00:00,Special features 369
370,Movie Title 370,Summary of movie 370,2006,4,5,4,0.99,685,9.99,G,2023-12-09 12:00:00,Special features 370
371,Movie Title 371,Summary of movie 371,2006,5,6,5,4.99,695,19.99,PG,2023-12-10 12:00:00,Special features 371
372,Movie Title 372,Summary of movie 372,2006,6,1,7,2.99,705,24.99,R,2023-12-11 12:00:00,Special features 372
373,Movie Title 373,Summary of movie 373,2006,1,2,3,0.99,715,14.99,PG-13,2023-12-12 12:00:00,Special features 373
374,Movie Title 374,Summary of movie 374,2006,2,3,6,2.99,725,29.99,NC-17,2023-12-13 12:00:00,Special features 374
375,Movie Title 375,Summary of movie 375,2006,3,4,4,0.99,735,9.99,G,2023-12-14 12:00:00,Special features 375
376,Movie Title 376,Summary of movie 376,2006,4,5,5,4.99,745,19.99,PG,2023-12-15 12:00:00,Special features 376
377,Movie Title 377,Summary of movie 377,2006,5,6,7,2.99,755,24.99,R,2023-12-16 12:00:00,Special features 377
378,Movie Title 378,Summary of movie 378,2006,6,1,3,0.99,765,14.99,PG-13,2023-12-17 12:00:00,Special features 378
379,Movie Title 379,Summary of movie 379,2006,1,2,6,2.99,775,29.99,NC-17,2023-12-18 12:00:00,Special features 379
380,Movie Title 380,Summary of movie 380,2006,2,3,4,0.99,785,9.99,G,2023-12-19 12:00:00,Special features 380
381,Movie Title 381,Summary of movie 381,2006,3,4,5,4.99,795,19.99,PG,2023-12-20 12:00:00,Special features 381
382,Movie Title 382,Summary of movie 382,2006,4,5,7,2.99,805,24.99,R,2023-12-21 12:00:00,Special features 382
383,Movie Title 383,Summary of movie 383,2006,5,6,3,0.99,815,14.99,PG-13,2023-12-22 12:00:00,Special features 383
384,Movie Title 384,Summary of movie 384,2006,6,1,6,2.99,825,29.99,NC-17,2023-12-23 12:00:00,Special features 384
385,Movie Title 385,Summary of movie 385,2006,1,2,4,0.99,835,9.99,G,2023-12-24 12:00:00,Special features 385
386,Movie Title 386,Summary of movie 386,2006,2,3,5,4.99,845,19.99,PG,2023-12-25 12:00:00,Special features 386
387,Movie Title 387,Summary of movie 387,2006,3,4,7,2.99,855,24.99,R,2023-12-26 12:00:00,Special features 387
388,Movie Title 388,Summary of movie 388,2006,4,5,3,0.99,865,14.99,PG-13,2023-12-27 12:00:00,Special features 388
389,Movie Title 389,Summary of movie 389,2006,5,6,6,2.99,875,29.99,NC-17,2023-12-28 12:00:00,Special features 389
390,Movie Title 390,Summary of movie 390,2006,6,1,4,0.99,885,9.99,G,2023-12-29 12:00:00,Special features 390
391,Movie Title 391,Summary of movie 391,2006,1,2,5,4.99,895,19.99,PG,2023-12-30 12:00:00,Special features 391
392,Movie Title 392,Summary of movie 392,2006,2,3,7,2.99,905,24.99,R,2023-12-31 12:00:00,Special features 392
393,Movie Title 393,Summary of movie 393,2006,3,4,3,0.99,915,14.99,PG-13,2024-01-01 12:00:00,Special features 393
394,Movie Title 394,Summary of movie 394,2006,4,5,6,2.99,925,29.99,NC-17,2024-01-02 12:00:00,Special features 394
395,Movie Title 395,Summary of movie 395,2006,5,6,4,0.99,935,9.99,G,2024-01-03 12:00:00,Special features 395
396,Movie Title 396,Summary of movie 396,2006,6,1,5,4.99,945,19.99,PG,2024-01-04 12:00:00,Special features 396
397,Movie Title 397,Summary of movie 397,2006,1,2,7,2.99,955,24.99,R,2024-01-05 12:00:00,Special features 397
398,Movie Title 398,Summary of movie 398,2006,2,3,3,0.99,965,14.99,PG-13,2024-01-06 12:00:00,Special features 398
399,Movie Title 399,Summary of movie 399,2006,3,4,6,2.99,975,29.99,NC-17,2024-01-07 12:00:00,Special features 399
400,Movie Title 400,Summary of movie 400,2006,4,5,4,0.99,985,9.99,G,2024-01-08 12:00:00,Special features 400
401,Movie Title 401,Summary of movie 401,2006,1,2,5,2.99,120,19.99,PG,2023-10-01 12:00:00,Special features 401
402,Movie Title 402,Summary of movie 402,2006,2,3,7,4.99,110,24.99,R,2023-10-02 12:00:00,Special features 402
403,Movie Title 403,Summary of movie 403,2006,3,4,3,0.99,95,14.99,PG-13,2023-10-03 12:00:00,Special features 403
404,Movie Title 404,Summary of movie 404,2006,4,5,6,2.99,130,29.99,NC-17,2023-10-04 12:00:00,Special features 404
405,Movie Title 405,Summary of movie 405,2006,5,6,4,4.99,105,19.99,G,2023-10-05 12:00:00,Special features 405
406,Movie Title 406,Summary of movie 406,2006,6,1,5,0.99,115,24.99,PG,2023-10-06 12:00:00,Special features 406
407,Movie Title 407,Summary of movie 407,2006,1,2,7,2.99,125,29.99,R,2023-10-07 12:00:00,Special features 407
408,Movie Title 408,Summary of movie 408,2006,2,3,3,4.99,100,14.99,PG-13,2023-10-08 12:00:00,Special features 408
409,Movie Title 409,Summary of movie 409,2006,3,4,6,0.99,90,19.99,NC-17,2023-10-09 12:00:00,Special features 409
410,Movie Title 410,Summary of movie 410,2006,4,5,4,2.99,140,24.99,G,2023-10-10 12:00:00,Special features 410
411,Movie Title 411,Summary of movie 411,2006,5,6,5,4.99,110,29.99,PG,2023-10-11 12:00:00,Special features 411
412,Movie Title 412,Summary of movie 412,2006,6,1,7,0.99,120,14.99,R,2023-10-12 12:00:00,Special features 412
413,Movie Title 413,Summary of movie 413,2006,1,2,3,2.99,130,19.99,PG-13,2023-10-13 12:00:00,Special features 413
414,Movie Title 414,Summary of movie 414,2006,2,3,6,4.99,95,24.99,NC-17,2023-10-14 12:00:00,Special features 414
415,Movie Title 415,Summary of movie 415,2006,3,4,4,0.99,105,29.99,G,2023-10-15 12:00:00,Special features 415
416,Movie Title 416,Summary of movie 416,2006,4,5,5,2.99,115,14.99,PG,2023-10-16 12:00:00,Special features 416
417,Movie Title 417,Summary of movie 417,2006,5,6,7,4.99,125,19.99,R,2023-10-17 12:00:00,Special features 417
418,Movie Title 418,Summary of movie 418,2006,6,1,3,0.99,100,24.99,PG-13,2023-10-18 12:00:00,Special features 418
419,Movie Title 419,Summary of movie 419,2006,1,2,6,2.99,90,29.99,NC-17,2023-10-19 12:00:00,Special features 419
420,Movie Title 420,Summary of movie 420,2006,2,3,4,4.99,140,14.99,G,2023-10-20 12:00:00,Special features 420
421,Movie Title 421,Summary of movie 421,2006,3,4,5,0.99,110,19.99,PG,2023-10-21 12:00:00,Special features 421
422,Movie Title 422,Summary of movie 422,2006,4,5,7,2.99,120,24.99,R,2023-10-22 12:00:00,Special features 422
423,Movie Title 423,Summary of movie 423,2006,5,6,3,4.99,130,29.99,PG-13,2023-10-23 12:00:00,Special features 423
424,Movie Title 424,Summary of movie 424,2006,6,1,6,0.99,95,14.99,NC-17,2023-10-24 12:00:00,Special features 424
425,Movie Title 425,Summary of movie 425,2006,1,2,4,2.99,105,19.99,G,2023-10-25 12:00:00,Special features 425
426,Movie Title 426,Summary of movie 426,2006,2,3,5,4.99,115,24.99,PG,2023-10-26 12:00:00,Special features 426
427,Movie Title 427,Summary of movie 427,2006,3,4,7,0.99,125,29.99,R,2023-10-27 12:00:00,Special features 427
428,Movie Title 428,Summary of movie 428,2006,4,5,3,2.99,100,14.99,PG-13,2023-10-28 12:00:00,Special features 428
429,Movie Title 429,Summary of movie 429,2006,5,6,6,4.99,90,19.99,NC-17,2023-10-29 12:00:00,Special features 429
430,Movie Title 430,Summary of movie 430,2006,6,1,4,0.99,140,24.99,G,2023-10-30 12:00:00,Special features 430
431,Movie Title 431,Summary of movie 431,2006,1,2,5,2.99,110,29.99,PG,2023-10-31 12:00:00,Special features 431
432,Movie Title 432,Summary of movie 432,2006,2,3,7,4.99,120,14.99,R,2023-11-01 12:00:00,Special features 432
433,Movie Title 433,Summary of movie 433,2006,3,4,3,0.99,130,19.99,PG-13,2023-11-02 12:00:00,Special features 433
434,Movie Title 434,Summary of movie 434,2006,4,5,6,2.99,95,24.99,NC-17,2023-11-03 12:00:00,Special features 434
435,Movie Title 435,Summary of movie 435,2006,5,6,4,4.99,105,29.99,G,2023-11-04 12:00:00,Special features 435
436,Movie Title 436,Summary of movie 436,2006,6,1,5,0.99,115,14.99,PG,2023-11-05 12:00:00,Special features 436
437,Movie Title 437,Summary of movie 437,2006,1,2,7,2.99,125,19.99,R,2023-11-06 12:00:00,Special features 437
438,Movie Title 438,Summary of movie 438,2006,2,3,3,4.99,100,24.99,PG-13,2023-11-07 12:00:00,Special features 438
439,Movie Title 439,Summary of movie 439,2006,3,4,6,0.99,90,29.99,NC-17,2023-11-08 12:00:00,Special features 439
440,Movie Title 440,Summary of movie 440,2006,4,5,4,2.99,140,14.99,G,2023-11-09 12:00:00,Special features 440
441,Movie Title 441,Summary of movie 441,2006,5,6,5,4.99,110,19.99,PG,2023-11-10 12:00:00,Special features 441
442,Movie Title 442,Summary of movie 442,2006,6,1,7,0.99,120,24.99,R,2023-11-11 12:00:00,Special features 442
443,Movie Title 443,Summary of movie 443,2006,1,2,3,2.99,130,29.99,PG-13,2023-11-12 12:00:00,Special features 443
444,Movie Title 444,Summary of movie 444,2006,2,3,6,4.99,95,14.99,NC-17,2023-11-13 12:00:00,Special features 444
445,Movie Title 445,Summary of movie 445,2006,3,4,4,0.99,105,19.99,G,2023-11-14 12:00:00,Special features 445
446,Movie Title 446,Summary of movie 446,2006,4,5,5,2.99,115,24.99,PG,2023-11-15 12:00:00,Special features 446
447,Movie Title 447,Summary of movie 447,2006,5,6,7,4.99,125,29.99,R,2023-11-16 12:00:00,Special features 447
448,Movie Title 448,Summary of movie 448,2006,6,1,3,0.99,100,14.99,PG-13,2023-11-17 12:00:00,Special features 448
449,Movie Title 449,Summary of movie 449,2006,1,2,6,2.99,90,19.99,NC-17,2023-11-18 12:00:00,Special features 449
450,Movie Title 450,Summary of movie 450,2006,2,3,4,4.99,140,24.99,G,2023-11-19 12:00:00,Special features 450
451,Movie Title 451,Summary of movie 451,2006,3,4,5,0.99,110,29.99,PG,2023-11-20 12:00:00,Special features 451
452,Movie Title 452,Summary of movie 452,2006,4,5,7,2.99,120,14.99,R,2023-11-21 12:00:00,Special features 452
453,Movie Title 453,Summary of movie 453,2006,5,6,3,4.99,130,19.99,PG-13,2023-11-22 12:00:00,Special features 453
454,Movie Title 454,Summary of movie 454,2006,6,1,6,0.99,95,24.99,NC-17,2023-11-23 12:00:00,Special features 454
455,Movie Title 455,Summary of movie 455,2006,1,2,4,2.99,105,29.99,G,2023-11-24 12:00:00,Special features 455
456,Movie Title 456,Summary of movie 456,2006,2,3,5,4.99,115,14.99,PG,2023-11-25 12:00:00,Special features 456
457,Movie Title 457,Summary of movie 457,2006,3,4,7,0.99,125,19.99,R,2023-11-26 12:00:00,Special features 457
458,Movie Title 458,Summary of movie 458,2006,4,5,3,2.99,100,24.99,PG-13,2023-11-27 12:00:00,Special features 458
459,Movie Title 459,Summary of movie 459,2006,5,6,6,4.99,90,29.99,NC-17,2023-11-28 12:00:00,Special features 459
460,Movie Title 460,Summary of movie 460,2006,6,1,4,0.99,140,14.99,G,2023-11-29 12:00:00,Special features 460
461,Movie Title 461,Summary of movie 461,2006,1,2,5,2.99,110,19.99,PG,2023-11-30 12:00:00,Special features 461
462,Movie Title 462,Summary of movie 462,2006,2,3,7,4.99,120,24.99,R,2023-12-01 12:00:00,Special features 462
463,Movie Title 463,Summary of movie 463,2006,3,4,3,0.99,130,29.99,PG-13,2023-12-02 12:00:00,Special features 463
464,Movie Title 464,Summary of movie 464,2006,4,5,6,2.99,95,14.99,NC-17,2023-12-03 12:00:00,Special features 464
465,Movie Title 465,Summary of movie 465,2006,5,6,4,4.99,105,19.99,G,2023-12-04 12:00:00,Special features 465
466,Movie Title 466,Summary of movie 466,2006,6,1,5,0.99,115,24.99,PG,2023-12-05 12:00:00,Special features 466
467,Movie Title 467,Summary of movie 467,2006,1,2,7,2.99,125,29.99,R,2023-12-06 12:00:00,Special features 467
468,Movie Title 468,Summary of movie 468,2006,2,3,3,4.99,100,14.99,PG-13,2023-12-07 12:00:00,Special features 468
469,Movie Title 469,Summary of movie 469,2006,3,4,6,0.99,90,19.99,NC-17,2023-12-08 12:00:00,Special features 469
470,Movie Title 470,Summary of movie 470,2006,4,5,4,2.99,140,24.99,G,2023-12-09 12:00:00,Special features 470
471,Movie Title 471,Summary of movie 471,2006,5,6,5,4.99,110,29.99,PG,2023-12-10 12:00:00,Special features 471
472,Movie Title 472,Summary of movie 472,2006,6,1,7,0.99,120,14.99,R,2023-12-11 12:00:00,Special features 472
473,Movie Title 473,Summary of movie 473,2006,1,2,3,2.99,130,19.99,PG-13,2023-12-12 12:00:00,Special features 473
474,Movie Title 474,Summary of movie 474,2006,2,3,6,4.99,95,24.99,NC-17,2023-12-13 12:00:00,Special features 474
475,Movie Title 475,Summary of movie 475,2006,3,4,4,0.99,105,29.99,G,2023-12-14 12:00:00,Special features 475
476,Movie Title 476,Summary of movie 476,2006,4,5,5,2.99,115,14.99,PG,2023-12-15 12:00:00,Special features 476
477,Movie Title 477,Summary of movie 477,2006,5,6,7,4.99,125,19.99,R,2023-12-16 12:00:00,Special features 477
478,Movie Title 478,Summary of movie 478,2006,6,1,3,0.99,100,24.99,PG-13,2023-12-17 12:00:00,Special features 478
479,Movie Title 479,Summary of movie 479,2006,1,2,6,2.99,90,29.99,NC-17,2023-12-18 12:00:00,Special features 479
480,Movie Title 480,Summary of movie 480,2006,2,3,4,4.99,140,14.99,G,2023-12-19 12:00:00,Special features 480
481,Movie Title 481,Summary of movie 481,2006,3,4,5,0.99,110,19.99,PG,2023-12-20 12:00:00,Special features 481
482,Movie Title 482,Summary of movie 482,2006,4,5,7,2.99,120,24.99,R,2023-12-21 12:00:00,Special features 482
483,Movie Title 483,Summary of movie 483,2006,5,6,3,4.99,130,29.99,PG-13,2023-12-22 12:00:00,Special features 483
484,Movie Title 484,Summary of movie 484,2006,6,1,6,0.99,95,14.99,NC-17,2023-12-23 12:00:00,Special features 484
485,Movie Title 485,Summary of movie 485,2006,1,2,4,2.99,105,19.99,G,2023-12-24 12:00:00,Special features 485
486,Movie Title 486,Summary of movie 486,2006,2,3,5,4.99,115,24.99,PG,2023-12-25 12:00:00,Special features 486
487,Movie Title 487,Summary of movie 487,2006,3,4,7,0.99,125,29.99,R,2023-12-26 12:00:00,Special features 487
488,Movie Title 488,Summary of movie 488,2006,4,5,3,2.99,100,14.99,PG-13,2023-12-27 12:00:00,Special features 488
489,Movie Title 489,Summary of movie 489,2006,5,6,6,4.99,90,19.99,NC-17,2023-12-28 12:00:00,Special features 489
490,Movie Title 490,Summary of movie 490,2006,6,1,4,0.99,140,24.99,G,2023-12-29 12:00:00,Special features 490
491,Movie Title 491,Summary of movie 491,2006,1,2,5,2.99,110,29.99,PG,2023-12-30 12:00:00,Special features 491
492,Movie Title 492,Summary of movie 492,2006,2,3,7,4.99,120,14.99,R,2023-12-31 12:00:00,Special features 492
493,Movie Title 493,Summary of movie 493,2006,3,4,3,0.99,130,19.99,PG-13,2024-01-01 12:00:00,Special features 493
494,Movie Title 494,Summary of movie 494,2006,4,5,6,2.99,95,24.99,NC-17,2024-01-02 12:00:00,Special features 494
495,Movie Title 495,Summary of movie 495,2006,5,6,4,4.99,105,29.99,G,2024-01-03 12:00:00,Special features 495
496,Movie Title 496,Summary of movie 496,2006,6,1,5,0.99,115,14.99,PG,2024-01-04 12:00:00,Special features 496
497,Movie Title 497,Summary of movie 497,2006,1,2,7,2.99,125,19.99,R,2024-01-05 12:00:00,Special features 497
498,Movie Title 498,Summary of movie 498,2006,2,3,3,4.99,100,24.99,PG-13,2024-01-06 12:00:00,Special features 498
499,Movie Title 499,Summary of movie 499,2006,3,4,6,0.99,90,29.99,NC-17,2024-01-07 12:00:00,Special features 499
500,Movie Title 500,Summary of movie 500,2006,4,5,4,2.99,140,14.99,G,2024-01-08 12:00:00,Special features 500
